timestamp,model,provider,duration_seconds_sum_cumulative,request_count_cumulative
1788000000,glm-4.7-flash:q4_K_M,ollama,0.0000000,0
1788000060,glm-4.7-flash:q4_K_M,ollama,1.6499801,1
1788000120,glm-4.7-flash:q4_K_M,ollama,1.6499801,1
1788000180,glm-4.7-flash:q4_K_M,ollama,1.6499801,1
1788000240,glm-4.7-flash:q4_K_M,ollama,1.6499801,1
1788000300,glm-4.7-flash:q4_K_M,ollama,1.6499801,1
1788000360,glm-4.7-flash:q4_K_M,ollama,1.6499801,1
1788000420,glm-4.7-flash:q4_K_M,ollama,4.8799697,2
1788000480,glm-4.7-flash:q4_K_M,ollama,7.6292807,3
1788000540,glm-4.7-flash:q4_K_M,ollama,7.6292807,3
1788000600,glm-4.7-flash:q4_K_M,ollama,7.6292807,3
1788000660,glm-4.7-flash:q4_K_M,ollama,7.6292807,3
1788000720,glm-4.7-flash:q4_K_M,ollama,7.6292807,3
1788000780,glm-4.7-flash:q4_K_M,ollama,7.6292807,3
1788000840,glm-4.7-flash:q4_K_M,ollama,7.6292807,3
1788000900,glm-4.7-flash:q4_K_M,ollama,7.6292807,3
1788000960,glm-4.7-flash:q4_K_M,ollama,7.6292807,3
1788001020,glm-4.7-flash:q4_K_M,ollama,7.6292807,3
1788001080,glm-4.7-flash:q4_K_M,ollama,7.6292807,3
1788001140,glm-4.7-flash:q4_K_M,ollama,7.6292807,3
1788001200,glm-4.7-flash:q4_K_M,ollama,7.6292807,3
1788001260,glm-4.7-flash:q4_K_M,ollama,7.6292807,3
1788001320,glm-4.7-flash:q4_K_M,ollama,7.6292807,3
1788001380,glm-4.7-flash:q4_K_M,ollama,7.6292807,3
1788001440,glm-4.7-flash:q4_K_M,ollama,7.6292807,3
1788001500,glm-4.7-flash:q4_K_M,ollama,7.6292807,3
1788001560,glm-4.7-flash:q4_K_M,ollama,7.6292807,3
1788001620,glm-4.7-flash:q4_K_M,ollama,7.6292807,3
1788001680,glm-4.7-flash:q4_K_M,ollama,7.6292807,3
1788001740,glm-4.7-flash:q4_K_M,ollama,7.6292807,3
1788001800,glm-4.7-flash:q4_K_M,ollama,7.6292807,3
1788001860,glm-4.7-flash:q4_K_M,ollama,7.6292807,3
1788001920,glm-4.7-flash:q4_K_M,ollama,7.6292807,3
1788001980,glm-4.7-flash:q4_K_M,ollama,7.6292807,3
1788002040,glm-4.7-flash:q4_K_M,ollama,7.6292807,3
1788002100,glm-4.7-flash:q4_K_M,ollama,7.6292807,3
1788002160,glm-4.7-flash:q4_K_M,ollama,7.6292807,3
1788002220,glm-4.7-flash:q4_K_M,ollama,7.6292807,3
1788002280,glm-4.7-flash:q4_K_M,ollama,7.6292807,3
1788002340,glm-4.7-flash:q4_K_M,ollama,7.6292807,3
1788002400,glm-4.7-flash:q4_K_M,ollama,7.6292807,3
1788002460,glm-4.7-flash:q4_K_M,ollama,7.6292807,3
1788002520,glm-4.7-flash:q4_K_M,ollama,7.6292807,3
1788002580,glm-4.7-flash:q4_K_M,ollama,7.6292807,3
1788002640,glm-4.7-flash:q4_K_M,ollama,7.6292807,3
1788002700,glm-4.7-flash:q4_K_M,ollama,7.6292807,3
1788002760,glm-4.7-flash:q4_K_M,ollama,7.6292807,3
1788002820,glm-4.7-flash:q4_K_M,ollama,7.6292807,3
1788002880,glm-4.7-flash:q4_K_M,ollama,7.6292807,3
1788002940,glm-4.7-flash:q4_K_M,ollama,7.6292807,3
1788003000,glm-4.7-flash:q4_K_M,ollama,7.6292807,3
1788003060,glm-4.7-flash:q4_K_M,ollama,7.6292807,3
1788003120,glm-4.7-flash:q4_K_M,ollama,7.6292807,3
1788003180,glm-4.7-flash:q4_K_M,ollama,7.6292807,3
1788003240,glm-4.7-flash:q4_K_M,ollama,7.6292807,3
1788003300,glm-4.7-flash:q4_K_M,ollama,7.6292807,3
1788003360,glm-4.7-flash:q4_K_M,ollama,7.6292807,3
1788003420,glm-4.7-flash:q4_K_M,ollama,7.6292807,3
1788003480,glm-4.7-flash:q4_K_M,ollama,7.6292807,3
1788003540,glm-4.7-flash:q4_K_M,ollama,7.6292807,3
1788003600,glm-4.7-flash:q4_K_M,ollama,7.6292807,3
1788003660,glm-4.7-flash:q4_K_M,ollama,7.6292807,3
1788003720,glm-4.7-flash:q4_K_M,ollama,7.6292807,3
1788003780,glm-4.7-flash:q4_K_M,ollama,7.6292807,3
1788003840,glm-4.7-flash:q4_K_M,ollama,7.6292807,3
1788003900,glm-4.7-flash:q4_K_M,ollama,7.6292807,3
1788003960,glm-4.7-flash:q4_K_M,ollama,7.6292807,3
1788004020,glm-4.7-flash:q4_K_M,ollama,7.6292807,3
1788004080,glm-4.7-flash:q4_K_M,ollama,7.6292807,3
1788004140,glm-4.7-flash:q4_K_M,ollama,7.6292807,3
1788004200,glm-4.7-flash:q4_K_M,ollama,7.6292807,3
1788004260,glm-4.7-flash:q4_K_M,ollama,7.6292807,3
1788004320,glm-4.7-flash:q4_K_M,ollama,7.6292807,3
1788004380,glm-4.7-flash:q4_K_M,ollama,7.6292807,3
1788004440,glm-4.7-flash:q4_K_M,ollama,7.6292807,3
1788004500,glm-4.7-flash:q4_K_M,ollama,7.6292807,3
1788004560,glm-4.7-flash:q4_K_M,ollama,7.6292807,3
1788004620,glm-4.7-flash:q4_K_M,ollama,7.6292807,3
1788004680,glm-4.7-flash:q4_K_M,ollama,7.6292807,3
1788004740,glm-4.7-flash:q4_K_M,ollama,7.6292807,3
1788004800,glm-4.7-flash:q4_K_M,ollama,7.6292807,3
1788004860,glm-4.7-flash:q4_K_M,ollama,7.6292807,3
1788004920,glm-4.7-flash:q4_K_M,ollama,7.6292807,3
1788004980,glm-4.7-flash:q4_K_M,ollama,7.6292807,3
1788005040,glm-4.7-flash:q4_K_M,ollama,7.6292807,3
1788005100,glm-4.7-flash:q4_K_M,ollama,7.6292807,3
1788005160,glm-4.7-flash:q4_K_M,ollama,7.6292807,3
1788005220,glm-4.7-flash:q4_K_M,ollama,7.6292807,3
1788005280,glm-4.7-flash:q4_K_M,ollama,7.6292807,3
1788005340,glm-4.7-flash:q4_K_M,ollama,7.6292807,3
1788005400,glm-4.7-flash:q4_K_M,ollama,7.6292807,3
1788005460,glm-4.7-flash:q4_K_M,ollama,7.6292807,3
1788005520,glm-4.7-flash:q4_K_M,ollama,7.6292807,3
1788005580,glm-4.7-flash:q4_K_M,ollama,7.6292807,3
1788005640,glm-4.7-flash:q4_K_M,ollama,7.6292807,3
1788005700,glm-4.7-flash:q4_K_M,ollama,7.6292807,3
1788005760,glm-4.7-flash:q4_K_M,ollama,7.6292807,3
1788005820,glm-4.7-flash:q4_K_M,ollama,7.6292807,3
1788005880,glm-4.7-flash:q4_K_M,ollama,7.6292807,3
1788005940,glm-4.7-flash:q4_K_M,ollama,7.6292807,3
1788006000,glm-4.7-flash:q4_K_M,ollama,7.6292807,3
1788006060,glm-4.7-flash:q4_K_M,ollama,13.4718541,4
1788006120,glm-4.7-flash:q4_K_M,ollama,13.4718541,4
1788006180,glm-4.7-flash:q4_K_M,ollama,13.4718541,4
1788006240,glm-4.7-flash:q4_K_M,ollama,13.4718541,4
1788006300,glm-4.7-flash:q4_K_M,ollama,13.4718541,4
1788006360,glm-4.7-flash:q4_K_M,ollama,13.4718541,4
1788006420,glm-4.7-flash:q4_K_M,ollama,13.4718541,4
1788006480,glm-4.7-flash:q4_K_M,ollama,13.4718541,4
1788006540,glm-4.7-flash:q4_K_M,ollama,13.4718541,4
1788006600,glm-4.7-flash:q4_K_M,ollama,13.4718541,4
1788006660,glm-4.7-flash:q4_K_M,ollama,13.4718541,4
1788006720,glm-4.7-flash:q4_K_M,ollama,13.4718541,4
1788006780,glm-4.7-flash:q4_K_M,ollama,13.4718541,4
1788006840,glm-4.7-flash:q4_K_M,ollama,13.4718541,4
1788006900,glm-4.7-flash:q4_K_M,ollama,13.4718541,4
1788006960,glm-4.7-flash:q4_K_M,ollama,13.4718541,4
1788007020,glm-4.7-flash:q4_K_M,ollama,13.4718541,4
1788007080,glm-4.7-flash:q4_K_M,ollama,13.4718541,4
1788007140,glm-4.7-flash:q4_K_M,ollama,13.4718541,4
1788007200,glm-4.7-flash:q4_K_M,ollama,13.4718541,4
1788007260,glm-4.7-flash:q4_K_M,ollama,13.4718541,4
1788007320,glm-4.7-flash:q4_K_M,ollama,13.4718541,4
1788007380,glm-4.7-flash:q4_K_M,ollama,13.4718541,4
1788007440,glm-4.7-flash:q4_K_M,ollama,13.4718541,4
1788007500,glm-4.7-flash:q4_K_M,ollama,13.4718541,4
1788007560,glm-4.7-flash:q4_K_M,ollama,13.4718541,4
1788007620,glm-4.7-flash:q4_K_M,ollama,13.4718541,4
1788007680,glm-4.7-flash:q4_K_M,ollama,13.4718541,4
1788007740,glm-4.7-flash:q4_K_M,ollama,13.4718541,4
1788007800,glm-4.7-flash:q4_K_M,ollama,13.4718541,4
1788007860,glm-4.7-flash:q4_K_M,ollama,13.4718541,4
1788007920,glm-4.7-flash:q4_K_M,ollama,13.4718541,4
1788007980,glm-4.7-flash:q4_K_M,ollama,13.4718541,4
1788008040,glm-4.7-flash:q4_K_M,ollama,13.4718541,4
1788008100,glm-4.7-flash:q4_K_M,ollama,13.4718541,4
1788008160,glm-4.7-flash:q4_K_M,ollama,13.4718541,4
1788008220,glm-4.7-flash:q4_K_M,ollama,13.4718541,4
1788008280,glm-4.7-flash:q4_K_M,ollama,13.4718541,4
1788008340,glm-4.7-flash:q4_K_M,ollama,13.4718541,4
1788008400,glm-4.7-flash:q4_K_M,ollama,13.4718541,4
1788008460,glm-4.7-flash:q4_K_M,ollama,13.4718541,4
1788008520,glm-4.7-flash:q4_K_M,ollama,13.4718541,4
1788008580,glm-4.7-flash:q4_K_M,ollama,13.4718541,4
1788008640,glm-4.7-flash:q4_K_M,ollama,13.4718541,4
1788008700,glm-4.7-flash:q4_K_M,ollama,13.4718541,4
1788008760,glm-4.7-flash:q4_K_M,ollama,17.1671187,5
1788008820,glm-4.7-flash:q4_K_M,ollama,18.8491927,6
1788008880,glm-4.7-flash:q4_K_M,ollama,18.8491927,6
1788008940,glm-4.7-flash:q4_K_M,ollama,18.8491927,6
1788009000,glm-4.7-flash:q4_K_M,ollama,18.8491927,6
1788009060,glm-4.7-flash:q4_K_M,ollama,18.8491927,6
1788009120,glm-4.7-flash:q4_K_M,ollama,18.8491927,6
1788009180,glm-4.7-flash:q4_K_M,ollama,18.8491927,6
1788009240,glm-4.7-flash:q4_K_M,ollama,18.8491927,6
1788009300,glm-4.7-flash:q4_K_M,ollama,18.8491927,6
1788009360,glm-4.7-flash:q4_K_M,ollama,18.8491927,6
1788009420,glm-4.7-flash:q4_K_M,ollama,18.8491927,6
1788009480,glm-4.7-flash:q4_K_M,ollama,18.8491927,6
1788009540,glm-4.7-flash:q4_K_M,ollama,18.8491927,6
1788009600,glm-4.7-flash:q4_K_M,ollama,18.8491927,6
1788009660,glm-4.7-flash:q4_K_M,ollama,18.8491927,6
1788009720,glm-4.7-flash:q4_K_M,ollama,18.8491927,6
1788009780,glm-4.7-flash:q4_K_M,ollama,18.8491927,6
1788009840,glm-4.7-flash:q4_K_M,ollama,18.8491927,6
1788009900,glm-4.7-flash:q4_K_M,ollama,18.8491927,6
1788009960,glm-4.7-flash:q4_K_M,ollama,18.8491927,6
1788010020,glm-4.7-flash:q4_K_M,ollama,18.8491927,6
1788010080,glm-4.7-flash:q4_K_M,ollama,18.8491927,6
1788010140,glm-4.7-flash:q4_K_M,ollama,18.8491927,6
1788010200,glm-4.7-flash:q4_K_M,ollama,18.8491927,6
1788010260,glm-4.7-flash:q4_K_M,ollama,18.8491927,6
1788010320,glm-4.7-flash:q4_K_M,ollama,18.8491927,6
1788010380,glm-4.7-flash:q4_K_M,ollama,18.8491927,6
1788010440,glm-4.7-flash:q4_K_M,ollama,18.8491927,6
1788010500,glm-4.7-flash:q4_K_M,ollama,18.8491927,6
1788010560,glm-4.7-flash:q4_K_M,ollama,18.8491927,6
1788010620,glm-4.7-flash:q4_K_M,ollama,18.8491927,6
1788010680,glm-4.7-flash:q4_K_M,ollama,18.8491927,6
1788010740,glm-4.7-flash:q4_K_M,ollama,18.8491927,6
1788010800,glm-4.7-flash:q4_K_M,ollama,18.8491927,6
1788010860,glm-4.7-flash:q4_K_M,ollama,18.8491927,6
1788010920,glm-4.7-flash:q4_K_M,ollama,18.8491927,6
1788010980,glm-4.7-flash:q4_K_M,ollama,18.8491927,6
1788011040,glm-4.7-flash:q4_K_M,ollama,18.8491927,6
1788011100,glm-4.7-flash:q4_K_M,ollama,18.8491927,6
1788011160,glm-4.7-flash:q4_K_M,ollama,18.8491927,6
1788011220,glm-4.7-flash:q4_K_M,ollama,18.8491927,6
1788011280,glm-4.7-flash:q4_K_M,ollama,18.8491927,6
1788011340,glm-4.7-flash:q4_K_M,ollama,18.8491927,6
1788011400,glm-4.7-flash:q4_K_M,ollama,18.8491927,6
1788011460,glm-4.7-flash:q4_K_M,ollama,18.8491927,6
1788011520,glm-4.7-flash:q4_K_M,ollama,18.8491927,6
1788011580,glm-4.7-flash:q4_K_M,ollama,18.8491927,6
1788011640,glm-4.7-flash:q4_K_M,ollama,18.8491927,6
1788011700,glm-4.7-flash:q4_K_M,ollama,18.8491927,6
1788011760,glm-4.7-flash:q4_K_M,ollama,18.8491927,6
1788011820,glm-4.7-flash:q4_K_M,ollama,18.8491927,6
1788011880,glm-4.7-flash:q4_K_M,ollama,18.8491927,6
1788011940,glm-4.7-flash:q4_K_M,ollama,18.8491927,6
1788012000,glm-4.7-flash:q4_K_M,ollama,18.8491927,6
1788012060,glm-4.7-flash:q4_K_M,ollama,18.8491927,6
1788012120,glm-4.7-flash:q4_K_M,ollama,18.8491927,6
1788012180,glm-4.7-flash:q4_K_M,ollama,18.8491927,6
1788012240,glm-4.7-flash:q4_K_M,ollama,18.8491927,6
1788012300,glm-4.7-flash:q4_K_M,ollama,18.8491927,6
1788012360,glm-4.7-flash:q4_K_M,ollama,18.8491927,6
1788012420,glm-4.7-flash:q4_K_M,ollama,18.8491927,6
1788012480,glm-4.7-flash:q4_K_M,ollama,18.8491927,6
1788012540,glm-4.7-flash:q4_K_M,ollama,18.8491927,6
1788012600,glm-4.7-flash:q4_K_M,ollama,18.8491927,6
1788012660,glm-4.7-flash:q4_K_M,ollama,18.8491927,6
1788012720,glm-4.7-flash:q4_K_M,ollama,18.8491927,6
1788012780,glm-4.7-flash:q4_K_M,ollama,18.8491927,6
1788012840,glm-4.7-flash:q4_K_M,ollama,18.8491927,6
1788012900,glm-4.7-flash:q4_K_M,ollama,18.8491927,6
1788012960,glm-4.7-flash:q4_K_M,ollama,18.8491927,6
1788013020,glm-4.7-flash:q4_K_M,ollama,18.8491927,6
1788013080,glm-4.7-flash:q4_K_M,ollama,18.8491927,6
1788013140,glm-4.7-flash:q4_K_M,ollama,18.8491927,6
1788013200,glm-4.7-flash:q4_K_M,ollama,18.8491927,6
1788013260,glm-4.7-flash:q4_K_M,ollama,18.8491927,6
1788013320,glm-4.7-flash:q4_K_M,ollama,18.8491927,6
1788013380,glm-4.7-flash:q4_K_M,ollama,18.8491927,6
1788013440,glm-4.7-flash:q4_K_M,ollama,18.8491927,6
1788013500,glm-4.7-flash:q4_K_M,ollama,18.8491927,6
1788013560,glm-4.7-flash:q4_K_M,ollama,18.8491927,6
1788013620,glm-4.7-flash:q4_K_M,ollama,18.8491927,6
1788013680,glm-4.7-flash:q4_K_M,ollama,18.8491927,6
1788013740,glm-4.7-flash:q4_K_M,ollama,18.8491927,6
1788013800,glm-4.7-flash:q4_K_M,ollama,18.8491927,6
1788013860,glm-4.7-flash:q4_K_M,ollama,18.8491927,6
1788013920,glm-4.7-flash:q4_K_M,ollama,18.8491927,6
1788013980,glm-4.7-flash:q4_K_M,ollama,18.8491927,6
1788014040,glm-4.7-flash:q4_K_M,ollama,18.8491927,6
1788014100,glm-4.7-flash:q4_K_M,ollama,18.8491927,6
1788014160,glm-4.7-flash:q4_K_M,ollama,18.8491927,6
1788014220,glm-4.7-flash:q4_K_M,ollama,18.8491927,6
1788014280,glm-4.7-flash:q4_K_M,ollama,18.8491927,6
1788014340,glm-4.7-flash:q4_K_M,ollama,18.8491927,6
1788014400,glm-4.7-flash:q4_K_M,ollama,18.8491927,6
1788014460,glm-4.7-flash:q4_K_M,ollama,18.8491927,6
1788014520,glm-4.7-flash:q4_K_M,ollama,18.8491927,6
1788014580,glm-4.7-flash:q4_K_M,ollama,18.8491927,6
1788014640,glm-4.7-flash:q4_K_M,ollama,18.8491927,6
1788014700,glm-4.7-flash:q4_K_M,ollama,18.8491927,6
1788014760,glm-4.7-flash:q4_K_M,ollama,18.8491927,6
1788014820,glm-4.7-flash:q4_K_M,ollama,18.8491927,6
1788014880,glm-4.7-flash:q4_K_M,ollama,18.8491927,6
1788014940,glm-4.7-flash:q4_K_M,ollama,18.8491927,6
1788015000,glm-4.7-flash:q4_K_M,ollama,18.8491927,6
1788015060,glm-4.7-flash:q4_K_M,ollama,18.8491927,6
1788015120,glm-4.7-flash:q4_K_M,ollama,18.8491927,6
1788015180,glm-4.7-flash:q4_K_M,ollama,18.8491927,6
1788015240,glm-4.7-flash:q4_K_M,ollama,24.4670265,7
1788015300,glm-4.7-flash:q4_K_M,ollama,24.4670265,7
1788015360,glm-4.7-flash:q4_K_M,ollama,24.4670265,7
1788015420,glm-4.7-flash:q4_K_M,ollama,24.4670265,7
1788015480,glm-4.7-flash:q4_K_M,ollama,24.4670265,7
1788015540,glm-4.7-flash:q4_K_M,ollama,24.4670265,7
1788015600,glm-4.7-flash:q4_K_M,ollama,24.4670265,7
1788015660,glm-4.7-flash:q4_K_M,ollama,24.4670265,7
1788015720,glm-4.7-flash:q4_K_M,ollama,24.4670265,7
1788015780,glm-4.7-flash:q4_K_M,ollama,24.4670265,7
1788015840,glm-4.7-flash:q4_K_M,ollama,24.4670265,7
1788015900,glm-4.7-flash:q4_K_M,ollama,24.4670265,7
1788015960,glm-4.7-flash:q4_K_M,ollama,24.4670265,7
1788016020,glm-4.7-flash:q4_K_M,ollama,24.4670265,7
1788016080,glm-4.7-flash:q4_K_M,ollama,24.4670265,7
1788016140,glm-4.7-flash:q4_K_M,ollama,24.4670265,7
1788016200,glm-4.7-flash:q4_K_M,ollama,24.4670265,7
1788016260,glm-4.7-flash:q4_K_M,ollama,24.4670265,7
1788016320,glm-4.7-flash:q4_K_M,ollama,24.4670265,7
1788016380,glm-4.7-flash:q4_K_M,ollama,24.4670265,7
1788016440,glm-4.7-flash:q4_K_M,ollama,24.4670265,7
1788016500,glm-4.7-flash:q4_K_M,ollama,24.4670265,7
1788016560,glm-4.7-flash:q4_K_M,ollama,24.4670265,7
1788016620,glm-4.7-flash:q4_K_M,ollama,24.4670265,7
1788016680,glm-4.7-flash:q4_K_M,ollama,24.4670265,7
1788016740,glm-4.7-flash:q4_K_M,ollama,24.4670265,7
1788016800,glm-4.7-flash:q4_K_M,ollama,24.4670265,7
1788016860,glm-4.7-flash:q4_K_M,ollama,24.4670265,7
1788016920,glm-4.7-flash:q4_K_M,ollama,24.4670265,7
1788016980,glm-4.7-flash:q4_K_M,ollama,24.4670265,7
1788017040,glm-4.7-flash:q4_K_M,ollama,24.4670265,7
1788017100,glm-4.7-flash:q4_K_M,ollama,24.4670265,7
1788017160,glm-4.7-flash:q4_K_M,ollama,24.4670265,7
1788017220,glm-4.7-flash:q4_K_M,ollama,24.4670265,7
1788017280,glm-4.7-flash:q4_K_M,ollama,24.4670265,7
1788017340,glm-4.7-flash:q4_K_M,ollama,24.4670265,7
1788017400,glm-4.7-flash:q4_K_M,ollama,24.4670265,7
1788017460,glm-4.7-flash:q4_K_M,ollama,24.4670265,7
1788017520,glm-4.7-flash:q4_K_M,ollama,24.4670265,7
1788017580,glm-4.7-flash:q4_K_M,ollama,24.4670265,7
1788017640,glm-4.7-flash:q4_K_M,ollama,24.4670265,7
1788017700,glm-4.7-flash:q4_K_M,ollama,24.4670265,7
1788017760,glm-4.7-flash:q4_K_M,ollama,24.4670265,7
1788017820,glm-4.7-flash:q4_K_M,ollama,24.4670265,7
1788017880,glm-4.7-flash:q4_K_M,ollama,24.4670265,7
1788017940,glm-4.7-flash:q4_K_M,ollama,24.4670265,7
1788018000,glm-4.7-flash:q4_K_M,ollama,24.4670265,7
1788018060,glm-4.7-flash:q4_K_M,ollama,24.4670265,7
1788018120,glm-4.7-flash:q4_K_M,ollama,24.4670265,7
1788018180,glm-4.7-flash:q4_K_M,ollama,24.4670265,7
1788018240,glm-4.7-flash:q4_K_M,ollama,24.4670265,7
1788018300,glm-4.7-flash:q4_K_M,ollama,24.4670265,7
1788018360,glm-4.7-flash:q4_K_M,ollama,24.4670265,7
1788018420,glm-4.7-flash:q4_K_M,ollama,24.4670265,7
1788018480,glm-4.7-flash:q4_K_M,ollama,24.4670265,7
1788018540,glm-4.7-flash:q4_K_M,ollama,24.4670265,7
1788018600,glm-4.7-flash:q4_K_M,ollama,24.4670265,7
1788018660,glm-4.7-flash:q4_K_M,ollama,24.4670265,7
1788018720,glm-4.7-flash:q4_K_M,ollama,24.4670265,7
1788018780,glm-4.7-flash:q4_K_M,ollama,24.4670265,7
1788018840,glm-4.7-flash:q4_K_M,ollama,24.4670265,7
1788018900,glm-4.7-flash:q4_K_M,ollama,24.4670265,7
1788018960,glm-4.7-flash:q4_K_M,ollama,24.4670265,7
1788019020,glm-4.7-flash:q4_K_M,ollama,24.4670265,7
1788019080,glm-4.7-flash:q4_K_M,ollama,24.4670265,7
1788019140,glm-4.7-flash:q4_K_M,ollama,24.4670265,7
1788019200,glm-4.7-flash:q4_K_M,ollama,24.4670265,7
1788019260,glm-4.7-flash:q4_K_M,ollama,24.4670265,7
1788019320,glm-4.7-flash:q4_K_M,ollama,24.4670265,7
1788019380,glm-4.7-flash:q4_K_M,ollama,24.4670265,7
1788019440,glm-4.7-flash:q4_K_M,ollama,24.4670265,7
1788019500,glm-4.7-flash:q4_K_M,ollama,24.4670265,7
1788019560,glm-4.7-flash:q4_K_M,ollama,24.4670265,7
1788019620,glm-4.7-flash:q4_K_M,ollama,24.4670265,7
1788019680,glm-4.7-flash:q4_K_M,ollama,24.4670265,7
1788019740,glm-4.7-flash:q4_K_M,ollama,24.4670265,7
1788019800,glm-4.7-flash:q4_K_M,ollama,24.4670265,7
1788019860,glm-4.7-flash:q4_K_M,ollama,24.4670265,7
1788019920,glm-4.7-flash:q4_K_M,ollama,24.4670265,7
1788019980,glm-4.7-flash:q4_K_M,ollama,24.4670265,7
1788020040,glm-4.7-flash:q4_K_M,ollama,24.4670265,7
1788020100,glm-4.7-flash:q4_K_M,ollama,28.1183291,8
1788020160,glm-4.7-flash:q4_K_M,ollama,28.1183291,8
1788020220,glm-4.7-flash:q4_K_M,ollama,28.1183291,8
1788020280,glm-4.7-flash:q4_K_M,ollama,28.1183291,8
1788020340,glm-4.7-flash:q4_K_M,ollama,28.1183291,8
1788020400,glm-4.7-flash:q4_K_M,ollama,28.1183291,8
1788020460,glm-4.7-flash:q4_K_M,ollama,28.1183291,8
1788020520,glm-4.7-flash:q4_K_M,ollama,28.1183291,8
1788020580,glm-4.7-flash:q4_K_M,ollama,28.1183291,8
1788020640,glm-4.7-flash:q4_K_M,ollama,28.1183291,8
1788020700,glm-4.7-flash:q4_K_M,ollama,28.1183291,8
1788020760,glm-4.7-flash:q4_K_M,ollama,28.1183291,8
1788020820,glm-4.7-flash:q4_K_M,ollama,28.1183291,8
1788020880,glm-4.7-flash:q4_K_M,ollama,28.1183291,8
1788020940,glm-4.7-flash:q4_K_M,ollama,28.1183291,8
1788021000,glm-4.7-flash:q4_K_M,ollama,28.1183291,8
1788021060,glm-4.7-flash:q4_K_M,ollama,28.1183291,8
1788021120,glm-4.7-flash:q4_K_M,ollama,28.1183291,8
1788021180,glm-4.7-flash:q4_K_M,ollama,28.1183291,8
1788021240,glm-4.7-flash:q4_K_M,ollama,28.1183291,8
1788021300,glm-4.7-flash:q4_K_M,ollama,28.1183291,8
1788021360,glm-4.7-flash:q4_K_M,ollama,28.1183291,8
1788021420,glm-4.7-flash:q4_K_M,ollama,28.1183291,8
1788021480,glm-4.7-flash:q4_K_M,ollama,28.1183291,8
1788021540,glm-4.7-flash:q4_K_M,ollama,28.1183291,8
1788021600,glm-4.7-flash:q4_K_M,ollama,28.1183291,8
1788021660,glm-4.7-flash:q4_K_M,ollama,28.1183291,8
1788021720,glm-4.7-flash:q4_K_M,ollama,28.1183291,8
1788021780,glm-4.7-flash:q4_K_M,ollama,28.1183291,8
1788021840,glm-4.7-flash:q4_K_M,ollama,28.1183291,8
1788021900,glm-4.7-flash:q4_K_M,ollama,28.1183291,8
1788021960,glm-4.7-flash:q4_K_M,ollama,28.1183291,8
1788022020,glm-4.7-flash:q4_K_M,ollama,28.1183291,8
1788022080,glm-4.7-flash:q4_K_M,ollama,28.1183291,8
1788022140,glm-4.7-flash:q4_K_M,ollama,28.1183291,8
1788022200,glm-4.7-flash:q4_K_M,ollama,28.1183291,8
1788022260,glm-4.7-flash:q4_K_M,ollama,28.1183291,8
1788022320,glm-4.7-flash:q4_K_M,ollama,28.1183291,8
1788022380,glm-4.7-flash:q4_K_M,ollama,28.1183291,8
1788022440,glm-4.7-flash:q4_K_M,ollama,28.1183291,8
1788022500,glm-4.7-flash:q4_K_M,ollama,28.1183291,8
1788022560,glm-4.7-flash:q4_K_M,ollama,28.1183291,8
1788022620,glm-4.7-flash:q4_K_M,ollama,28.1183291,8
1788022680,glm-4.7-flash:q4_K_M,ollama,28.1183291,8
1788022740,glm-4.7-flash:q4_K_M,ollama,28.1183291,8
1788022800,glm-4.7-flash:q4_K_M,ollama,28.1183291,8
1788022860,glm-4.7-flash:q4_K_M,ollama,28.1183291,8
1788022920,glm-4.7-flash:q4_K_M,ollama,28.1183291,8
1788022980,glm-4.7-flash:q4_K_M,ollama,28.1183291,8
1788023040,glm-4.7-flash:q4_K_M,ollama,28.1183291,8
1788023100,glm-4.7-flash:q4_K_M,ollama,28.1183291,8
1788023160,glm-4.7-flash:q4_K_M,ollama,28.1183291,8
1788023220,glm-4.7-flash:q4_K_M,ollama,28.1183291,8
1788023280,glm-4.7-flash:q4_K_M,ollama,28.1183291,8
1788023340,glm-4.7-flash:q4_K_M,ollama,28.1183291,8
1788023400,glm-4.7-flash:q4_K_M,ollama,28.1183291,8
1788023460,glm-4.7-flash:q4_K_M,ollama,28.1183291,8
1788023520,glm-4.7-flash:q4_K_M,ollama,28.1183291,8
1788023580,glm-4.7-flash:q4_K_M,ollama,28.1183291,8
1788023640,glm-4.7-flash:q4_K_M,ollama,28.1183291,8
1788023700,glm-4.7-flash:q4_K_M,ollama,28.1183291,8
1788023760,glm-4.7-flash:q4_K_M,ollama,28.1183291,8
1788023820,glm-4.7-flash:q4_K_M,ollama,28.1183291,8
1788023880,glm-4.7-flash:q4_K_M,ollama,28.1183291,8
1788023940,glm-4.7-flash:q4_K_M,ollama,28.1183291,8
1788024000,glm-4.7-flash:q4_K_M,ollama,28.1183291,8
1788024060,glm-4.7-flash:q4_K_M,ollama,28.1183291,8
1788024120,glm-4.7-flash:q4_K_M,ollama,28.1183291,8
1788024180,glm-4.7-flash:q4_K_M,ollama,28.1183291,8
1788024240,glm-4.7-flash:q4_K_M,ollama,28.1183291,8
1788024300,glm-4.7-flash:q4_K_M,ollama,28.1183291,8
1788024360,glm-4.7-flash:q4_K_M,ollama,28.1183291,8
1788024420,glm-4.7-flash:q4_K_M,ollama,28.1183291,8
1788024480,glm-4.7-flash:q4_K_M,ollama,28.1183291,8
1788024540,glm-4.7-flash:q4_K_M,ollama,28.1183291,8
1788024600,glm-4.7-flash:q4_K_M,ollama,28.1183291,8
1788024660,glm-4.7-flash:q4_K_M,ollama,28.1183291,8
1788024720,glm-4.7-flash:q4_K_M,ollama,28.1183291,8
1788024780,glm-4.7-flash:q4_K_M,ollama,28.1183291,8
1788024840,glm-4.7-flash:q4_K_M,ollama,28.1183291,8
1788024900,glm-4.7-flash:q4_K_M,ollama,28.1183291,8
1788024960,glm-4.7-flash:q4_K_M,ollama,28.1183291,8
1788025020,glm-4.7-flash:q4_K_M,ollama,28.1183291,8
1788025080,glm-4.7-flash:q4_K_M,ollama,28.1183291,8
1788025140,glm-4.7-flash:q4_K_M,ollama,28.1183291,8
1788025200,glm-4.7-flash:q4_K_M,ollama,28.1183291,8
1788025260,glm-4.7-flash:q4_K_M,ollama,28.1183291,8
1788025320,glm-4.7-flash:q4_K_M,ollama,28.1183291,8
1788025380,glm-4.7-flash:q4_K_M,ollama,28.1183291,8
1788025440,glm-4.7-flash:q4_K_M,ollama,28.1183291,8
1788025500,glm-4.7-flash:q4_K_M,ollama,28.1183291,8
1788025560,glm-4.7-flash:q4_K_M,ollama,28.1183291,8
1788025620,glm-4.7-flash:q4_K_M,ollama,28.1183291,8
1788025680,glm-4.7-flash:q4_K_M,ollama,28.1183291,8
1788025740,glm-4.7-flash:q4_K_M,ollama,28.1183291,8
1788025800,glm-4.7-flash:q4_K_M,ollama,28.1183291,8
1788025860,glm-4.7-flash:q4_K_M,ollama,28.1183291,8
1788025920,glm-4.7-flash:q4_K_M,ollama,28.1183291,8
1788025980,glm-4.7-flash:q4_K_M,ollama,28.1183291,8
1788026040,glm-4.7-flash:q4_K_M,ollama,28.1183291,8
1788026100,glm-4.7-flash:q4_K_M,ollama,28.1183291,8
1788026160,glm-4.7-flash:q4_K_M,ollama,28.1183291,8
1788026220,glm-4.7-flash:q4_K_M,ollama,28.1183291,8
1788026280,glm-4.7-flash:q4_K_M,ollama,28.1183291,8
1788026340,glm-4.7-flash:q4_K_M,ollama,28.1183291,8
1788026400,glm-4.7-flash:q4_K_M,ollama,28.1183291,8
1788026460,glm-4.7-flash:q4_K_M,ollama,28.1183291,8
1788026520,glm-4.7-flash:q4_K_M,ollama,28.1183291,8
1788026580,glm-4.7-flash:q4_K_M,ollama,28.1183291,8
1788026640,glm-4.7-flash:q4_K_M,ollama,28.1183291,8
1788026700,glm-4.7-flash:q4_K_M,ollama,28.1183291,8
1788026760,glm-4.7-flash:q4_K_M,ollama,28.1183291,8
1788026820,glm-4.7-flash:q4_K_M,ollama,28.1183291,8
1788026880,glm-4.7-flash:q4_K_M,ollama,28.1183291,8
1788026940,glm-4.7-flash:q4_K_M,ollama,28.1183291,8
1788027000,glm-4.7-flash:q4_K_M,ollama,28.1183291,8
1788027060,glm-4.7-flash:q4_K_M,ollama,28.1183291,8
1788027120,glm-4.7-flash:q4_K_M,ollama,28.1183291,8
1788027180,glm-4.7-flash:q4_K_M,ollama,28.1183291,8
1788027240,glm-4.7-flash:q4_K_M,ollama,28.1183291,8
1788027300,glm-4.7-flash:q4_K_M,ollama,28.1183291,8
1788027360,glm-4.7-flash:q4_K_M,ollama,28.1183291,8
1788027420,glm-4.7-flash:q4_K_M,ollama,31.1894156,9
1788027480,glm-4.7-flash:q4_K_M,ollama,31.1894156,9
1788027540,glm-4.7-flash:q4_K_M,ollama,31.1894156,9
1788027600,glm-4.7-flash:q4_K_M,ollama,31.1894156,9
1788027660,glm-4.7-flash:q4_K_M,ollama,31.1894156,9
1788027720,glm-4.7-flash:q4_K_M,ollama,31.1894156,9
1788027780,glm-4.7-flash:q4_K_M,ollama,31.1894156,9
1788027840,glm-4.7-flash:q4_K_M,ollama,31.1894156,9
1788027900,glm-4.7-flash:q4_K_M,ollama,31.1894156,9
1788027960,glm-4.7-flash:q4_K_M,ollama,31.1894156,9
1788028020,glm-4.7-flash:q4_K_M,ollama,31.1894156,9
1788028080,glm-4.7-flash:q4_K_M,ollama,31.1894156,9
1788028140,glm-4.7-flash:q4_K_M,ollama,31.1894156,9
1788028200,glm-4.7-flash:q4_K_M,ollama,31.1894156,9
1788028260,glm-4.7-flash:q4_K_M,ollama,31.1894156,9
1788028320,glm-4.7-flash:q4_K_M,ollama,31.1894156,9
1788028380,glm-4.7-flash:q4_K_M,ollama,31.1894156,9
1788028440,glm-4.7-flash:q4_K_M,ollama,31.1894156,9
1788028500,glm-4.7-flash:q4_K_M,ollama,31.1894156,9
1788028560,glm-4.7-flash:q4_K_M,ollama,31.1894156,9
1788028620,glm-4.7-flash:q4_K_M,ollama,31.1894156,9
1788028680,glm-4.7-flash:q4_K_M,ollama,31.1894156,9
1788028740,glm-4.7-flash:q4_K_M,ollama,31.1894156,9
1788028800,glm-4.7-flash:q4_K_M,ollama,31.1894156,9
1788028860,glm-4.7-flash:q4_K_M,ollama,31.1894156,9
1788028920,glm-4.7-flash:q4_K_M,ollama,31.1894156,9
1788028980,glm-4.7-flash:q4_K_M,ollama,31.1894156,9
1788029040,glm-4.7-flash:q4_K_M,ollama,31.1894156,9
1788029100,glm-4.7-flash:q4_K_M,ollama,31.1894156,9
1788029160,glm-4.7-flash:q4_K_M,ollama,31.1894156,9
1788029220,glm-4.7-flash:q4_K_M,ollama,31.1894156,9
1788029280,glm-4.7-flash:q4_K_M,ollama,31.1894156,9
1788029340,glm-4.7-flash:q4_K_M,ollama,31.1894156,9
1788029400,glm-4.7-flash:q4_K_M,ollama,31.1894156,9
1788029460,glm-4.7-flash:q4_K_M,ollama,31.1894156,9
1788029520,glm-4.7-flash:q4_K_M,ollama,31.1894156,9
1788029580,glm-4.7-flash:q4_K_M,ollama,31.1894156,9
1788029640,glm-4.7-flash:q4_K_M,ollama,31.1894156,9
1788029700,glm-4.7-flash:q4_K_M,ollama,31.1894156,9
1788029760,glm-4.7-flash:q4_K_M,ollama,31.1894156,9
1788029820,glm-4.7-flash:q4_K_M,ollama,31.1894156,9
1788029880,glm-4.7-flash:q4_K_M,ollama,31.1894156,9
1788029940,glm-4.7-flash:q4_K_M,ollama,31.1894156,9
1788030000,glm-4.7-flash:q4_K_M,ollama,31.1894156,9
1788030060,glm-4.7-flash:q4_K_M,ollama,31.1894156,9
1788030120,glm-4.7-flash:q4_K_M,ollama,31.1894156,9
1788030180,glm-4.7-flash:q4_K_M,ollama,31.1894156,9
1788030240,glm-4.7-flash:q4_K_M,ollama,31.1894156,9
1788030300,glm-4.7-flash:q4_K_M,ollama,31.1894156,9
1788030360,glm-4.7-flash:q4_K_M,ollama,31.1894156,9
1788030420,glm-4.7-flash:q4_K_M,ollama,31.1894156,9
1788030480,glm-4.7-flash:q4_K_M,ollama,31.1894156,9
1788030540,glm-4.7-flash:q4_K_M,ollama,31.1894156,9
1788030600,glm-4.7-flash:q4_K_M,ollama,31.1894156,9
1788030660,glm-4.7-flash:q4_K_M,ollama,31.1894156,9
1788030720,glm-4.7-flash:q4_K_M,ollama,31.1894156,9
1788030780,glm-4.7-flash:q4_K_M,ollama,31.1894156,9
1788030840,glm-4.7-flash:q4_K_M,ollama,31.1894156,9
1788030900,glm-4.7-flash:q4_K_M,ollama,31.1894156,9
1788030960,glm-4.7-flash:q4_K_M,ollama,31.1894156,9
1788031020,glm-4.7-flash:q4_K_M,ollama,31.1894156,9
1788031080,glm-4.7-flash:q4_K_M,ollama,31.1894156,9
1788031140,glm-4.7-flash:q4_K_M,ollama,31.1894156,9
1788031200,glm-4.7-flash:q4_K_M,ollama,31.1894156,9
1788031260,glm-4.7-flash:q4_K_M,ollama,31.1894156,9
1788031320,glm-4.7-flash:q4_K_M,ollama,31.1894156,9
1788031380,glm-4.7-flash:q4_K_M,ollama,31.1894156,9
1788031440,glm-4.7-flash:q4_K_M,ollama,31.1894156,9
1788031500,glm-4.7-flash:q4_K_M,ollama,31.1894156,9
1788031560,glm-4.7-flash:q4_K_M,ollama,31.1894156,9
1788031620,glm-4.7-flash:q4_K_M,ollama,31.1894156,9
1788031680,glm-4.7-flash:q4_K_M,ollama,31.1894156,9
1788031740,glm-4.7-flash:q4_K_M,ollama,31.1894156,9
1788031800,glm-4.7-flash:q4_K_M,ollama,31.1894156,9
1788031860,glm-4.7-flash:q4_K_M,ollama,31.1894156,9
1788031920,glm-4.7-flash:q4_K_M,ollama,31.1894156,9
1788031980,glm-4.7-flash:q4_K_M,ollama,31.1894156,9
1788032040,glm-4.7-flash:q4_K_M,ollama,31.1894156,9
1788032100,glm-4.7-flash:q4_K_M,ollama,31.1894156,9
1788032160,glm-4.7-flash:q4_K_M,ollama,31.1894156,9
1788032220,glm-4.7-flash:q4_K_M,ollama,31.1894156,9
1788032280,glm-4.7-flash:q4_K_M,ollama,31.1894156,9
1788032340,glm-4.7-flash:q4_K_M,ollama,31.1894156,9
1788032400,glm-4.7-flash:q4_K_M,ollama,32.1804332,10
1788032460,glm-4.7-flash:q4_K_M,ollama,32.1804332,10
1788032520,glm-4.7-flash:q4_K_M,ollama,32.1804332,10
1788032580,glm-4.7-flash:q4_K_M,ollama,32.1804332,10
1788032640,glm-4.7-flash:q4_K_M,ollama,32.1804332,10
1788032700,glm-4.7-flash:q4_K_M,ollama,32.1804332,10
1788032760,glm-4.7-flash:q4_K_M,ollama,32.1804332,10
1788032820,glm-4.7-flash:q4_K_M,ollama,32.1804332,10
1788032880,glm-4.7-flash:q4_K_M,ollama,32.1804332,10
1788032940,glm-4.7-flash:q4_K_M,ollama,32.1804332,10
1788033000,glm-4.7-flash:q4_K_M,ollama,32.1804332,10
1788033060,glm-4.7-flash:q4_K_M,ollama,32.1804332,10
1788033120,glm-4.7-flash:q4_K_M,ollama,32.1804332,10
1788033180,glm-4.7-flash:q4_K_M,ollama,32.1804332,10
1788033240,glm-4.7-flash:q4_K_M,ollama,32.1804332,10
1788033300,glm-4.7-flash:q4_K_M,ollama,32.1804332,10
1788033360,glm-4.7-flash:q4_K_M,ollama,32.1804332,10
1788033420,glm-4.7-flash:q4_K_M,ollama,32.1804332,10
1788033480,glm-4.7-flash:q4_K_M,ollama,32.1804332,10
1788033540,glm-4.7-flash:q4_K_M,ollama,32.1804332,10
1788033600,glm-4.7-flash:q4_K_M,ollama,32.1804332,10
1788033660,glm-4.7-flash:q4_K_M,ollama,32.1804332,10
1788033720,glm-4.7-flash:q4_K_M,ollama,32.1804332,10
1788033780,glm-4.7-flash:q4_K_M,ollama,35.3107129,11
1788033840,glm-4.7-flash:q4_K_M,ollama,35.3107129,11
1788033900,glm-4.7-flash:q4_K_M,ollama,35.3107129,11
1788033960,glm-4.7-flash:q4_K_M,ollama,35.3107129,11
1788034020,glm-4.7-flash:q4_K_M,ollama,35.3107129,11
1788034080,glm-4.7-flash:q4_K_M,ollama,35.3107129,11
1788034140,glm-4.7-flash:q4_K_M,ollama,35.3107129,11
1788034200,glm-4.7-flash:q4_K_M,ollama,35.3107129,11
1788034260,glm-4.7-flash:q4_K_M,ollama,35.3107129,11
1788034320,glm-4.7-flash:q4_K_M,ollama,35.3107129,11
1788034380,glm-4.7-flash:q4_K_M,ollama,35.3107129,11
1788034440,glm-4.7-flash:q4_K_M,ollama,35.3107129,11
1788034500,glm-4.7-flash:q4_K_M,ollama,35.3107129,11
1788034560,glm-4.7-flash:q4_K_M,ollama,35.3107129,11
1788034620,glm-4.7-flash:q4_K_M,ollama,35.3107129,11
1788034680,glm-4.7-flash:q4_K_M,ollama,35.3107129,11
1788034740,glm-4.7-flash:q4_K_M,ollama,37.9753592,12
1788034800,glm-4.7-flash:q4_K_M,ollama,37.9753592,12
1788034860,glm-4.7-flash:q4_K_M,ollama,37.9753592,12
1788034920,glm-4.7-flash:q4_K_M,ollama,37.9753592,12
1788034980,glm-4.7-flash:q4_K_M,ollama,37.9753592,12
1788035040,glm-4.7-flash:q4_K_M,ollama,37.9753592,12
1788035100,glm-4.7-flash:q4_K_M,ollama,37.9753592,12
1788035160,glm-4.7-flash:q4_K_M,ollama,37.9753592,12
1788035220,glm-4.7-flash:q4_K_M,ollama,37.9753592,12
1788035280,glm-4.7-flash:q4_K_M,ollama,37.9753592,12
1788035340,glm-4.7-flash:q4_K_M,ollama,37.9753592,12
1788035400,glm-4.7-flash:q4_K_M,ollama,37.9753592,12
1788035460,glm-4.7-flash:q4_K_M,ollama,37.9753592,12
1788035520,glm-4.7-flash:q4_K_M,ollama,37.9753592,12
1788035580,glm-4.7-flash:q4_K_M,ollama,37.9753592,12
1788035640,glm-4.7-flash:q4_K_M,ollama,37.9753592,12
1788035700,glm-4.7-flash:q4_K_M,ollama,37.9753592,12
1788035760,glm-4.7-flash:q4_K_M,ollama,37.9753592,12
1788035820,glm-4.7-flash:q4_K_M,ollama,37.9753592,12
1788035880,glm-4.7-flash:q4_K_M,ollama,37.9753592,12
1788035940,glm-4.7-flash:q4_K_M,ollama,37.9753592,12
1788036000,glm-4.7-flash:q4_K_M,ollama,37.9753592,12
1788036060,glm-4.7-flash:q4_K_M,ollama,37.9753592,12
1788036120,glm-4.7-flash:q4_K_M,ollama,37.9753592,12
1788036180,glm-4.7-flash:q4_K_M,ollama,37.9753592,12
1788036240,glm-4.7-flash:q4_K_M,ollama,37.9753592,12
1788036300,glm-4.7-flash:q4_K_M,ollama,37.9753592,12
1788036360,glm-4.7-flash:q4_K_M,ollama,37.9753592,12
1788036420,glm-4.7-flash:q4_K_M,ollama,37.9753592,12
1788036480,glm-4.7-flash:q4_K_M,ollama,37.9753592,12
1788036540,glm-4.7-flash:q4_K_M,ollama,37.9753592,12
1788036600,glm-4.7-flash:q4_K_M,ollama,37.9753592,12
1788036660,glm-4.7-flash:q4_K_M,ollama,37.9753592,12
1788036720,glm-4.7-flash:q4_K_M,ollama,37.9753592,12
1788036780,glm-4.7-flash:q4_K_M,ollama,37.9753592,12
1788036840,glm-4.7-flash:q4_K_M,ollama,37.9753592,12
1788036900,glm-4.7-flash:q4_K_M,ollama,37.9753592,12
1788036960,glm-4.7-flash:q4_K_M,ollama,41.0561587,13
1788037020,glm-4.7-flash:q4_K_M,ollama,41.0561587,13
1788037080,glm-4.7-flash:q4_K_M,ollama,41.0561587,13
1788037140,glm-4.7-flash:q4_K_M,ollama,41.0561587,13
1788037200,glm-4.7-flash:q4_K_M,ollama,41.0561587,13
1788037260,glm-4.7-flash:q4_K_M,ollama,41.0561587,13
1788037320,glm-4.7-flash:q4_K_M,ollama,41.0561587,13
1788037380,glm-4.7-flash:q4_K_M,ollama,41.0561587,13
1788037440,glm-4.7-flash:q4_K_M,ollama,41.0561587,13
1788037500,glm-4.7-flash:q4_K_M,ollama,41.0561587,13
1788037560,glm-4.7-flash:q4_K_M,ollama,41.0561587,13
1788037620,glm-4.7-flash:q4_K_M,ollama,41.0561587,13
1788037680,glm-4.7-flash:q4_K_M,ollama,41.0561587,13
1788037740,glm-4.7-flash:q4_K_M,ollama,41.0561587,13
1788037800,glm-4.7-flash:q4_K_M,ollama,41.0561587,13
1788037860,glm-4.7-flash:q4_K_M,ollama,41.0561587,13
1788037920,glm-4.7-flash:q4_K_M,ollama,41.0561587,13
1788037980,glm-4.7-flash:q4_K_M,ollama,41.0561587,13
1788038040,glm-4.7-flash:q4_K_M,ollama,41.0561587,13
1788038100,glm-4.7-flash:q4_K_M,ollama,41.0561587,13
1788038160,glm-4.7-flash:q4_K_M,ollama,41.0561587,13
1788038220,glm-4.7-flash:q4_K_M,ollama,41.0561587,13
1788038280,glm-4.7-flash:q4_K_M,ollama,41.0561587,13
1788038340,glm-4.7-flash:q4_K_M,ollama,41.0561587,13
1788038400,glm-4.7-flash:q4_K_M,ollama,41.0561587,13
1788038460,glm-4.7-flash:q4_K_M,ollama,41.0561587,13
1788038520,glm-4.7-flash:q4_K_M,ollama,41.0561587,13
1788038580,glm-4.7-flash:q4_K_M,ollama,41.0561587,13
1788038640,glm-4.7-flash:q4_K_M,ollama,41.0561587,13
1788038700,glm-4.7-flash:q4_K_M,ollama,41.0561587,13
1788038760,glm-4.7-flash:q4_K_M,ollama,41.0561587,13
1788038820,glm-4.7-flash:q4_K_M,ollama,41.0561587,13
1788038880,glm-4.7-flash:q4_K_M,ollama,41.0561587,13
1788038940,glm-4.7-flash:q4_K_M,ollama,41.0561587,13
1788039000,glm-4.7-flash:q4_K_M,ollama,41.0561587,13
1788039060,glm-4.7-flash:q4_K_M,ollama,41.0561587,13
1788039120,glm-4.7-flash:q4_K_M,ollama,41.0561587,13
1788039180,glm-4.7-flash:q4_K_M,ollama,41.0561587,13
1788039240,glm-4.7-flash:q4_K_M,ollama,41.0561587,13
1788039300,glm-4.7-flash:q4_K_M,ollama,41.0561587,13
1788039360,glm-4.7-flash:q4_K_M,ollama,41.0561587,13
1788039420,glm-4.7-flash:q4_K_M,ollama,41.0561587,13
1788039480,glm-4.7-flash:q4_K_M,ollama,41.0561587,13
1788039540,glm-4.7-flash:q4_K_M,ollama,41.0561587,13
1788039600,glm-4.7-flash:q4_K_M,ollama,41.0561587,13
1788039660,glm-4.7-flash:q4_K_M,ollama,41.0561587,13
1788039720,glm-4.7-flash:q4_K_M,ollama,41.0561587,13
1788039780,glm-4.7-flash:q4_K_M,ollama,41.0561587,13
1788039840,glm-4.7-flash:q4_K_M,ollama,41.0561587,13
1788039900,glm-4.7-flash:q4_K_M,ollama,41.0561587,13
1788039960,glm-4.7-flash:q4_K_M,ollama,41.0561587,13
1788040020,glm-4.7-flash:q4_K_M,ollama,41.0561587,13
1788040080,glm-4.7-flash:q4_K_M,ollama,41.0561587,13
1788040140,glm-4.7-flash:q4_K_M,ollama,41.0561587,13
1788040200,glm-4.7-flash:q4_K_M,ollama,41.0561587,13
1788040260,glm-4.7-flash:q4_K_M,ollama,41.0561587,13
1788040320,glm-4.7-flash:q4_K_M,ollama,41.0561587,13
1788040380,glm-4.7-flash:q4_K_M,ollama,41.0561587,13
1788040440,glm-4.7-flash:q4_K_M,ollama,41.0561587,13
1788040500,glm-4.7-flash:q4_K_M,ollama,41.0561587,13
1788040560,glm-4.7-flash:q4_K_M,ollama,41.0561587,13
1788040620,glm-4.7-flash:q4_K_M,ollama,41.0561587,13
1788040680,glm-4.7-flash:q4_K_M,ollama,41.0561587,13
1788040740,glm-4.7-flash:q4_K_M,ollama,41.0561587,13
1788040800,glm-4.7-flash:q4_K_M,ollama,41.0561587,13
1788040860,glm-4.7-flash:q4_K_M,ollama,41.0561587,13
1788040920,glm-4.7-flash:q4_K_M,ollama,41.0561587,13
1788040980,glm-4.7-flash:q4_K_M,ollama,41.0561587,13
1788041040,glm-4.7-flash:q4_K_M,ollama,41.0561587,13
1788041100,glm-4.7-flash:q4_K_M,ollama,41.0561587,13
1788041160,glm-4.7-flash:q4_K_M,ollama,41.0561587,13
1788041220,glm-4.7-flash:q4_K_M,ollama,47.0537643,14
1788041280,glm-4.7-flash:q4_K_M,ollama,47.0537643,14
1788041340,glm-4.7-flash:q4_K_M,ollama,47.0537643,14
1788041400,glm-4.7-flash:q4_K_M,ollama,47.0537643,14
1788041460,glm-4.7-flash:q4_K_M,ollama,47.0537643,14
1788041520,glm-4.7-flash:q4_K_M,ollama,47.0537643,14
1788041580,glm-4.7-flash:q4_K_M,ollama,47.0537643,14
1788041640,glm-4.7-flash:q4_K_M,ollama,47.0537643,14
1788041700,glm-4.7-flash:q4_K_M,ollama,47.0537643,14
1788041760,glm-4.7-flash:q4_K_M,ollama,47.0537643,14
1788041820,glm-4.7-flash:q4_K_M,ollama,47.0537643,14
1788041880,glm-4.7-flash:q4_K_M,ollama,47.0537643,14
1788041940,glm-4.7-flash:q4_K_M,ollama,47.0537643,14
1788042000,glm-4.7-flash:q4_K_M,ollama,47.0537643,14
1788042060,glm-4.7-flash:q4_K_M,ollama,47.0537643,14
1788042120,glm-4.7-flash:q4_K_M,ollama,47.0537643,14
1788042180,glm-4.7-flash:q4_K_M,ollama,47.0537643,14
1788042240,glm-4.7-flash:q4_K_M,ollama,47.0537643,14
1788042300,glm-4.7-flash:q4_K_M,ollama,47.0537643,14
1788042360,glm-4.7-flash:q4_K_M,ollama,47.0537643,14
1788042420,glm-4.7-flash:q4_K_M,ollama,47.0537643,14
1788042480,glm-4.7-flash:q4_K_M,ollama,47.0537643,14
1788042540,glm-4.7-flash:q4_K_M,ollama,47.0537643,14
1788042600,glm-4.7-flash:q4_K_M,ollama,47.0537643,14
1788042660,glm-4.7-flash:q4_K_M,ollama,47.0537643,14
1788042720,glm-4.7-flash:q4_K_M,ollama,47.0537643,14
1788042780,glm-4.7-flash:q4_K_M,ollama,47.0537643,14
1788042840,glm-4.7-flash:q4_K_M,ollama,47.0537643,14
1788042900,glm-4.7-flash:q4_K_M,ollama,47.0537643,14
1788042960,glm-4.7-flash:q4_K_M,ollama,47.0537643,14
1788043020,glm-4.7-flash:q4_K_M,ollama,47.0537643,14
1788043080,glm-4.7-flash:q4_K_M,ollama,47.0537643,14
1788043140,glm-4.7-flash:q4_K_M,ollama,47.0537643,14
1788043200,glm-4.7-flash:q4_K_M,ollama,47.0537643,14
1788043260,glm-4.7-flash:q4_K_M,ollama,47.0537643,14
1788043320,glm-4.7-flash:q4_K_M,ollama,47.0537643,14
1788043380,glm-4.7-flash:q4_K_M,ollama,47.0537643,14
1788043440,glm-4.7-flash:q4_K_M,ollama,47.0537643,14
1788043500,glm-4.7-flash:q4_K_M,ollama,47.0537643,14
1788043560,glm-4.7-flash:q4_K_M,ollama,47.0537643,14
1788043620,glm-4.7-flash:q4_K_M,ollama,47.0537643,14
1788043680,glm-4.7-flash:q4_K_M,ollama,47.0537643,14
1788043740,glm-4.7-flash:q4_K_M,ollama,47.0537643,14
1788043800,glm-4.7-flash:q4_K_M,ollama,47.0537643,14
1788043860,glm-4.7-flash:q4_K_M,ollama,47.0537643,14
1788043920,glm-4.7-flash:q4_K_M,ollama,47.0537643,14
1788043980,glm-4.7-flash:q4_K_M,ollama,47.0537643,14
1788044040,glm-4.7-flash:q4_K_M,ollama,47.0537643,14
1788044100,glm-4.7-flash:q4_K_M,ollama,47.0537643,14
1788044160,glm-4.7-flash:q4_K_M,ollama,47.0537643,14
1788044220,glm-4.7-flash:q4_K_M,ollama,47.0537643,14
1788044280,glm-4.7-flash:q4_K_M,ollama,47.0537643,14
1788044340,glm-4.7-flash:q4_K_M,ollama,47.0537643,14
1788044400,glm-4.7-flash:q4_K_M,ollama,47.0537643,14
1788044460,glm-4.7-flash:q4_K_M,ollama,47.0537643,14
1788044520,glm-4.7-flash:q4_K_M,ollama,47.0537643,14
1788044580,glm-4.7-flash:q4_K_M,ollama,47.0537643,14
1788044640,glm-4.7-flash:q4_K_M,ollama,47.0537643,14
1788044700,glm-4.7-flash:q4_K_M,ollama,47.0537643,14
1788044760,glm-4.7-flash:q4_K_M,ollama,47.0537643,14
1788044820,glm-4.7-flash:q4_K_M,ollama,47.0537643,14
1788044880,glm-4.7-flash:q4_K_M,ollama,47.0537643,14
1788044940,glm-4.7-flash:q4_K_M,ollama,47.0537643,14
1788045000,glm-4.7-flash:q4_K_M,ollama,47.0537643,14
1788045060,glm-4.7-flash:q4_K_M,ollama,47.0537643,14
1788045120,glm-4.7-flash:q4_K_M,ollama,47.0537643,14
1788045180,glm-4.7-flash:q4_K_M,ollama,47.0537643,14
1788045240,glm-4.7-flash:q4_K_M,ollama,47.0537643,14
1788045300,glm-4.7-flash:q4_K_M,ollama,47.0537643,14
1788045360,glm-4.7-flash:q4_K_M,ollama,47.0537643,14
1788045420,glm-4.7-flash:q4_K_M,ollama,47.0537643,14
1788045480,glm-4.7-flash:q4_K_M,ollama,47.0537643,14
1788045540,glm-4.7-flash:q4_K_M,ollama,47.0537643,14
1788045600,glm-4.7-flash:q4_K_M,ollama,47.0537643,14
1788045660,glm-4.7-flash:q4_K_M,ollama,47.0537643,14
1788045720,glm-4.7-flash:q4_K_M,ollama,47.0537643,14
1788045780,glm-4.7-flash:q4_K_M,ollama,47.0537643,14
1788045840,glm-4.7-flash:q4_K_M,ollama,47.0537643,14
1788045900,glm-4.7-flash:q4_K_M,ollama,47.0537643,14
1788045960,glm-4.7-flash:q4_K_M,ollama,47.0537643,14
1788046020,glm-4.7-flash:q4_K_M,ollama,47.0537643,14
1788046080,glm-4.7-flash:q4_K_M,ollama,47.0537643,14
1788046140,glm-4.7-flash:q4_K_M,ollama,47.0537643,14
1788046200,glm-4.7-flash:q4_K_M,ollama,47.0537643,14
1788046260,glm-4.7-flash:q4_K_M,ollama,47.0537643,14
1788046320,glm-4.7-flash:q4_K_M,ollama,47.0537643,14
1788046380,glm-4.7-flash:q4_K_M,ollama,47.0537643,14
1788046440,glm-4.7-flash:q4_K_M,ollama,47.0537643,14
1788046500,glm-4.7-flash:q4_K_M,ollama,47.0537643,14
1788046560,glm-4.7-flash:q4_K_M,ollama,47.0537643,14
1788046620,glm-4.7-flash:q4_K_M,ollama,47.0537643,14
1788046680,glm-4.7-flash:q4_K_M,ollama,47.0537643,14
1788046740,glm-4.7-flash:q4_K_M,ollama,47.0537643,14
1788046800,glm-4.7-flash:q4_K_M,ollama,47.0537643,14
1788046860,glm-4.7-flash:q4_K_M,ollama,47.0537643,14
1788046920,glm-4.7-flash:q4_K_M,ollama,47.0537643,14
1788046980,glm-4.7-flash:q4_K_M,ollama,47.0537643,14
1788047040,glm-4.7-flash:q4_K_M,ollama,47.0537643,14
1788047100,glm-4.7-flash:q4_K_M,ollama,47.0537643,14
1788047160,glm-4.7-flash:q4_K_M,ollama,47.0537643,14
1788047220,glm-4.7-flash:q4_K_M,ollama,47.0537643,14
1788047280,glm-4.7-flash:q4_K_M,ollama,47.0537643,14
1788047340,glm-4.7-flash:q4_K_M,ollama,47.0537643,14
1788047400,glm-4.7-flash:q4_K_M,ollama,47.0537643,14
1788047460,glm-4.7-flash:q4_K_M,ollama,47.0537643,14
1788047520,glm-4.7-flash:q4_K_M,ollama,47.0537643,14
1788047580,glm-4.7-flash:q4_K_M,ollama,47.0537643,14
1788047640,glm-4.7-flash:q4_K_M,ollama,47.0537643,14
1788047700,glm-4.7-flash:q4_K_M,ollama,47.0537643,14
1788047760,glm-4.7-flash:q4_K_M,ollama,47.0537643,14
1788047820,glm-4.7-flash:q4_K_M,ollama,47.0537643,14
1788047880,glm-4.7-flash:q4_K_M,ollama,47.0537643,14
1788047940,glm-4.7-flash:q4_K_M,ollama,47.0537643,14
1788048000,glm-4.7-flash:q4_K_M,ollama,47.0537643,14
1788048060,glm-4.7-flash:q4_K_M,ollama,47.0537643,14
1788048120,glm-4.7-flash:q4_K_M,ollama,47.0537643,14
1788048180,glm-4.7-flash:q4_K_M,ollama,47.0537643,14
1788048240,glm-4.7-flash:q4_K_M,ollama,47.0537643,14
1788048300,glm-4.7-flash:q4_K_M,ollama,47.0537643,14
1788048360,glm-4.7-flash:q4_K_M,ollama,47.0537643,14
1788048420,glm-4.7-flash:q4_K_M,ollama,47.0537643,14
1788048480,glm-4.7-flash:q4_K_M,ollama,47.0537643,14
1788048540,glm-4.7-flash:q4_K_M,ollama,47.0537643,14
1788048600,glm-4.7-flash:q4_K_M,ollama,47.0537643,14
1788048660,glm-4.7-flash:q4_K_M,ollama,47.0537643,14
1788048720,glm-4.7-flash:q4_K_M,ollama,47.0537643,14
1788048780,glm-4.7-flash:q4_K_M,ollama,47.0537643,14
1788048840,glm-4.7-flash:q4_K_M,ollama,47.0537643,14
1788048900,glm-4.7-flash:q4_K_M,ollama,47.0537643,14
1788048960,glm-4.7-flash:q4_K_M,ollama,47.0537643,14
1788049020,glm-4.7-flash:q4_K_M,ollama,47.0537643,14
1788049080,glm-4.7-flash:q4_K_M,ollama,47.0537643,14
1788049140,glm-4.7-flash:q4_K_M,ollama,47.0537643,14
1788049200,glm-4.7-flash:q4_K_M,ollama,47.0537643,14
1788049260,glm-4.7-flash:q4_K_M,ollama,47.0537643,14
1788049320,glm-4.7-flash:q4_K_M,ollama,47.0537643,14
1788049380,glm-4.7-flash:q4_K_M,ollama,47.0537643,14
1788049440,glm-4.7-flash:q4_K_M,ollama,47.0537643,14
1788049500,glm-4.7-flash:q4_K_M,ollama,47.0537643,14
1788049560,glm-4.7-flash:q4_K_M,ollama,47.0537643,14
1788049620,glm-4.7-flash:q4_K_M,ollama,47.0537643,14
1788049680,glm-4.7-flash:q4_K_M,ollama,47.0537643,14
1788049740,glm-4.7-flash:q4_K_M,ollama,47.0537643,14
1788049800,glm-4.7-flash:q4_K_M,ollama,47.0537643,14
1788049860,glm-4.7-flash:q4_K_M,ollama,47.0537643,14
1788049920,glm-4.7-flash:q4_K_M,ollama,47.0537643,14
1788049980,glm-4.7-flash:q4_K_M,ollama,47.0537643,14
1788050040,glm-4.7-flash:q4_K_M,ollama,47.0537643,14
1788050100,glm-4.7-flash:q4_K_M,ollama,47.0537643,14
1788050160,glm-4.7-flash:q4_K_M,ollama,47.0537643,14
1788050220,glm-4.7-flash:q4_K_M,ollama,47.0537643,14
1788050280,glm-4.7-flash:q4_K_M,ollama,47.0537643,14
1788050340,glm-4.7-flash:q4_K_M,ollama,47.0537643,14
1788050400,glm-4.7-flash:q4_K_M,ollama,47.0537643,14
1788050460,glm-4.7-flash:q4_K_M,ollama,47.0537643,14
1788050520,glm-4.7-flash:q4_K_M,ollama,47.0537643,14
1788050580,glm-4.7-flash:q4_K_M,ollama,47.0537643,14
1788050640,glm-4.7-flash:q4_K_M,ollama,51.2483852,15
1788050700,glm-4.7-flash:q4_K_M,ollama,51.2483852,15
1788050760,glm-4.7-flash:q4_K_M,ollama,51.2483852,15
1788050820,glm-4.7-flash:q4_K_M,ollama,51.2483852,15
1788050880,glm-4.7-flash:q4_K_M,ollama,51.2483852,15
1788050940,glm-4.7-flash:q4_K_M,ollama,51.2483852,15
1788051000,glm-4.7-flash:q4_K_M,ollama,51.2483852,15
1788051060,glm-4.7-flash:q4_K_M,ollama,51.2483852,15
1788051120,glm-4.7-flash:q4_K_M,ollama,51.2483852,15
1788051180,glm-4.7-flash:q4_K_M,ollama,51.2483852,15
1788051240,glm-4.7-flash:q4_K_M,ollama,51.2483852,15
1788051300,glm-4.7-flash:q4_K_M,ollama,51.2483852,15
1788051360,glm-4.7-flash:q4_K_M,ollama,51.2483852,15
1788051420,glm-4.7-flash:q4_K_M,ollama,51.2483852,15
1788051480,glm-4.7-flash:q4_K_M,ollama,51.2483852,15
1788051540,glm-4.7-flash:q4_K_M,ollama,51.2483852,15
1788051600,glm-4.7-flash:q4_K_M,ollama,51.2483852,15
1788051660,glm-4.7-flash:q4_K_M,ollama,51.2483852,15
1788051720,glm-4.7-flash:q4_K_M,ollama,51.2483852,15
1788051780,glm-4.7-flash:q4_K_M,ollama,51.2483852,15
1788051840,glm-4.7-flash:q4_K_M,ollama,51.2483852,15
1788051900,glm-4.7-flash:q4_K_M,ollama,51.2483852,15
1788051960,glm-4.7-flash:q4_K_M,ollama,51.2483852,15
1788052020,glm-4.7-flash:q4_K_M,ollama,51.2483852,15
1788052080,glm-4.7-flash:q4_K_M,ollama,51.2483852,15
1788052140,glm-4.7-flash:q4_K_M,ollama,51.2483852,15
1788052200,glm-4.7-flash:q4_K_M,ollama,51.2483852,15
1788052260,glm-4.7-flash:q4_K_M,ollama,51.2483852,15
1788052320,glm-4.7-flash:q4_K_M,ollama,51.2483852,15
1788052380,glm-4.7-flash:q4_K_M,ollama,51.2483852,15
1788052440,glm-4.7-flash:q4_K_M,ollama,51.2483852,15
1788052500,glm-4.7-flash:q4_K_M,ollama,51.2483852,15
1788052560,glm-4.7-flash:q4_K_M,ollama,51.2483852,15
1788052620,glm-4.7-flash:q4_K_M,ollama,51.2483852,15
1788052680,glm-4.7-flash:q4_K_M,ollama,51.2483852,15
1788052740,glm-4.7-flash:q4_K_M,ollama,51.2483852,15
1788052800,glm-4.7-flash:q4_K_M,ollama,51.2483852,15
1788052860,glm-4.7-flash:q4_K_M,ollama,51.2483852,15
1788052920,glm-4.7-flash:q4_K_M,ollama,51.2483852,15
1788052980,glm-4.7-flash:q4_K_M,ollama,51.2483852,15
1788053040,glm-4.7-flash:q4_K_M,ollama,51.2483852,15
1788053100,glm-4.7-flash:q4_K_M,ollama,51.2483852,15
1788053160,glm-4.7-flash:q4_K_M,ollama,51.2483852,15
1788053220,glm-4.7-flash:q4_K_M,ollama,51.2483852,15
1788053280,glm-4.7-flash:q4_K_M,ollama,51.2483852,15
1788053340,glm-4.7-flash:q4_K_M,ollama,51.2483852,15
1788053400,glm-4.7-flash:q4_K_M,ollama,51.2483852,15
1788053460,glm-4.7-flash:q4_K_M,ollama,51.2483852,15
1788053520,glm-4.7-flash:q4_K_M,ollama,51.2483852,15
1788053580,glm-4.7-flash:q4_K_M,ollama,51.2483852,15
1788053640,glm-4.7-flash:q4_K_M,ollama,51.2483852,15
1788053700,glm-4.7-flash:q4_K_M,ollama,51.2483852,15
1788053760,glm-4.7-flash:q4_K_M,ollama,51.2483852,15
1788053820,glm-4.7-flash:q4_K_M,ollama,51.2483852,15
1788053880,glm-4.7-flash:q4_K_M,ollama,51.2483852,15
1788053940,glm-4.7-flash:q4_K_M,ollama,51.2483852,15
1788054000,glm-4.7-flash:q4_K_M,ollama,51.2483852,15
1788054060,glm-4.7-flash:q4_K_M,ollama,51.2483852,15
1788054120,glm-4.7-flash:q4_K_M,ollama,51.2483852,15
1788054180,glm-4.7-flash:q4_K_M,ollama,51.2483852,15
1788054240,glm-4.7-flash:q4_K_M,ollama,51.2483852,15
1788054300,glm-4.7-flash:q4_K_M,ollama,51.2483852,15
1788054360,glm-4.7-flash:q4_K_M,ollama,51.2483852,15
1788054420,glm-4.7-flash:q4_K_M,ollama,51.2483852,15
1788054480,glm-4.7-flash:q4_K_M,ollama,51.2483852,15
1788054540,glm-4.7-flash:q4_K_M,ollama,51.2483852,15
1788054600,glm-4.7-flash:q4_K_M,ollama,51.2483852,15
1788054660,glm-4.7-flash:q4_K_M,ollama,51.2483852,15
1788054720,glm-4.7-flash:q4_K_M,ollama,51.2483852,15
1788054780,glm-4.7-flash:q4_K_M,ollama,51.2483852,15
1788054840,glm-4.7-flash:q4_K_M,ollama,51.2483852,15
1788054900,glm-4.7-flash:q4_K_M,ollama,54.1951870,16
1788054960,glm-4.7-flash:q4_K_M,ollama,54.1951870,16
1788055020,glm-4.7-flash:q4_K_M,ollama,54.1951870,16
1788055080,glm-4.7-flash:q4_K_M,ollama,54.1951870,16
1788055140,glm-4.7-flash:q4_K_M,ollama,54.1951870,16
1788055200,glm-4.7-flash:q4_K_M,ollama,54.1951870,16
1788055260,glm-4.7-flash:q4_K_M,ollama,54.1951870,16
1788055320,glm-4.7-flash:q4_K_M,ollama,54.1951870,16
1788055380,glm-4.7-flash:q4_K_M,ollama,59.7206201,17
1788055440,glm-4.7-flash:q4_K_M,ollama,59.7206201,17
1788055500,glm-4.7-flash:q4_K_M,ollama,59.7206201,17
1788055560,glm-4.7-flash:q4_K_M,ollama,59.7206201,17
1788055620,glm-4.7-flash:q4_K_M,ollama,59.7206201,17
1788055680,glm-4.7-flash:q4_K_M,ollama,59.7206201,17
1788055740,glm-4.7-flash:q4_K_M,ollama,59.7206201,17
1788055800,glm-4.7-flash:q4_K_M,ollama,59.7206201,17
1788055860,glm-4.7-flash:q4_K_M,ollama,59.7206201,17
1788055920,glm-4.7-flash:q4_K_M,ollama,59.7206201,17
1788055980,glm-4.7-flash:q4_K_M,ollama,59.7206201,17
1788056040,glm-4.7-flash:q4_K_M,ollama,59.7206201,17
1788056100,glm-4.7-flash:q4_K_M,ollama,59.7206201,17
1788056160,glm-4.7-flash:q4_K_M,ollama,59.7206201,17
1788056220,glm-4.7-flash:q4_K_M,ollama,59.7206201,17
1788056280,glm-4.7-flash:q4_K_M,ollama,59.7206201,17
1788056340,glm-4.7-flash:q4_K_M,ollama,59.7206201,17
1788056400,glm-4.7-flash:q4_K_M,ollama,59.7206201,17
1788056460,glm-4.7-flash:q4_K_M,ollama,59.7206201,17
1788056520,glm-4.7-flash:q4_K_M,ollama,59.7206201,17
1788056580,glm-4.7-flash:q4_K_M,ollama,59.7206201,17
1788056640,glm-4.7-flash:q4_K_M,ollama,59.7206201,17
1788056700,glm-4.7-flash:q4_K_M,ollama,59.7206201,17
1788056760,glm-4.7-flash:q4_K_M,ollama,59.7206201,17
1788056820,glm-4.7-flash:q4_K_M,ollama,59.7206201,17
1788056880,glm-4.7-flash:q4_K_M,ollama,59.7206201,17
1788056940,glm-4.7-flash:q4_K_M,ollama,59.7206201,17
1788057000,glm-4.7-flash:q4_K_M,ollama,59.7206201,17
1788057060,glm-4.7-flash:q4_K_M,ollama,59.7206201,17
1788057120,glm-4.7-flash:q4_K_M,ollama,59.7206201,17
1788057180,glm-4.7-flash:q4_K_M,ollama,59.7206201,17
1788057240,glm-4.7-flash:q4_K_M,ollama,59.7206201,17
1788057300,glm-4.7-flash:q4_K_M,ollama,59.7206201,17
1788057360,glm-4.7-flash:q4_K_M,ollama,59.7206201,17
1788057420,glm-4.7-flash:q4_K_M,ollama,59.7206201,17
1788057480,glm-4.7-flash:q4_K_M,ollama,59.7206201,17
1788057540,glm-4.7-flash:q4_K_M,ollama,59.7206201,17
1788057600,glm-4.7-flash:q4_K_M,ollama,59.7206201,17
1788057660,glm-4.7-flash:q4_K_M,ollama,59.7206201,17
1788057720,glm-4.7-flash:q4_K_M,ollama,59.7206201,17
1788057780,glm-4.7-flash:q4_K_M,ollama,59.7206201,17
1788057840,glm-4.7-flash:q4_K_M,ollama,59.7206201,17
1788057900,glm-4.7-flash:q4_K_M,ollama,59.7206201,17
1788057960,glm-4.7-flash:q4_K_M,ollama,59.7206201,17
1788058020,glm-4.7-flash:q4_K_M,ollama,65.6580171,18
1788058080,glm-4.7-flash:q4_K_M,ollama,65.6580171,18
1788058140,glm-4.7-flash:q4_K_M,ollama,65.6580171,18
1788058200,glm-4.7-flash:q4_K_M,ollama,65.6580171,18
1788058260,glm-4.7-flash:q4_K_M,ollama,65.6580171,18
1788058320,glm-4.7-flash:q4_K_M,ollama,65.6580171,18
1788058380,glm-4.7-flash:q4_K_M,ollama,65.6580171,18
1788058440,glm-4.7-flash:q4_K_M,ollama,65.6580171,18
1788058500,glm-4.7-flash:q4_K_M,ollama,65.6580171,18
1788058560,glm-4.7-flash:q4_K_M,ollama,65.6580171,18
1788058620,glm-4.7-flash:q4_K_M,ollama,65.6580171,18
1788058680,glm-4.7-flash:q4_K_M,ollama,65.6580171,18
1788058740,glm-4.7-flash:q4_K_M,ollama,65.6580171,18
1788058800,glm-4.7-flash:q4_K_M,ollama,65.6580171,18
1788058860,glm-4.7-flash:q4_K_M,ollama,65.6580171,18
1788058920,glm-4.7-flash:q4_K_M,ollama,65.6580171,18
1788058980,glm-4.7-flash:q4_K_M,ollama,65.6580171,18
1788059040,glm-4.7-flash:q4_K_M,ollama,65.6580171,18
1788059100,glm-4.7-flash:q4_K_M,ollama,65.6580171,18
1788059160,glm-4.7-flash:q4_K_M,ollama,65.6580171,18
1788059220,glm-4.7-flash:q4_K_M,ollama,65.6580171,18
1788059280,glm-4.7-flash:q4_K_M,ollama,65.6580171,18
1788059340,glm-4.7-flash:q4_K_M,ollama,66.7678650,19
1788059400,glm-4.7-flash:q4_K_M,ollama,66.7678650,19
1788059460,glm-4.7-flash:q4_K_M,ollama,66.7678650,19
1788059520,glm-4.7-flash:q4_K_M,ollama,66.7678650,19
1788059580,glm-4.7-flash:q4_K_M,ollama,66.7678650,19
1788059640,glm-4.7-flash:q4_K_M,ollama,66.7678650,19
1788059700,glm-4.7-flash:q4_K_M,ollama,66.7678650,19
1788059760,glm-4.7-flash:q4_K_M,ollama,66.7678650,19
1788059820,glm-4.7-flash:q4_K_M,ollama,66.7678650,19
1788059880,glm-4.7-flash:q4_K_M,ollama,66.7678650,19
1788059940,glm-4.7-flash:q4_K_M,ollama,66.7678650,19
1788060000,glm-4.7-flash:q4_K_M,ollama,66.7678650,19
1788060060,glm-4.7-flash:q4_K_M,ollama,66.7678650,19
1788060120,glm-4.7-flash:q4_K_M,ollama,66.7678650,19
1788060180,glm-4.7-flash:q4_K_M,ollama,66.7678650,19
1788060240,glm-4.7-flash:q4_K_M,ollama,66.7678650,19
1788060300,glm-4.7-flash:q4_K_M,ollama,66.7678650,19
1788060360,glm-4.7-flash:q4_K_M,ollama,66.7678650,19
1788060420,glm-4.7-flash:q4_K_M,ollama,66.7678650,19
1788060480,glm-4.7-flash:q4_K_M,ollama,66.7678650,19
1788060540,glm-4.7-flash:q4_K_M,ollama,66.7678650,19
1788060600,glm-4.7-flash:q4_K_M,ollama,66.7678650,19
1788060660,glm-4.7-flash:q4_K_M,ollama,66.7678650,19
1788060720,glm-4.7-flash:q4_K_M,ollama,66.7678650,19
1788060780,glm-4.7-flash:q4_K_M,ollama,66.7678650,19
1788060840,glm-4.7-flash:q4_K_M,ollama,66.7678650,19
1788060900,glm-4.7-flash:q4_K_M,ollama,66.7678650,19
1788060960,glm-4.7-flash:q4_K_M,ollama,66.7678650,19
1788061020,glm-4.7-flash:q4_K_M,ollama,66.7678650,19
1788061080,glm-4.7-flash:q4_K_M,ollama,66.7678650,19
1788061140,glm-4.7-flash:q4_K_M,ollama,66.7678650,19
1788061200,glm-4.7-flash:q4_K_M,ollama,66.7678650,19
1788061260,glm-4.7-flash:q4_K_M,ollama,66.7678650,19
1788061320,glm-4.7-flash:q4_K_M,ollama,66.7678650,19
1788061380,glm-4.7-flash:q4_K_M,ollama,66.7678650,19
1788061440,glm-4.7-flash:q4_K_M,ollama,66.7678650,19
1788061500,glm-4.7-flash:q4_K_M,ollama,66.7678650,19
1788061560,glm-4.7-flash:q4_K_M,ollama,66.7678650,19
1788061620,glm-4.7-flash:q4_K_M,ollama,66.7678650,19
1788061680,glm-4.7-flash:q4_K_M,ollama,66.7678650,19
1788061740,glm-4.7-flash:q4_K_M,ollama,66.7678650,19
1788061800,glm-4.7-flash:q4_K_M,ollama,66.7678650,19
1788061860,glm-4.7-flash:q4_K_M,ollama,66.7678650,19
1788061920,glm-4.7-flash:q4_K_M,ollama,66.7678650,19
1788061980,glm-4.7-flash:q4_K_M,ollama,66.7678650,19
1788062040,glm-4.7-flash:q4_K_M,ollama,66.7678650,19
1788062100,glm-4.7-flash:q4_K_M,ollama,66.7678650,19
1788062160,glm-4.7-flash:q4_K_M,ollama,66.7678650,19
1788062220,glm-4.7-flash:q4_K_M,ollama,66.7678650,19
1788062280,glm-4.7-flash:q4_K_M,ollama,66.7678650,19
1788062340,glm-4.7-flash:q4_K_M,ollama,66.7678650,19
1788062400,glm-4.7-flash:q4_K_M,ollama,66.7678650,19
1788062460,glm-4.7-flash:q4_K_M,ollama,66.7678650,19
1788062520,glm-4.7-flash:q4_K_M,ollama,66.7678650,19
1788062580,glm-4.7-flash:q4_K_M,ollama,66.7678650,19
1788062640,glm-4.7-flash:q4_K_M,ollama,66.7678650,19
1788062700,glm-4.7-flash:q4_K_M,ollama,66.7678650,19
1788062760,glm-4.7-flash:q4_K_M,ollama,66.7678650,19
1788062820,glm-4.7-flash:q4_K_M,ollama,66.7678650,19
1788062880,glm-4.7-flash:q4_K_M,ollama,66.7678650,19
1788062940,glm-4.7-flash:q4_K_M,ollama,66.7678650,19
1788063000,glm-4.7-flash:q4_K_M,ollama,66.7678650,19
1788063060,glm-4.7-flash:q4_K_M,ollama,66.7678650,19
1788063120,glm-4.7-flash:q4_K_M,ollama,66.7678650,19
1788063180,glm-4.7-flash:q4_K_M,ollama,66.7678650,19
1788063240,glm-4.7-flash:q4_K_M,ollama,66.7678650,19
1788063300,glm-4.7-flash:q4_K_M,ollama,66.7678650,19
1788063360,glm-4.7-flash:q4_K_M,ollama,66.7678650,19
1788063420,glm-4.7-flash:q4_K_M,ollama,66.7678650,19
1788063480,glm-4.7-flash:q4_K_M,ollama,66.7678650,19
1788063540,glm-4.7-flash:q4_K_M,ollama,66.7678650,19
1788063600,glm-4.7-flash:q4_K_M,ollama,66.7678650,19
1788063660,glm-4.7-flash:q4_K_M,ollama,66.7678650,19
1788063720,glm-4.7-flash:q4_K_M,ollama,66.7678650,19
1788063780,glm-4.7-flash:q4_K_M,ollama,66.7678650,19
1788063840,glm-4.7-flash:q4_K_M,ollama,66.7678650,19
1788063900,glm-4.7-flash:q4_K_M,ollama,66.7678650,19
1788063960,glm-4.7-flash:q4_K_M,ollama,66.7678650,19
1788064020,glm-4.7-flash:q4_K_M,ollama,66.7678650,19
1788064080,glm-4.7-flash:q4_K_M,ollama,66.7678650,19
1788064140,glm-4.7-flash:q4_K_M,ollama,66.7678650,19
1788064200,glm-4.7-flash:q4_K_M,ollama,66.7678650,19
1788064260,glm-4.7-flash:q4_K_M,ollama,66.7678650,19
1788064320,glm-4.7-flash:q4_K_M,ollama,66.7678650,19
1788064380,glm-4.7-flash:q4_K_M,ollama,66.7678650,19
1788064440,glm-4.7-flash:q4_K_M,ollama,66.7678650,19
1788064500,glm-4.7-flash:q4_K_M,ollama,66.7678650,19
1788064560,glm-4.7-flash:q4_K_M,ollama,66.7678650,19
1788064620,glm-4.7-flash:q4_K_M,ollama,66.7678650,19
1788064680,glm-4.7-flash:q4_K_M,ollama,72.3284751,20
1788064740,glm-4.7-flash:q4_K_M,ollama,72.3284751,20
1788064800,glm-4.7-flash:q4_K_M,ollama,72.3284751,20
1788064860,glm-4.7-flash:q4_K_M,ollama,72.3284751,20
1788064920,glm-4.7-flash:q4_K_M,ollama,72.3284751,20
1788064980,glm-4.7-flash:q4_K_M,ollama,72.3284751,20
1788065040,glm-4.7-flash:q4_K_M,ollama,72.3284751,20
1788065100,glm-4.7-flash:q4_K_M,ollama,72.3284751,20
1788065160,glm-4.7-flash:q4_K_M,ollama,72.3284751,20
1788065220,glm-4.7-flash:q4_K_M,ollama,72.3284751,20
1788065280,glm-4.7-flash:q4_K_M,ollama,72.3284751,20
1788065340,glm-4.7-flash:q4_K_M,ollama,72.3284751,20
1788065400,glm-4.7-flash:q4_K_M,ollama,72.3284751,20
1788065460,glm-4.7-flash:q4_K_M,ollama,72.3284751,20
1788065520,glm-4.7-flash:q4_K_M,ollama,72.3284751,20
1788065580,glm-4.7-flash:q4_K_M,ollama,72.3284751,20
1788065640,glm-4.7-flash:q4_K_M,ollama,72.3284751,20
1788065700,glm-4.7-flash:q4_K_M,ollama,72.3284751,20
1788065760,glm-4.7-flash:q4_K_M,ollama,72.3284751,20
1788065820,glm-4.7-flash:q4_K_M,ollama,72.3284751,20
1788065880,glm-4.7-flash:q4_K_M,ollama,72.3284751,20
1788065940,glm-4.7-flash:q4_K_M,ollama,72.3284751,20
1788066000,glm-4.7-flash:q4_K_M,ollama,72.3284751,20
1788066060,glm-4.7-flash:q4_K_M,ollama,72.3284751,20
1788066120,glm-4.7-flash:q4_K_M,ollama,72.3284751,20
1788066180,glm-4.7-flash:q4_K_M,ollama,72.3284751,20
1788066240,glm-4.7-flash:q4_K_M,ollama,72.3284751,20
1788066300,glm-4.7-flash:q4_K_M,ollama,72.3284751,20
1788066360,glm-4.7-flash:q4_K_M,ollama,72.3284751,20
1788066420,glm-4.7-flash:q4_K_M,ollama,72.3284751,20
1788066480,glm-4.7-flash:q4_K_M,ollama,72.3284751,20
1788066540,glm-4.7-flash:q4_K_M,ollama,72.3284751,20
1788066600,glm-4.7-flash:q4_K_M,ollama,72.3284751,20
1788066660,glm-4.7-flash:q4_K_M,ollama,72.3284751,20
1788066720,glm-4.7-flash:q4_K_M,ollama,72.3284751,20
1788066780,glm-4.7-flash:q4_K_M,ollama,72.3284751,20
1788066840,glm-4.7-flash:q4_K_M,ollama,72.3284751,20
1788066900,glm-4.7-flash:q4_K_M,ollama,72.3284751,20
1788066960,glm-4.7-flash:q4_K_M,ollama,72.3284751,20
1788067020,glm-4.7-flash:q4_K_M,ollama,72.3284751,20
1788067080,glm-4.7-flash:q4_K_M,ollama,72.3284751,20
1788067140,glm-4.7-flash:q4_K_M,ollama,72.3284751,20
1788067200,glm-4.7-flash:q4_K_M,ollama,72.3284751,20
1788067260,glm-4.7-flash:q4_K_M,ollama,72.3284751,20
1788067320,glm-4.7-flash:q4_K_M,ollama,72.3284751,20
1788067380,glm-4.7-flash:q4_K_M,ollama,72.3284751,20
1788067440,glm-4.7-flash:q4_K_M,ollama,72.3284751,20
1788067500,glm-4.7-flash:q4_K_M,ollama,72.3284751,20
1788067560,glm-4.7-flash:q4_K_M,ollama,72.3284751,20
1788067620,glm-4.7-flash:q4_K_M,ollama,72.3284751,20
1788067680,glm-4.7-flash:q4_K_M,ollama,72.3284751,20
1788067740,glm-4.7-flash:q4_K_M,ollama,72.3284751,20
1788067800,glm-4.7-flash:q4_K_M,ollama,72.3284751,20
1788067860,glm-4.7-flash:q4_K_M,ollama,72.3284751,20
1788067920,glm-4.7-flash:q4_K_M,ollama,72.3284751,20
1788067980,glm-4.7-flash:q4_K_M,ollama,72.3284751,20
1788068040,glm-4.7-flash:q4_K_M,ollama,72.3284751,20
1788068100,glm-4.7-flash:q4_K_M,ollama,72.3284751,20
1788068160,glm-4.7-flash:q4_K_M,ollama,72.3284751,20
1788068220,glm-4.7-flash:q4_K_M,ollama,72.3284751,20
1788068280,glm-4.7-flash:q4_K_M,ollama,72.3284751,20
1788068340,glm-4.7-flash:q4_K_M,ollama,72.3284751,20
1788068400,glm-4.7-flash:q4_K_M,ollama,72.3284751,20
1788068460,glm-4.7-flash:q4_K_M,ollama,72.3284751,20
1788068520,glm-4.7-flash:q4_K_M,ollama,72.3284751,20
1788068580,glm-4.7-flash:q4_K_M,ollama,72.3284751,20
1788068640,glm-4.7-flash:q4_K_M,ollama,72.3284751,20
1788068700,glm-4.7-flash:q4_K_M,ollama,72.3284751,20
1788068760,glm-4.7-flash:q4_K_M,ollama,72.3284751,20
1788068820,glm-4.7-flash:q4_K_M,ollama,72.3284751,20
1788068880,glm-4.7-flash:q4_K_M,ollama,72.3284751,20
1788068940,glm-4.7-flash:q4_K_M,ollama,72.3284751,20
1788069000,glm-4.7-flash:q4_K_M,ollama,72.3284751,20
1788069060,glm-4.7-flash:q4_K_M,ollama,72.3284751,20
1788069120,glm-4.7-flash:q4_K_M,ollama,72.3284751,20
1788069180,glm-4.7-flash:q4_K_M,ollama,72.3284751,20
1788069240,glm-4.7-flash:q4_K_M,ollama,72.3284751,20
1788069300,glm-4.7-flash:q4_K_M,ollama,72.3284751,20
1788069360,glm-4.7-flash:q4_K_M,ollama,72.3284751,20
1788069420,glm-4.7-flash:q4_K_M,ollama,72.3284751,20
1788069480,glm-4.7-flash:q4_K_M,ollama,72.3284751,20
1788069540,glm-4.7-flash:q4_K_M,ollama,72.3284751,20
1788069600,glm-4.7-flash:q4_K_M,ollama,72.3284751,20
1788069660,glm-4.7-flash:q4_K_M,ollama,72.3284751,20
1788069720,glm-4.7-flash:q4_K_M,ollama,72.3284751,20
1788069780,glm-4.7-flash:q4_K_M,ollama,72.3284751,20
1788069840,glm-4.7-flash:q4_K_M,ollama,72.3284751,20
1788069900,glm-4.7-flash:q4_K_M,ollama,72.3284751,20
1788069960,glm-4.7-flash:q4_K_M,ollama,72.3284751,20
1788070020,glm-4.7-flash:q4_K_M,ollama,72.3284751,20
1788070080,glm-4.7-flash:q4_K_M,ollama,72.3284751,20
1788070140,glm-4.7-flash:q4_K_M,ollama,72.3284751,20
1788070200,glm-4.7-flash:q4_K_M,ollama,72.3284751,20
1788070260,glm-4.7-flash:q4_K_M,ollama,72.3284751,20
1788070320,glm-4.7-flash:q4_K_M,ollama,72.3284751,20
1788070380,glm-4.7-flash:q4_K_M,ollama,72.3284751,20
1788070440,glm-4.7-flash:q4_K_M,ollama,72.3284751,20
1788070500,glm-4.7-flash:q4_K_M,ollama,72.3284751,20
1788070560,glm-4.7-flash:q4_K_M,ollama,72.3284751,20
1788070620,glm-4.7-flash:q4_K_M,ollama,72.3284751,20
1788070680,glm-4.7-flash:q4_K_M,ollama,72.3284751,20
1788070740,glm-4.7-flash:q4_K_M,ollama,72.3284751,20
1788070800,glm-4.7-flash:q4_K_M,ollama,72.3284751,20
1788070860,glm-4.7-flash:q4_K_M,ollama,72.3284751,20
1788070920,glm-4.7-flash:q4_K_M,ollama,72.3284751,20
1788070980,glm-4.7-flash:q4_K_M,ollama,72.3284751,20
1788071040,glm-4.7-flash:q4_K_M,ollama,72.3284751,20
1788071100,glm-4.7-flash:q4_K_M,ollama,72.3284751,20
1788071160,glm-4.7-flash:q4_K_M,ollama,72.3284751,20
1788071220,glm-4.7-flash:q4_K_M,ollama,72.3284751,20
1788071280,glm-4.7-flash:q4_K_M,ollama,72.3284751,20
1788071340,glm-4.7-flash:q4_K_M,ollama,72.3284751,20
1788071400,glm-4.7-flash:q4_K_M,ollama,72.3284751,20
1788071460,glm-4.7-flash:q4_K_M,ollama,72.3284751,20
1788071520,glm-4.7-flash:q4_K_M,ollama,72.3284751,20
1788071580,glm-4.7-flash:q4_K_M,ollama,72.3284751,20
1788071640,glm-4.7-flash:q4_K_M,ollama,72.3284751,20
1788071700,glm-4.7-flash:q4_K_M,ollama,72.3284751,20
1788071760,glm-4.7-flash:q4_K_M,ollama,72.3284751,20
1788071820,glm-4.7-flash:q4_K_M,ollama,72.3284751,20
1788071880,glm-4.7-flash:q4_K_M,ollama,72.3284751,20
1788071940,glm-4.7-flash:q4_K_M,ollama,72.3284751,20
1788072000,glm-4.7-flash:q4_K_M,ollama,72.3284751,20
1788072060,glm-4.7-flash:q4_K_M,ollama,72.3284751,20
1788072120,glm-4.7-flash:q4_K_M,ollama,72.3284751,20
1788072180,glm-4.7-flash:q4_K_M,ollama,72.3284751,20
1788072240,glm-4.7-flash:q4_K_M,ollama,72.3284751,20
1788072300,glm-4.7-flash:q4_K_M,ollama,72.3284751,20
1788072360,glm-4.7-flash:q4_K_M,ollama,72.3284751,20
1788072420,glm-4.7-flash:q4_K_M,ollama,72.3284751,20
1788072480,glm-4.7-flash:q4_K_M,ollama,72.3284751,20
1788072540,glm-4.7-flash:q4_K_M,ollama,72.3284751,20
1788072600,glm-4.7-flash:q4_K_M,ollama,72.3284751,20
1788072660,glm-4.7-flash:q4_K_M,ollama,72.3284751,20
1788072720,glm-4.7-flash:q4_K_M,ollama,72.3284751,20
1788072780,glm-4.7-flash:q4_K_M,ollama,72.3284751,20
1788072840,glm-4.7-flash:q4_K_M,ollama,72.3284751,20
1788072900,glm-4.7-flash:q4_K_M,ollama,72.3284751,20
1788072960,glm-4.7-flash:q4_K_M,ollama,72.3284751,20
1788073020,glm-4.7-flash:q4_K_M,ollama,72.3284751,20
1788073080,glm-4.7-flash:q4_K_M,ollama,72.3284751,20
1788073140,glm-4.7-flash:q4_K_M,ollama,72.3284751,20
1788073200,glm-4.7-flash:q4_K_M,ollama,72.3284751,20
1788073260,glm-4.7-flash:q4_K_M,ollama,72.3284751,20
1788073320,glm-4.7-flash:q4_K_M,ollama,72.3284751,20
1788073380,glm-4.7-flash:q4_K_M,ollama,72.3284751,20
1788073440,glm-4.7-flash:q4_K_M,ollama,72.3284751,20
1788073500,glm-4.7-flash:q4_K_M,ollama,72.3284751,20
1788073560,glm-4.7-flash:q4_K_M,ollama,72.3284751,20
1788073620,glm-4.7-flash:q4_K_M,ollama,72.3284751,20
1788073680,glm-4.7-flash:q4_K_M,ollama,72.3284751,20
1788073740,glm-4.7-flash:q4_K_M,ollama,72.3284751,20
1788073800,glm-4.7-flash:q4_K_M,ollama,72.3284751,20
1788073860,glm-4.7-flash:q4_K_M,ollama,72.3284751,20
1788073920,glm-4.7-flash:q4_K_M,ollama,72.3284751,20
1788073980,glm-4.7-flash:q4_K_M,ollama,72.3284751,20
1788074040,glm-4.7-flash:q4_K_M,ollama,72.3284751,20
1788074100,glm-4.7-flash:q4_K_M,ollama,72.3284751,20
1788074160,glm-4.7-flash:q4_K_M,ollama,72.3284751,20
1788074220,glm-4.7-flash:q4_K_M,ollama,72.3284751,20
1788074280,glm-4.7-flash:q4_K_M,ollama,72.3284751,20
1788074340,glm-4.7-flash:q4_K_M,ollama,72.3284751,20
1788074400,glm-4.7-flash:q4_K_M,ollama,72.3284751,20
1788074460,glm-4.7-flash:q4_K_M,ollama,72.3284751,20
1788074520,glm-4.7-flash:q4_K_M,ollama,72.3284751,20
1788074580,glm-4.7-flash:q4_K_M,ollama,72.3284751,20
1788074640,glm-4.7-flash:q4_K_M,ollama,72.3284751,20
1788074700,glm-4.7-flash:q4_K_M,ollama,72.3284751,20
1788074760,glm-4.7-flash:q4_K_M,ollama,72.3284751,20
1788074820,glm-4.7-flash:q4_K_M,ollama,72.3284751,20
1788074880,glm-4.7-flash:q4_K_M,ollama,72.3284751,20
1788074940,glm-4.7-flash:q4_K_M,ollama,72.3284751,20
1788075000,glm-4.7-flash:q4_K_M,ollama,72.3284751,20
1788075060,glm-4.7-flash:q4_K_M,ollama,72.3284751,20
1788075120,glm-4.7-flash:q4_K_M,ollama,72.3284751,20
1788075180,glm-4.7-flash:q4_K_M,ollama,72.3284751,20
1788075240,glm-4.7-flash:q4_K_M,ollama,72.3284751,20
1788075300,glm-4.7-flash:q4_K_M,ollama,78.0550233,21
1788075360,glm-4.7-flash:q4_K_M,ollama,78.0550233,21
1788075420,glm-4.7-flash:q4_K_M,ollama,78.0550233,21
1788075480,glm-4.7-flash:q4_K_M,ollama,78.0550233,21
1788075540,glm-4.7-flash:q4_K_M,ollama,78.0550233,21
1788075600,glm-4.7-flash:q4_K_M,ollama,78.0550233,21
1788075660,glm-4.7-flash:q4_K_M,ollama,78.0550233,21
1788075720,glm-4.7-flash:q4_K_M,ollama,78.0550233,21
1788075780,glm-4.7-flash:q4_K_M,ollama,78.0550233,21
1788075840,glm-4.7-flash:q4_K_M,ollama,78.0550233,21
1788075900,glm-4.7-flash:q4_K_M,ollama,78.0550233,21
1788075960,glm-4.7-flash:q4_K_M,ollama,78.0550233,21
1788076020,glm-4.7-flash:q4_K_M,ollama,78.0550233,21
1788076080,glm-4.7-flash:q4_K_M,ollama,78.0550233,21
1788076140,glm-4.7-flash:q4_K_M,ollama,78.0550233,21
1788076200,glm-4.7-flash:q4_K_M,ollama,78.0550233,21
1788076260,glm-4.7-flash:q4_K_M,ollama,78.0550233,21
1788076320,glm-4.7-flash:q4_K_M,ollama,78.0550233,21
1788076380,glm-4.7-flash:q4_K_M,ollama,78.0550233,21
1788076440,glm-4.7-flash:q4_K_M,ollama,78.0550233,21
1788076500,glm-4.7-flash:q4_K_M,ollama,78.0550233,21
1788076560,glm-4.7-flash:q4_K_M,ollama,78.0550233,21
1788076620,glm-4.7-flash:q4_K_M,ollama,78.0550233,21
1788076680,glm-4.7-flash:q4_K_M,ollama,78.0550233,21
1788076740,glm-4.7-flash:q4_K_M,ollama,78.0550233,21
1788076800,glm-4.7-flash:q4_K_M,ollama,78.0550233,21
1788076860,glm-4.7-flash:q4_K_M,ollama,78.0550233,21
1788076920,glm-4.7-flash:q4_K_M,ollama,78.0550233,21
1788076980,glm-4.7-flash:q4_K_M,ollama,78.0550233,21
1788077040,glm-4.7-flash:q4_K_M,ollama,78.0550233,21
1788077100,glm-4.7-flash:q4_K_M,ollama,78.0550233,21
1788077160,glm-4.7-flash:q4_K_M,ollama,78.0550233,21
1788077220,glm-4.7-flash:q4_K_M,ollama,78.0550233,21
1788077280,glm-4.7-flash:q4_K_M,ollama,78.0550233,21
1788077340,glm-4.7-flash:q4_K_M,ollama,78.0550233,21
1788077400,glm-4.7-flash:q4_K_M,ollama,78.0550233,21
1788077460,glm-4.7-flash:q4_K_M,ollama,78.0550233,21
1788077520,glm-4.7-flash:q4_K_M,ollama,78.0550233,21
1788077580,glm-4.7-flash:q4_K_M,ollama,78.0550233,21
1788077640,glm-4.7-flash:q4_K_M,ollama,78.0550233,21
1788077700,glm-4.7-flash:q4_K_M,ollama,78.0550233,21
1788077760,glm-4.7-flash:q4_K_M,ollama,78.0550233,21
1788077820,glm-4.7-flash:q4_K_M,ollama,78.0550233,21
1788077880,glm-4.7-flash:q4_K_M,ollama,78.0550233,21
1788077940,glm-4.7-flash:q4_K_M,ollama,78.0550233,21
1788078000,glm-4.7-flash:q4_K_M,ollama,78.0550233,21
1788078060,glm-4.7-flash:q4_K_M,ollama,78.0550233,21
1788078120,glm-4.7-flash:q4_K_M,ollama,78.0550233,21
1788078180,glm-4.7-flash:q4_K_M,ollama,78.0550233,21
1788078240,glm-4.7-flash:q4_K_M,ollama,78.0550233,21
1788078300,glm-4.7-flash:q4_K_M,ollama,78.0550233,21
1788078360,glm-4.7-flash:q4_K_M,ollama,78.0550233,21
1788078420,glm-4.7-flash:q4_K_M,ollama,78.0550233,21
1788078480,glm-4.7-flash:q4_K_M,ollama,78.0550233,21
1788078540,glm-4.7-flash:q4_K_M,ollama,78.0550233,21
1788078600,glm-4.7-flash:q4_K_M,ollama,78.0550233,21
1788078660,glm-4.7-flash:q4_K_M,ollama,78.0550233,21
1788078720,glm-4.7-flash:q4_K_M,ollama,78.0550233,21
1788078780,glm-4.7-flash:q4_K_M,ollama,78.0550233,21
1788078840,glm-4.7-flash:q4_K_M,ollama,78.0550233,21
1788078900,glm-4.7-flash:q4_K_M,ollama,78.0550233,21
1788078960,glm-4.7-flash:q4_K_M,ollama,78.0550233,21
1788079020,glm-4.7-flash:q4_K_M,ollama,78.0550233,21
1788079080,glm-4.7-flash:q4_K_M,ollama,78.0550233,21
1788079140,glm-4.7-flash:q4_K_M,ollama,78.0550233,21
1788079200,glm-4.7-flash:q4_K_M,ollama,78.0550233,21
1788079260,glm-4.7-flash:q4_K_M,ollama,78.0550233,21
1788079320,glm-4.7-flash:q4_K_M,ollama,78.0550233,21
1788079380,glm-4.7-flash:q4_K_M,ollama,78.0550233,21
1788079440,glm-4.7-flash:q4_K_M,ollama,78.0550233,21
1788079500,glm-4.7-flash:q4_K_M,ollama,78.0550233,21
1788079560,glm-4.7-flash:q4_K_M,ollama,78.0550233,21
1788079620,glm-4.7-flash:q4_K_M,ollama,78.0550233,21
1788079680,glm-4.7-flash:q4_K_M,ollama,78.0550233,21
1788079740,glm-4.7-flash:q4_K_M,ollama,78.0550233,21
1788079800,glm-4.7-flash:q4_K_M,ollama,78.0550233,21
1788079860,glm-4.7-flash:q4_K_M,ollama,78.0550233,21
1788079920,glm-4.7-flash:q4_K_M,ollama,78.0550233,21
1788079980,glm-4.7-flash:q4_K_M,ollama,78.0550233,21
1788080040,glm-4.7-flash:q4_K_M,ollama,78.0550233,21
1788080100,glm-4.7-flash:q4_K_M,ollama,78.0550233,21
1788080160,glm-4.7-flash:q4_K_M,ollama,78.0550233,21
1788080220,glm-4.7-flash:q4_K_M,ollama,81.5283270,22
1788080280,glm-4.7-flash:q4_K_M,ollama,81.5283270,22
1788080340,glm-4.7-flash:q4_K_M,ollama,81.5283270,22
1788080400,glm-4.7-flash:q4_K_M,ollama,81.5283270,22
1788080460,glm-4.7-flash:q4_K_M,ollama,81.5283270,22
1788080520,glm-4.7-flash:q4_K_M,ollama,81.5283270,22
1788080580,glm-4.7-flash:q4_K_M,ollama,81.5283270,22
1788080640,glm-4.7-flash:q4_K_M,ollama,81.5283270,22
1788080700,glm-4.7-flash:q4_K_M,ollama,81.5283270,22
1788080760,glm-4.7-flash:q4_K_M,ollama,81.5283270,22
1788080820,glm-4.7-flash:q4_K_M,ollama,81.5283270,22
1788080880,glm-4.7-flash:q4_K_M,ollama,81.5283270,22
1788080940,glm-4.7-flash:q4_K_M,ollama,81.5283270,22
1788081000,glm-4.7-flash:q4_K_M,ollama,85.9521753,23
1788081060,glm-4.7-flash:q4_K_M,ollama,85.9521753,23
1788081120,glm-4.7-flash:q4_K_M,ollama,89.5478921,24
1788081180,glm-4.7-flash:q4_K_M,ollama,89.5478921,24
1788081240,glm-4.7-flash:q4_K_M,ollama,89.5478921,24
1788081300,glm-4.7-flash:q4_K_M,ollama,89.5478921,24
1788081360,glm-4.7-flash:q4_K_M,ollama,89.5478921,24
1788081420,glm-4.7-flash:q4_K_M,ollama,89.5478921,24
1788081480,glm-4.7-flash:q4_K_M,ollama,89.5478921,24
1788081540,glm-4.7-flash:q4_K_M,ollama,89.5478921,24
1788081600,glm-4.7-flash:q4_K_M,ollama,89.5478921,24
1788081660,glm-4.7-flash:q4_K_M,ollama,93.5076485,25
1788081720,glm-4.7-flash:q4_K_M,ollama,93.5076485,25
1788081780,glm-4.7-flash:q4_K_M,ollama,93.5076485,25
1788081840,glm-4.7-flash:q4_K_M,ollama,95.2579537,26
1788081900,glm-4.7-flash:q4_K_M,ollama,95.2579537,26
1788081960,glm-4.7-flash:q4_K_M,ollama,95.2579537,26
1788082020,glm-4.7-flash:q4_K_M,ollama,95.2579537,26
1788082080,glm-4.7-flash:q4_K_M,ollama,95.2579537,26
1788082140,glm-4.7-flash:q4_K_M,ollama,95.2579537,26
1788082200,glm-4.7-flash:q4_K_M,ollama,95.2579537,26
1788082260,glm-4.7-flash:q4_K_M,ollama,95.2579537,26
1788082320,glm-4.7-flash:q4_K_M,ollama,95.2579537,26
1788082380,glm-4.7-flash:q4_K_M,ollama,95.2579537,26
1788082440,glm-4.7-flash:q4_K_M,ollama,95.2579537,26
1788082500,glm-4.7-flash:q4_K_M,ollama,95.2579537,26
1788082560,glm-4.7-flash:q4_K_M,ollama,95.2579537,26
1788082620,glm-4.7-flash:q4_K_M,ollama,95.2579537,26
1788082680,glm-4.7-flash:q4_K_M,ollama,95.2579537,26
1788082740,glm-4.7-flash:q4_K_M,ollama,95.2579537,26
1788082800,glm-4.7-flash:q4_K_M,ollama,95.2579537,26
1788082860,glm-4.7-flash:q4_K_M,ollama,95.2579537,26
1788082920,glm-4.7-flash:q4_K_M,ollama,95.2579537,26
1788082980,glm-4.7-flash:q4_K_M,ollama,95.2579537,26
1788083040,glm-4.7-flash:q4_K_M,ollama,95.2579537,26
1788083100,glm-4.7-flash:q4_K_M,ollama,95.2579537,26
1788083160,glm-4.7-flash:q4_K_M,ollama,95.2579537,26
1788083220,glm-4.7-flash:q4_K_M,ollama,95.2579537,26
1788083280,glm-4.7-flash:q4_K_M,ollama,95.2579537,26
1788083340,glm-4.7-flash:q4_K_M,ollama,95.2579537,26
1788083400,glm-4.7-flash:q4_K_M,ollama,95.2579537,26
1788083460,glm-4.7-flash:q4_K_M,ollama,95.2579537,26
1788083520,glm-4.7-flash:q4_K_M,ollama,95.2579537,26
1788083580,glm-4.7-flash:q4_K_M,ollama,95.2579537,26
1788083640,glm-4.7-flash:q4_K_M,ollama,95.2579537,26
1788083700,glm-4.7-flash:q4_K_M,ollama,95.2579537,26
1788083760,glm-4.7-flash:q4_K_M,ollama,95.2579537,26
1788083820,glm-4.7-flash:q4_K_M,ollama,95.2579537,26
1788083880,glm-4.7-flash:q4_K_M,ollama,95.2579537,26
1788083940,glm-4.7-flash:q4_K_M,ollama,95.2579537,26
1788084000,glm-4.7-flash:q4_K_M,ollama,95.2579537,26
1788084060,glm-4.7-flash:q4_K_M,ollama,95.2579537,26
1788084120,glm-4.7-flash:q4_K_M,ollama,95.2579537,26
1788084180,glm-4.7-flash:q4_K_M,ollama,95.2579537,26
1788084240,glm-4.7-flash:q4_K_M,ollama,95.2579537,26
1788084300,glm-4.7-flash:q4_K_M,ollama,95.2579537,26
1788084360,glm-4.7-flash:q4_K_M,ollama,95.2579537,26
1788084420,glm-4.7-flash:q4_K_M,ollama,95.2579537,26
1788084480,glm-4.7-flash:q4_K_M,ollama,95.2579537,26
1788084540,glm-4.7-flash:q4_K_M,ollama,95.2579537,26
1788084600,glm-4.7-flash:q4_K_M,ollama,95.2579537,26
1788084660,glm-4.7-flash:q4_K_M,ollama,95.2579537,26
1788084720,glm-4.7-flash:q4_K_M,ollama,95.2579537,26
1788084780,glm-4.7-flash:q4_K_M,ollama,95.2579537,26
1788084840,glm-4.7-flash:q4_K_M,ollama,95.2579537,26
1788084900,glm-4.7-flash:q4_K_M,ollama,95.2579537,26
1788084960,glm-4.7-flash:q4_K_M,ollama,95.2579537,26
1788085020,glm-4.7-flash:q4_K_M,ollama,95.2579537,26
1788085080,glm-4.7-flash:q4_K_M,ollama,95.2579537,26
1788085140,glm-4.7-flash:q4_K_M,ollama,95.2579537,26
1788085200,glm-4.7-flash:q4_K_M,ollama,95.2579537,26
1788085260,glm-4.7-flash:q4_K_M,ollama,95.2579537,26
1788085320,glm-4.7-flash:q4_K_M,ollama,95.2579537,26
1788085380,glm-4.7-flash:q4_K_M,ollama,95.2579537,26
1788085440,glm-4.7-flash:q4_K_M,ollama,95.2579537,26
1788085500,glm-4.7-flash:q4_K_M,ollama,95.2579537,26
1788085560,glm-4.7-flash:q4_K_M,ollama,95.2579537,26
1788085620,glm-4.7-flash:q4_K_M,ollama,95.2579537,26
1788085680,glm-4.7-flash:q4_K_M,ollama,95.2579537,26
1788085740,glm-4.7-flash:q4_K_M,ollama,95.2579537,26
1788085800,glm-4.7-flash:q4_K_M,ollama,95.2579537,26
1788085860,glm-4.7-flash:q4_K_M,ollama,95.2579537,26
1788085920,glm-4.7-flash:q4_K_M,ollama,95.2579537,26
1788085980,glm-4.7-flash:q4_K_M,ollama,95.2579537,26
1788086040,glm-4.7-flash:q4_K_M,ollama,95.2579537,26
1788086100,glm-4.7-flash:q4_K_M,ollama,95.2579537,26
1788086160,glm-4.7-flash:q4_K_M,ollama,95.2579537,26
1788086220,glm-4.7-flash:q4_K_M,ollama,95.2579537,26
1788086280,glm-4.7-flash:q4_K_M,ollama,95.2579537,26
1788086340,glm-4.7-flash:q4_K_M,ollama,95.2579537,26
1788000000,meu-assistente,ollama,0.0000000,0
1788000060,meu-assistente,ollama,0.0000000,0
1788000120,meu-assistente,ollama,0.0000000,0
1788000180,meu-assistente,ollama,0.0000000,0
1788000240,meu-assistente,ollama,0.0000000,0
1788000300,meu-assistente,ollama,0.0000000,0
1788000360,meu-assistente,ollama,0.0000000,0
1788000420,meu-assistente,ollama,0.0000000,0
1788000480,meu-assistente,ollama,0.0000000,0
1788000540,meu-assistente,ollama,0.0000000,0
1788000600,meu-assistente,ollama,0.0000000,0
1788000660,meu-assistente,ollama,0.0000000,0
1788000720,meu-assistente,ollama,0.0000000,0
1788000780,meu-assistente,ollama,0.0000000,0
1788000840,meu-assistente,ollama,3.2993735,1
1788000900,meu-assistente,ollama,3.2993735,1
1788000960,meu-assistente,ollama,3.2993735,1
1788001020,meu-assistente,ollama,3.2993735,1
1788001080,meu-assistente,ollama,3.2993735,1
1788001140,meu-assistente,ollama,3.2993735,1
1788001200,meu-assistente,ollama,3.2993735,1
1788001260,meu-assistente,ollama,3.2993735,1
1788001320,meu-assistente,ollama,3.2993735,1
1788001380,meu-assistente,ollama,3.2993735,1
1788001440,meu-assistente,ollama,3.2993735,1
1788001500,meu-assistente,ollama,3.2993735,1
1788001560,meu-assistente,ollama,3.2993735,1
1788001620,meu-assistente,ollama,3.2993735,1
1788001680,meu-assistente,ollama,3.2993735,1
1788001740,meu-assistente,ollama,3.2993735,1
1788001800,meu-assistente,ollama,3.2993735,1
1788001860,meu-assistente,ollama,3.2993735,1
1788001920,meu-assistente,ollama,3.2993735,1
1788001980,meu-assistente,ollama,3.2993735,1
1788002040,meu-assistente,ollama,3.2993735,1
1788002100,meu-assistente,ollama,3.2993735,1
1788002160,meu-assistente,ollama,3.2993735,1
1788002220,meu-assistente,ollama,3.2993735,1
1788002280,meu-assistente,ollama,3.2993735,1
1788002340,meu-assistente,ollama,3.2993735,1
1788002400,meu-assistente,ollama,3.2993735,1
1788002460,meu-assistente,ollama,3.2993735,1
1788002520,meu-assistente,ollama,3.2993735,1
1788002580,meu-assistente,ollama,3.2993735,1
1788002640,meu-assistente,ollama,3.2993735,1
1788002700,meu-assistente,ollama,3.2993735,1
1788002760,meu-assistente,ollama,3.2993735,1
1788002820,meu-assistente,ollama,3.2993735,1
1788002880,meu-assistente,ollama,3.2993735,1
1788002940,meu-assistente,ollama,3.2993735,1
1788003000,meu-assistente,ollama,3.2993735,1
1788003060,meu-assistente,ollama,3.2993735,1
1788003120,meu-assistente,ollama,3.2993735,1
1788003180,meu-assistente,ollama,3.2993735,1
1788003240,meu-assistente,ollama,3.2993735,1
1788003300,meu-assistente,ollama,3.2993735,1
1788003360,meu-assistente,ollama,3.2993735,1
1788003420,meu-assistente,ollama,3.2993735,1
1788003480,meu-assistente,ollama,3.2993735,1
1788003540,meu-assistente,ollama,3.2993735,1
1788003600,meu-assistente,ollama,3.2993735,1
1788003660,meu-assistente,ollama,3.2993735,1
1788003720,meu-assistente,ollama,3.2993735,1
1788003780,meu-assistente,ollama,3.2993735,1
1788003840,meu-assistente,ollama,3.2993735,1
1788003900,meu-assistente,ollama,3.2993735,1
1788003960,meu-assistente,ollama,3.2993735,1
1788004020,meu-assistente,ollama,3.2993735,1
1788004080,meu-assistente,ollama,3.2993735,1
1788004140,meu-assistente,ollama,3.2993735,1
1788004200,meu-assistente,ollama,3.2993735,1
1788004260,meu-assistente,ollama,3.2993735,1
1788004320,meu-assistente,ollama,3.2993735,1
1788004380,meu-assistente,ollama,3.2993735,1
1788004440,meu-assistente,ollama,3.2993735,1
1788004500,meu-assistente,ollama,3.2993735,1
1788004560,meu-assistente,ollama,3.2993735,1
1788004620,meu-assistente,ollama,3.2993735,1
1788004680,meu-assistente,ollama,3.2993735,1
1788004740,meu-assistente,ollama,3.2993735,1
1788004800,meu-assistente,ollama,3.2993735,1
1788004860,meu-assistente,ollama,3.2993735,1
1788004920,meu-assistente,ollama,3.2993735,1
1788004980,meu-assistente,ollama,3.2993735,1
1788005040,meu-assistente,ollama,3.2993735,1
1788005100,meu-assistente,ollama,3.2993735,1
1788005160,meu-assistente,ollama,3.2993735,1
1788005220,meu-assistente,ollama,3.2993735,1
1788005280,meu-assistente,ollama,3.2993735,1
1788005340,meu-assistente,ollama,3.2993735,1
1788005400,meu-assistente,ollama,3.2993735,1
1788005460,meu-assistente,ollama,3.2993735,1
1788005520,meu-assistente,ollama,3.2993735,1
1788005580,meu-assistente,ollama,3.2993735,1
1788005640,meu-assistente,ollama,3.2993735,1
1788005700,meu-assistente,ollama,3.2993735,1
1788005760,meu-assistente,ollama,3.2993735,1
1788005820,meu-assistente,ollama,3.2993735,1
1788005880,meu-assistente,ollama,3.2993735,1
1788005940,meu-assistente,ollama,3.2993735,1
1788006000,meu-assistente,ollama,3.2993735,1
1788006060,meu-assistente,ollama,3.2993735,1
1788006120,meu-assistente,ollama,3.2993735,1
1788006180,meu-assistente,ollama,3.2993735,1
1788006240,meu-assistente,ollama,3.2993735,1
1788006300,meu-assistente,ollama,3.2993735,1
1788006360,meu-assistente,ollama,3.2993735,1
1788006420,meu-assistente,ollama,3.2993735,1
1788006480,meu-assistente,ollama,3.2993735,1
1788006540,meu-assistente,ollama,3.2993735,1
1788006600,meu-assistente,ollama,3.2993735,1
1788006660,meu-assistente,ollama,3.2993735,1
1788006720,meu-assistente,ollama,3.2993735,1
1788006780,meu-assistente,ollama,3.2993735,1
1788006840,meu-assistente,ollama,3.2993735,1
1788006900,meu-assistente,ollama,3.2993735,1
1788006960,meu-assistente,ollama,3.2993735,1
1788007020,meu-assistente,ollama,3.2993735,1
1788007080,meu-assistente,ollama,3.2993735,1
1788007140,meu-assistente,ollama,3.2993735,1
1788007200,meu-assistente,ollama,3.2993735,1
1788007260,meu-assistente,ollama,3.2993735,1
1788007320,meu-assistente,ollama,3.2993735,1
1788007380,meu-assistente,ollama,3.2993735,1
1788007440,meu-assistente,ollama,3.2993735,1
1788007500,meu-assistente,ollama,3.2993735,1
1788007560,meu-assistente,ollama,3.2993735,1
1788007620,meu-assistente,ollama,3.2993735,1
1788007680,meu-assistente,ollama,3.2993735,1
1788007740,meu-assistente,ollama,3.2993735,1
1788007800,meu-assistente,ollama,3.2993735,1
1788007860,meu-assistente,ollama,3.2993735,1
1788007920,meu-assistente,ollama,3.2993735,1
1788007980,meu-assistente,ollama,3.2993735,1
1788008040,meu-assistente,ollama,3.2993735,1
1788008100,meu-assistente,ollama,3.2993735,1
1788008160,meu-assistente,ollama,3.2993735,1
1788008220,meu-assistente,ollama,3.2993735,1
1788008280,meu-assistente,ollama,3.2993735,1
1788008340,meu-assistente,ollama,3.2993735,1
1788008400,meu-assistente,ollama,3.2993735,1
1788008460,meu-assistente,ollama,3.2993735,1
1788008520,meu-assistente,ollama,3.2993735,1
1788008580,meu-assistente,ollama,3.2993735,1
1788008640,meu-assistente,ollama,3.2993735,1
1788008700,meu-assistente,ollama,3.2993735,1
1788008760,meu-assistente,ollama,3.2993735,1
1788008820,meu-assistente,ollama,3.2993735,1
1788008880,meu-assistente,ollama,3.2993735,1
1788008940,meu-assistente,ollama,3.2993735,1
1788009000,meu-assistente,ollama,3.2993735,1
1788009060,meu-assistente,ollama,3.2993735,1
1788009120,meu-assistente,ollama,3.2993735,1
1788009180,meu-assistente,ollama,3.2993735,1
1788009240,meu-assistente,ollama,3.2993735,1
1788009300,meu-assistente,ollama,3.2993735,1
1788009360,meu-assistente,ollama,3.2993735,1
1788009420,meu-assistente,ollama,3.2993735,1
1788009480,meu-assistente,ollama,3.2993735,1
1788009540,meu-assistente,ollama,4.4494092,2
1788009600,meu-assistente,ollama,4.4494092,2
1788009660,meu-assistente,ollama,4.4494092,2
1788009720,meu-assistente,ollama,4.4494092,2
1788009780,meu-assistente,ollama,4.4494092,2
1788009840,meu-assistente,ollama,4.4494092,2
1788009900,meu-assistente,ollama,4.4494092,2
1788009960,meu-assistente,ollama,4.4494092,2
1788010020,meu-assistente,ollama,4.4494092,2
1788010080,meu-assistente,ollama,4.4494092,2
1788010140,meu-assistente,ollama,4.4494092,2
1788010200,meu-assistente,ollama,4.4494092,2
1788010260,meu-assistente,ollama,4.4494092,2
1788010320,meu-assistente,ollama,4.4494092,2
1788010380,meu-assistente,ollama,4.4494092,2
1788010440,meu-assistente,ollama,4.4494092,2
1788010500,meu-assistente,ollama,4.4494092,2
1788010560,meu-assistente,ollama,4.4494092,2
1788010620,meu-assistente,ollama,4.4494092,2
1788010680,meu-assistente,ollama,4.4494092,2
1788010740,meu-assistente,ollama,4.4494092,2
1788010800,meu-assistente,ollama,4.4494092,2
1788010860,meu-assistente,ollama,4.4494092,2
1788010920,meu-assistente,ollama,4.4494092,2
1788010980,meu-assistente,ollama,4.4494092,2
1788011040,meu-assistente,ollama,4.4494092,2
1788011100,meu-assistente,ollama,4.4494092,2
1788011160,meu-assistente,ollama,4.4494092,2
1788011220,meu-assistente,ollama,4.4494092,2
1788011280,meu-assistente,ollama,4.4494092,2
1788011340,meu-assistente,ollama,4.4494092,2
1788011400,meu-assistente,ollama,4.4494092,2
1788011460,meu-assistente,ollama,4.4494092,2
1788011520,meu-assistente,ollama,4.4494092,2
1788011580,meu-assistente,ollama,4.4494092,2
1788011640,meu-assistente,ollama,4.4494092,2
1788011700,meu-assistente,ollama,4.4494092,2
1788011760,meu-assistente,ollama,4.4494092,2
1788011820,meu-assistente,ollama,4.4494092,2
1788011880,meu-assistente,ollama,4.4494092,2
1788011940,meu-assistente,ollama,4.4494092,2
1788012000,meu-assistente,ollama,4.4494092,2
1788012060,meu-assistente,ollama,4.4494092,2
1788012120,meu-assistente,ollama,10.3368382,3
1788012180,meu-assistente,ollama,10.3368382,3
1788012240,meu-assistente,ollama,10.3368382,3
1788012300,meu-assistente,ollama,10.3368382,3
1788012360,meu-assistente,ollama,10.3368382,3
1788012420,meu-assistente,ollama,16.1524341,4
1788012480,meu-assistente,ollama,16.1524341,4
1788012540,meu-assistente,ollama,16.1524341,4
1788012600,meu-assistente,ollama,16.1524341,4
1788012660,meu-assistente,ollama,16.1524341,4
1788012720,meu-assistente,ollama,16.1524341,4
1788012780,meu-assistente,ollama,16.1524341,4
1788012840,meu-assistente,ollama,16.1524341,4
1788012900,meu-assistente,ollama,16.1524341,4
1788012960,meu-assistente,ollama,16.1524341,4
1788013020,meu-assistente,ollama,16.1524341,4
1788013080,meu-assistente,ollama,16.1524341,4
1788013140,meu-assistente,ollama,16.1524341,4
1788013200,meu-assistente,ollama,16.1524341,4
1788013260,meu-assistente,ollama,16.1524341,4
1788013320,meu-assistente,ollama,17.4004491,5
1788013380,meu-assistente,ollama,17.4004491,5
1788013440,meu-assistente,ollama,17.4004491,5
1788013500,meu-assistente,ollama,17.4004491,5
1788013560,meu-assistente,ollama,17.4004491,5
1788013620,meu-assistente,ollama,17.4004491,5
1788013680,meu-assistente,ollama,17.4004491,5
1788013740,meu-assistente,ollama,17.4004491,5
1788013800,meu-assistente,ollama,17.4004491,5
1788013860,meu-assistente,ollama,17.4004491,5
1788013920,meu-assistente,ollama,17.4004491,5
1788013980,meu-assistente,ollama,17.4004491,5
1788014040,meu-assistente,ollama,17.4004491,5
1788014100,meu-assistente,ollama,17.4004491,5
1788014160,meu-assistente,ollama,17.4004491,5
1788014220,meu-assistente,ollama,17.4004491,5
1788014280,meu-assistente,ollama,17.4004491,5
1788014340,meu-assistente,ollama,17.4004491,5
1788014400,meu-assistente,ollama,17.4004491,5
1788014460,meu-assistente,ollama,17.4004491,5
1788014520,meu-assistente,ollama,17.4004491,5
1788014580,meu-assistente,ollama,17.4004491,5
1788014640,meu-assistente,ollama,17.4004491,5
1788014700,meu-assistente,ollama,17.4004491,5
1788014760,meu-assistente,ollama,17.4004491,5
1788014820,meu-assistente,ollama,17.4004491,5
1788014880,meu-assistente,ollama,17.4004491,5
1788014940,meu-assistente,ollama,17.4004491,5
1788015000,meu-assistente,ollama,17.4004491,5
1788015060,meu-assistente,ollama,17.4004491,5
1788015120,meu-assistente,ollama,17.4004491,5
1788015180,meu-assistente,ollama,17.4004491,5
1788015240,meu-assistente,ollama,17.4004491,5
1788015300,meu-assistente,ollama,17.4004491,5
1788015360,meu-assistente,ollama,17.4004491,5
1788015420,meu-assistente,ollama,17.4004491,5
1788015480,meu-assistente,ollama,17.4004491,5
1788015540,meu-assistente,ollama,17.4004491,5
1788015600,meu-assistente,ollama,17.4004491,5
1788015660,meu-assistente,ollama,17.4004491,5
1788015720,meu-assistente,ollama,17.4004491,5
1788015780,meu-assistente,ollama,17.4004491,5
1788015840,meu-assistente,ollama,17.4004491,5
1788015900,meu-assistente,ollama,17.4004491,5
1788015960,meu-assistente,ollama,17.4004491,5
1788016020,meu-assistente,ollama,17.4004491,5
1788016080,meu-assistente,ollama,17.4004491,5
1788016140,meu-assistente,ollama,17.4004491,5
1788016200,meu-assistente,ollama,17.4004491,5
1788016260,meu-assistente,ollama,17.4004491,5
1788016320,meu-assistente,ollama,17.4004491,5
1788016380,meu-assistente,ollama,17.4004491,5
1788016440,meu-assistente,ollama,17.4004491,5
1788016500,meu-assistente,ollama,17.4004491,5
1788016560,meu-assistente,ollama,17.4004491,5
1788016620,meu-assistente,ollama,17.4004491,5
1788016680,meu-assistente,ollama,17.4004491,5
1788016740,meu-assistente,ollama,17.4004491,5
1788016800,meu-assistente,ollama,17.4004491,5
1788016860,meu-assistente,ollama,17.4004491,5
1788016920,meu-assistente,ollama,17.4004491,5
1788016980,meu-assistente,ollama,17.4004491,5
1788017040,meu-assistente,ollama,17.4004491,5
1788017100,meu-assistente,ollama,17.4004491,5
1788017160,meu-assistente,ollama,17.4004491,5
1788017220,meu-assistente,ollama,17.4004491,5
1788017280,meu-assistente,ollama,17.4004491,5
1788017340,meu-assistente,ollama,20.0791309,6
1788017400,meu-assistente,ollama,20.0791309,6
1788017460,meu-assistente,ollama,20.0791309,6
1788017520,meu-assistente,ollama,20.0791309,6
1788017580,meu-assistente,ollama,20.0791309,6
1788017640,meu-assistente,ollama,20.0791309,6
1788017700,meu-assistente,ollama,20.0791309,6
1788017760,meu-assistente,ollama,20.0791309,6
1788017820,meu-assistente,ollama,20.0791309,6
1788017880,meu-assistente,ollama,20.0791309,6
1788017940,meu-assistente,ollama,20.0791309,6
1788018000,meu-assistente,ollama,20.0791309,6
1788018060,meu-assistente,ollama,20.0791309,6
1788018120,meu-assistente,ollama,20.0791309,6
1788018180,meu-assistente,ollama,20.0791309,6
1788018240,meu-assistente,ollama,20.0791309,6
1788018300,meu-assistente,ollama,20.0791309,6
1788018360,meu-assistente,ollama,20.0791309,6
1788018420,meu-assistente,ollama,20.0791309,6
1788018480,meu-assistente,ollama,20.0791309,6
1788018540,meu-assistente,ollama,20.0791309,6
1788018600,meu-assistente,ollama,20.0791309,6
1788018660,meu-assistente,ollama,20.0791309,6
1788018720,meu-assistente,ollama,20.0791309,6
1788018780,meu-assistente,ollama,20.0791309,6
1788018840,meu-assistente,ollama,20.0791309,6
1788018900,meu-assistente,ollama,25.6784780,7
1788018960,meu-assistente,ollama,25.6784780,7
1788019020,meu-assistente,ollama,25.6784780,7
1788019080,meu-assistente,ollama,25.6784780,7
1788019140,meu-assistente,ollama,25.6784780,7
1788019200,meu-assistente,ollama,25.6784780,7
1788019260,meu-assistente,ollama,25.6784780,7
1788019320,meu-assistente,ollama,25.6784780,7
1788019380,meu-assistente,ollama,25.6784780,7
1788019440,meu-assistente,ollama,25.6784780,7
1788019500,meu-assistente,ollama,25.6784780,7
1788019560,meu-assistente,ollama,25.6784780,7
1788019620,meu-assistente,ollama,25.6784780,7
1788019680,meu-assistente,ollama,25.6784780,7
1788019740,meu-assistente,ollama,29.2580529,8
1788019800,meu-assistente,ollama,29.2580529,8
1788019860,meu-assistente,ollama,29.2580529,8
1788019920,meu-assistente,ollama,29.2580529,8
1788019980,meu-assistente,ollama,29.2580529,8
1788020040,meu-assistente,ollama,29.2580529,8
1788020100,meu-assistente,ollama,29.2580529,8
1788020160,meu-assistente,ollama,29.2580529,8
1788020220,meu-assistente,ollama,29.2580529,8
1788020280,meu-assistente,ollama,29.2580529,8
1788020340,meu-assistente,ollama,29.2580529,8
1788020400,meu-assistente,ollama,29.2580529,8
1788020460,meu-assistente,ollama,29.2580529,8
1788020520,meu-assistente,ollama,29.2580529,8
1788020580,meu-assistente,ollama,29.2580529,8
1788020640,meu-assistente,ollama,29.2580529,8
1788020700,meu-assistente,ollama,29.2580529,8
1788020760,meu-assistente,ollama,29.2580529,8
1788020820,meu-assistente,ollama,29.2580529,8
1788020880,meu-assistente,ollama,33.5375570,9
1788020940,meu-assistente,ollama,33.5375570,9
1788021000,meu-assistente,ollama,33.5375570,9
1788021060,meu-assistente,ollama,33.5375570,9
1788021120,meu-assistente,ollama,33.5375570,9
1788021180,meu-assistente,ollama,33.5375570,9
1788021240,meu-assistente,ollama,33.5375570,9
1788021300,meu-assistente,ollama,33.5375570,9
1788021360,meu-assistente,ollama,33.5375570,9
1788021420,meu-assistente,ollama,33.5375570,9
1788021480,meu-assistente,ollama,33.5375570,9
1788021540,meu-assistente,ollama,33.5375570,9
1788021600,meu-assistente,ollama,33.5375570,9
1788021660,meu-assistente,ollama,33.5375570,9
1788021720,meu-assistente,ollama,33.5375570,9
1788021780,meu-assistente,ollama,33.5375570,9
1788021840,meu-assistente,ollama,33.5375570,9
1788021900,meu-assistente,ollama,33.5375570,9
1788021960,meu-assistente,ollama,33.5375570,9
1788022020,meu-assistente,ollama,33.5375570,9
1788022080,meu-assistente,ollama,33.5375570,9
1788022140,meu-assistente,ollama,33.5375570,9
1788022200,meu-assistente,ollama,33.5375570,9
1788022260,meu-assistente,ollama,33.5375570,9
1788022320,meu-assistente,ollama,33.5375570,9
1788022380,meu-assistente,ollama,33.5375570,9
1788022440,meu-assistente,ollama,33.5375570,9
1788022500,meu-assistente,ollama,33.5375570,9
1788022560,meu-assistente,ollama,33.5375570,9
1788022620,meu-assistente,ollama,33.5375570,9
1788022680,meu-assistente,ollama,33.5375570,9
1788022740,meu-assistente,ollama,33.5375570,9
1788022800,meu-assistente,ollama,33.5375570,9
1788022860,meu-assistente,ollama,33.5375570,9
1788022920,meu-assistente,ollama,33.5375570,9
1788022980,meu-assistente,ollama,33.5375570,9
1788023040,meu-assistente,ollama,33.5375570,9
1788023100,meu-assistente,ollama,33.5375570,9
1788023160,meu-assistente,ollama,33.5375570,9
1788023220,meu-assistente,ollama,33.5375570,9
1788023280,meu-assistente,ollama,33.5375570,9
1788023340,meu-assistente,ollama,33.5375570,9
1788023400,meu-assistente,ollama,33.5375570,9
1788023460,meu-assistente,ollama,33.5375570,9
1788023520,meu-assistente,ollama,33.5375570,9
1788023580,meu-assistente,ollama,33.5375570,9
1788023640,meu-assistente,ollama,33.5375570,9
1788023700,meu-assistente,ollama,33.5375570,9
1788023760,meu-assistente,ollama,33.5375570,9
1788023820,meu-assistente,ollama,33.5375570,9
1788023880,meu-assistente,ollama,33.5375570,9
1788023940,meu-assistente,ollama,33.5375570,9
1788024000,meu-assistente,ollama,33.5375570,9
1788024060,meu-assistente,ollama,33.5375570,9
1788024120,meu-assistente,ollama,33.5375570,9
1788024180,meu-assistente,ollama,33.5375570,9
1788024240,meu-assistente,ollama,33.5375570,9
1788024300,meu-assistente,ollama,33.5375570,9
1788024360,meu-assistente,ollama,33.5375570,9
1788024420,meu-assistente,ollama,33.5375570,9
1788024480,meu-assistente,ollama,33.5375570,9
1788024540,meu-assistente,ollama,33.5375570,9
1788024600,meu-assistente,ollama,33.5375570,9
1788024660,meu-assistente,ollama,33.5375570,9
1788024720,meu-assistente,ollama,33.5375570,9
1788024780,meu-assistente,ollama,33.5375570,9
1788024840,meu-assistente,ollama,33.5375570,9
1788024900,meu-assistente,ollama,33.5375570,9
1788024960,meu-assistente,ollama,33.5375570,9
1788025020,meu-assistente,ollama,33.5375570,9
1788025080,meu-assistente,ollama,33.5375570,9
1788025140,meu-assistente,ollama,33.5375570,9
1788025200,meu-assistente,ollama,33.5375570,9
1788025260,meu-assistente,ollama,33.5375570,9
1788025320,meu-assistente,ollama,33.5375570,9
1788025380,meu-assistente,ollama,33.5375570,9
1788025440,meu-assistente,ollama,33.5375570,9
1788025500,meu-assistente,ollama,33.5375570,9
1788025560,meu-assistente,ollama,33.5375570,9
1788025620,meu-assistente,ollama,33.5375570,9
1788025680,meu-assistente,ollama,33.5375570,9
1788025740,meu-assistente,ollama,33.5375570,9
1788025800,meu-assistente,ollama,33.5375570,9
1788025860,meu-assistente,ollama,33.5375570,9
1788025920,meu-assistente,ollama,33.5375570,9
1788025980,meu-assistente,ollama,36.5303788,10
1788026040,meu-assistente,ollama,36.5303788,10
1788026100,meu-assistente,ollama,36.5303788,10
1788026160,meu-assistente,ollama,36.5303788,10
1788026220,meu-assistente,ollama,36.5303788,10
1788026280,meu-assistente,ollama,36.5303788,10
1788026340,meu-assistente,ollama,36.5303788,10
1788026400,meu-assistente,ollama,36.5303788,10
1788026460,meu-assistente,ollama,36.5303788,10
1788026520,meu-assistente,ollama,36.5303788,10
1788026580,meu-assistente,ollama,36.5303788,10
1788026640,meu-assistente,ollama,36.5303788,10
1788026700,meu-assistente,ollama,36.5303788,10
1788026760,meu-assistente,ollama,36.5303788,10
1788026820,meu-assistente,ollama,36.5303788,10
1788026880,meu-assistente,ollama,36.5303788,10
1788026940,meu-assistente,ollama,36.5303788,10
1788027000,meu-assistente,ollama,36.5303788,10
1788027060,meu-assistente,ollama,36.5303788,10
1788027120,meu-assistente,ollama,36.5303788,10
1788027180,meu-assistente,ollama,36.5303788,10
1788027240,meu-assistente,ollama,36.5303788,10
1788027300,meu-assistente,ollama,36.5303788,10
1788027360,meu-assistente,ollama,36.5303788,10
1788027420,meu-assistente,ollama,36.5303788,10
1788027480,meu-assistente,ollama,36.5303788,10
1788027540,meu-assistente,ollama,36.5303788,10
1788027600,meu-assistente,ollama,36.5303788,10
1788027660,meu-assistente,ollama,36.5303788,10
1788027720,meu-assistente,ollama,36.5303788,10
1788027780,meu-assistente,ollama,36.5303788,10
1788027840,meu-assistente,ollama,36.5303788,10
1788027900,meu-assistente,ollama,36.5303788,10
1788027960,meu-assistente,ollama,36.5303788,10
1788028020,meu-assistente,ollama,36.5303788,10
1788028080,meu-assistente,ollama,36.5303788,10
1788028140,meu-assistente,ollama,36.5303788,10
1788028200,meu-assistente,ollama,36.5303788,10
1788028260,meu-assistente,ollama,36.5303788,10
1788028320,meu-assistente,ollama,36.5303788,10
1788028380,meu-assistente,ollama,36.5303788,10
1788028440,meu-assistente,ollama,36.5303788,10
1788028500,meu-assistente,ollama,36.5303788,10
1788028560,meu-assistente,ollama,36.5303788,10
1788028620,meu-assistente,ollama,36.5303788,10
1788028680,meu-assistente,ollama,36.5303788,10
1788028740,meu-assistente,ollama,36.5303788,10
1788028800,meu-assistente,ollama,36.5303788,10
1788028860,meu-assistente,ollama,36.5303788,10
1788028920,meu-assistente,ollama,36.5303788,10
1788028980,meu-assistente,ollama,36.5303788,10
1788029040,meu-assistente,ollama,36.5303788,10
1788029100,meu-assistente,ollama,36.5303788,10
1788029160,meu-assistente,ollama,36.5303788,10
1788029220,meu-assistente,ollama,36.5303788,10
1788029280,meu-assistente,ollama,36.5303788,10
1788029340,meu-assistente,ollama,36.5303788,10
1788029400,meu-assistente,ollama,36.5303788,10
1788029460,meu-assistente,ollama,36.5303788,10
1788029520,meu-assistente,ollama,36.5303788,10
1788029580,meu-assistente,ollama,36.5303788,10
1788029640,meu-assistente,ollama,36.5303788,10
1788029700,meu-assistente,ollama,36.5303788,10
1788029760,meu-assistente,ollama,36.5303788,10
1788029820,meu-assistente,ollama,36.5303788,10
1788029880,meu-assistente,ollama,36.5303788,10
1788029940,meu-assistente,ollama,36.5303788,10
1788030000,meu-assistente,ollama,36.5303788,10
1788030060,meu-assistente,ollama,36.5303788,10
1788030120,meu-assistente,ollama,36.5303788,10
1788030180,meu-assistente,ollama,36.5303788,10
1788030240,meu-assistente,ollama,36.5303788,10
1788030300,meu-assistente,ollama,36.5303788,10
1788030360,meu-assistente,ollama,36.5303788,10
1788030420,meu-assistente,ollama,36.5303788,10
1788030480,meu-assistente,ollama,36.5303788,10
1788030540,meu-assistente,ollama,36.5303788,10
1788030600,meu-assistente,ollama,36.5303788,10
1788030660,meu-assistente,ollama,36.5303788,10
1788030720,meu-assistente,ollama,36.5303788,10
1788030780,meu-assistente,ollama,36.5303788,10
1788030840,meu-assistente,ollama,36.5303788,10
1788030900,meu-assistente,ollama,36.5303788,10
1788030960,meu-assistente,ollama,36.5303788,10
1788031020,meu-assistente,ollama,36.5303788,10
1788031080,meu-assistente,ollama,36.5303788,10
1788031140,meu-assistente,ollama,36.5303788,10
1788031200,meu-assistente,ollama,36.5303788,10
1788031260,meu-assistente,ollama,36.5303788,10
1788031320,meu-assistente,ollama,36.5303788,10
1788031380,meu-assistente,ollama,36.5303788,10
1788031440,meu-assistente,ollama,36.5303788,10
1788031500,meu-assistente,ollama,36.5303788,10
1788031560,meu-assistente,ollama,36.5303788,10
1788031620,meu-assistente,ollama,36.5303788,10
1788031680,meu-assistente,ollama,36.5303788,10
1788031740,meu-assistente,ollama,36.5303788,10
1788031800,meu-assistente,ollama,36.5303788,10
1788031860,meu-assistente,ollama,36.5303788,10
1788031920,meu-assistente,ollama,36.5303788,10
1788031980,meu-assistente,ollama,36.5303788,10
1788032040,meu-assistente,ollama,36.5303788,10
1788032100,meu-assistente,ollama,36.5303788,10
1788032160,meu-assistente,ollama,36.5303788,10
1788032220,meu-assistente,ollama,36.5303788,10
1788032280,meu-assistente,ollama,36.5303788,10
1788032340,meu-assistente,ollama,36.5303788,10
1788032400,meu-assistente,ollama,36.5303788,10
1788032460,meu-assistente,ollama,36.5303788,10
1788032520,meu-assistente,ollama,36.5303788,10
1788032580,meu-assistente,ollama,36.5303788,10
1788032640,meu-assistente,ollama,36.5303788,10
1788032700,meu-assistente,ollama,36.5303788,10
1788032760,meu-assistente,ollama,36.5303788,10
1788032820,meu-assistente,ollama,38.5834556,11
1788032880,meu-assistente,ollama,38.5834556,11
1788032940,meu-assistente,ollama,38.5834556,11
1788033000,meu-assistente,ollama,38.5834556,11
1788033060,meu-assistente,ollama,38.5834556,11
1788033120,meu-assistente,ollama,38.5834556,11
1788033180,meu-assistente,ollama,38.5834556,11
1788033240,meu-assistente,ollama,38.5834556,11
1788033300,meu-assistente,ollama,38.5834556,11
1788033360,meu-assistente,ollama,38.5834556,11
1788033420,meu-assistente,ollama,38.5834556,11
1788033480,meu-assistente,ollama,38.5834556,11
1788033540,meu-assistente,ollama,38.5834556,11
1788033600,meu-assistente,ollama,38.5834556,11
1788033660,meu-assistente,ollama,38.5834556,11
1788033720,meu-assistente,ollama,38.5834556,11
1788033780,meu-assistente,ollama,38.5834556,11
1788033840,meu-assistente,ollama,38.5834556,11
1788033900,meu-assistente,ollama,38.5834556,11
1788033960,meu-assistente,ollama,38.5834556,11
1788034020,meu-assistente,ollama,38.5834556,11
1788034080,meu-assistente,ollama,38.5834556,11
1788034140,meu-assistente,ollama,38.5834556,11
1788034200,meu-assistente,ollama,38.5834556,11
1788034260,meu-assistente,ollama,38.5834556,11
1788034320,meu-assistente,ollama,38.5834556,11
1788034380,meu-assistente,ollama,39.3640761,12
1788034440,meu-assistente,ollama,39.3640761,12
1788034500,meu-assistente,ollama,39.3640761,12
1788034560,meu-assistente,ollama,39.3640761,12
1788034620,meu-assistente,ollama,39.3640761,12
1788034680,meu-assistente,ollama,39.3640761,12
1788034740,meu-assistente,ollama,39.3640761,12
1788034800,meu-assistente,ollama,39.3640761,12
1788034860,meu-assistente,ollama,39.3640761,12
1788034920,meu-assistente,ollama,42.0675717,13
1788034980,meu-assistente,ollama,45.4677051,14
1788035040,meu-assistente,ollama,45.4677051,14
1788035100,meu-assistente,ollama,45.4677051,14
1788035160,meu-assistente,ollama,45.4677051,14
1788035220,meu-assistente,ollama,45.4677051,14
1788035280,meu-assistente,ollama,45.4677051,14
1788035340,meu-assistente,ollama,45.4677051,14
1788035400,meu-assistente,ollama,45.4677051,14
1788035460,meu-assistente,ollama,45.4677051,14
1788035520,meu-assistente,ollama,45.4677051,14
1788035580,meu-assistente,ollama,45.4677051,14
1788035640,meu-assistente,ollama,45.4677051,14
1788035700,meu-assistente,ollama,45.4677051,14
1788035760,meu-assistente,ollama,45.4677051,14
1788035820,meu-assistente,ollama,45.4677051,14
1788035880,meu-assistente,ollama,45.4677051,14
1788035940,meu-assistente,ollama,45.4677051,14
1788036000,meu-assistente,ollama,45.4677051,14
1788036060,meu-assistente,ollama,45.4677051,14
1788036120,meu-assistente,ollama,45.4677051,14
1788036180,meu-assistente,ollama,45.4677051,14
1788036240,meu-assistente,ollama,45.4677051,14
1788036300,meu-assistente,ollama,45.4677051,14
1788036360,meu-assistente,ollama,45.4677051,14
1788036420,meu-assistente,ollama,45.4677051,14
1788036480,meu-assistente,ollama,45.4677051,14
1788036540,meu-assistente,ollama,45.4677051,14
1788036600,meu-assistente,ollama,45.4677051,14
1788036660,meu-assistente,ollama,45.4677051,14
1788036720,meu-assistente,ollama,45.4677051,14
1788036780,meu-assistente,ollama,45.4677051,14
1788036840,meu-assistente,ollama,45.4677051,14
1788036900,meu-assistente,ollama,45.4677051,14
1788036960,meu-assistente,ollama,45.4677051,14
1788037020,meu-assistente,ollama,45.4677051,14
1788037080,meu-assistente,ollama,45.4677051,14
1788037140,meu-assistente,ollama,45.4677051,14
1788037200,meu-assistente,ollama,45.4677051,14
1788037260,meu-assistente,ollama,45.4677051,14
1788037320,meu-assistente,ollama,45.4677051,14
1788037380,meu-assistente,ollama,45.4677051,14
1788037440,meu-assistente,ollama,45.4677051,14
1788037500,meu-assistente,ollama,45.4677051,14
1788037560,meu-assistente,ollama,45.4677051,14
1788037620,meu-assistente,ollama,45.4677051,14
1788037680,meu-assistente,ollama,45.4677051,14
1788037740,meu-assistente,ollama,45.4677051,14
1788037800,meu-assistente,ollama,45.4677051,14
1788037860,meu-assistente,ollama,45.4677051,14
1788037920,meu-assistente,ollama,45.4677051,14
1788037980,meu-assistente,ollama,50.0803301,15
1788038040,meu-assistente,ollama,50.0803301,15
1788038100,meu-assistente,ollama,50.0803301,15
1788038160,meu-assistente,ollama,50.0803301,15
1788038220,meu-assistente,ollama,50.0803301,15
1788038280,meu-assistente,ollama,50.0803301,15
1788038340,meu-assistente,ollama,50.0803301,15
1788038400,meu-assistente,ollama,50.0803301,15
1788038460,meu-assistente,ollama,50.0803301,15
1788038520,meu-assistente,ollama,50.0803301,15
1788038580,meu-assistente,ollama,50.0803301,15
1788038640,meu-assistente,ollama,50.0803301,15
1788038700,meu-assistente,ollama,50.0803301,15
1788038760,meu-assistente,ollama,50.0803301,15
1788038820,meu-assistente,ollama,50.0803301,15
1788038880,meu-assistente,ollama,50.0803301,15
1788038940,meu-assistente,ollama,50.0803301,15
1788039000,meu-assistente,ollama,50.0803301,15
1788039060,meu-assistente,ollama,50.0803301,15
1788039120,meu-assistente,ollama,50.0803301,15
1788039180,meu-assistente,ollama,50.0803301,15
1788039240,meu-assistente,ollama,50.0803301,15
1788039300,meu-assistente,ollama,50.0803301,15
1788039360,meu-assistente,ollama,50.0803301,15
1788039420,meu-assistente,ollama,53.2277095,16
1788039480,meu-assistente,ollama,53.2277095,16
1788039540,meu-assistente,ollama,53.2277095,16
1788039600,meu-assistente,ollama,53.2277095,16
1788039660,meu-assistente,ollama,53.2277095,16
1788039720,meu-assistente,ollama,53.2277095,16
1788039780,meu-assistente,ollama,53.2277095,16
1788039840,meu-assistente,ollama,53.2277095,16
1788039900,meu-assistente,ollama,53.2277095,16
1788039960,meu-assistente,ollama,53.2277095,16
1788040020,meu-assistente,ollama,53.2277095,16
1788040080,meu-assistente,ollama,53.2277095,16
1788040140,meu-assistente,ollama,53.2277095,16
1788040200,meu-assistente,ollama,53.2277095,16
1788040260,meu-assistente,ollama,53.2277095,16
1788040320,meu-assistente,ollama,53.2277095,16
1788040380,meu-assistente,ollama,53.2277095,16
1788040440,meu-assistente,ollama,55.6432475,17
1788040500,meu-assistente,ollama,55.6432475,17
1788040560,meu-assistente,ollama,55.6432475,17
1788040620,meu-assistente,ollama,55.6432475,17
1788040680,meu-assistente,ollama,55.6432475,17
1788040740,meu-assistente,ollama,55.6432475,17
1788040800,meu-assistente,ollama,55.6432475,17
1788040860,meu-assistente,ollama,56.5644073,18
1788040920,meu-assistente,ollama,56.5644073,18
1788040980,meu-assistente,ollama,56.5644073,18
1788041040,meu-assistente,ollama,56.5644073,18
1788041100,meu-assistente,ollama,56.5644073,18
1788041160,meu-assistente,ollama,56.5644073,18
1788041220,meu-assistente,ollama,56.5644073,18
1788041280,meu-assistente,ollama,56.5644073,18
1788041340,meu-assistente,ollama,56.5644073,18
1788041400,meu-assistente,ollama,56.5644073,18
1788041460,meu-assistente,ollama,56.5644073,18
1788041520,meu-assistente,ollama,56.5644073,18
1788041580,meu-assistente,ollama,56.5644073,18
1788041640,meu-assistente,ollama,56.5644073,18
1788041700,meu-assistente,ollama,56.5644073,18
1788041760,meu-assistente,ollama,56.5644073,18
1788041820,meu-assistente,ollama,56.5644073,18
1788041880,meu-assistente,ollama,56.5644073,18
1788041940,meu-assistente,ollama,56.5644073,18
1788042000,meu-assistente,ollama,56.5644073,18
1788042060,meu-assistente,ollama,56.5644073,18
1788042120,meu-assistente,ollama,56.5644073,18
1788042180,meu-assistente,ollama,56.5644073,18
1788042240,meu-assistente,ollama,56.5644073,18
1788042300,meu-assistente,ollama,56.5644073,18
1788042360,meu-assistente,ollama,56.5644073,18
1788042420,meu-assistente,ollama,56.5644073,18
1788042480,meu-assistente,ollama,56.5644073,18
1788042540,meu-assistente,ollama,56.5644073,18
1788042600,meu-assistente,ollama,56.5644073,18
1788042660,meu-assistente,ollama,56.5644073,18
1788042720,meu-assistente,ollama,56.5644073,18
1788042780,meu-assistente,ollama,56.5644073,18
1788042840,meu-assistente,ollama,56.5644073,18
1788042900,meu-assistente,ollama,56.5644073,18
1788042960,meu-assistente,ollama,56.5644073,18
1788043020,meu-assistente,ollama,56.5644073,18
1788043080,meu-assistente,ollama,56.5644073,18
1788043140,meu-assistente,ollama,56.5644073,18
1788043200,meu-assistente,ollama,56.5644073,18
1788043260,meu-assistente,ollama,56.5644073,18
1788043320,meu-assistente,ollama,56.5644073,18
1788043380,meu-assistente,ollama,56.5644073,18
1788043440,meu-assistente,ollama,56.5644073,18
1788043500,meu-assistente,ollama,56.5644073,18
1788043560,meu-assistente,ollama,56.5644073,18
1788043620,meu-assistente,ollama,56.5644073,18
1788043680,meu-assistente,ollama,56.5644073,18
1788043740,meu-assistente,ollama,56.5644073,18
1788043800,meu-assistente,ollama,56.5644073,18
1788043860,meu-assistente,ollama,56.5644073,18
1788043920,meu-assistente,ollama,56.5644073,18
1788043980,meu-assistente,ollama,56.5644073,18
1788044040,meu-assistente,ollama,56.5644073,18
1788044100,meu-assistente,ollama,56.5644073,18
1788044160,meu-assistente,ollama,56.5644073,18
1788044220,meu-assistente,ollama,56.5644073,18
1788044280,meu-assistente,ollama,56.5644073,18
1788044340,meu-assistente,ollama,56.5644073,18
1788044400,meu-assistente,ollama,56.5644073,18
1788044460,meu-assistente,ollama,56.5644073,18
1788044520,meu-assistente,ollama,56.5644073,18
1788044580,meu-assistente,ollama,56.5644073,18
1788044640,meu-assistente,ollama,56.5644073,18
1788044700,meu-assistente,ollama,56.5644073,18
1788044760,meu-assistente,ollama,56.5644073,18
1788044820,meu-assistente,ollama,56.5644073,18
1788044880,meu-assistente,ollama,56.5644073,18
1788044940,meu-assistente,ollama,56.5644073,18
1788045000,meu-assistente,ollama,56.5644073,18
1788045060,meu-assistente,ollama,56.5644073,18
1788045120,meu-assistente,ollama,56.5644073,18
1788045180,meu-assistente,ollama,56.5644073,18
1788045240,meu-assistente,ollama,56.5644073,18
1788045300,meu-assistente,ollama,56.5644073,18
1788045360,meu-assistente,ollama,56.5644073,18
1788045420,meu-assistente,ollama,56.5644073,18
1788045480,meu-assistente,ollama,56.5644073,18
1788045540,meu-assistente,ollama,56.5644073,18
1788045600,meu-assistente,ollama,56.5644073,18
1788045660,meu-assistente,ollama,56.5644073,18
1788045720,meu-assistente,ollama,56.5644073,18
1788045780,meu-assistente,ollama,56.5644073,18
1788045840,meu-assistente,ollama,56.5644073,18
1788045900,meu-assistente,ollama,56.5644073,18
1788045960,meu-assistente,ollama,56.5644073,18
1788046020,meu-assistente,ollama,56.5644073,18
1788046080,meu-assistente,ollama,56.5644073,18
1788046140,meu-assistente,ollama,56.5644073,18
1788046200,meu-assistente,ollama,56.5644073,18
1788046260,meu-assistente,ollama,56.5644073,18
1788046320,meu-assistente,ollama,56.5644073,18
1788046380,meu-assistente,ollama,56.5644073,18
1788046440,meu-assistente,ollama,56.5644073,18
1788046500,meu-assistente,ollama,56.5644073,18
1788046560,meu-assistente,ollama,56.5644073,18
1788046620,meu-assistente,ollama,56.5644073,18
1788046680,meu-assistente,ollama,56.5644073,18
1788046740,meu-assistente,ollama,59.8241943,19
1788046800,meu-assistente,ollama,59.8241943,19
1788046860,meu-assistente,ollama,59.8241943,19
1788046920,meu-assistente,ollama,59.8241943,19
1788046980,meu-assistente,ollama,59.8241943,19
1788047040,meu-assistente,ollama,59.8241943,19
1788047100,meu-assistente,ollama,59.8241943,19
1788047160,meu-assistente,ollama,59.8241943,19
1788047220,meu-assistente,ollama,59.8241943,19
1788047280,meu-assistente,ollama,59.8241943,19
1788047340,meu-assistente,ollama,62.5536567,20
1788047400,meu-assistente,ollama,62.5536567,20
1788047460,meu-assistente,ollama,62.5536567,20
1788047520,meu-assistente,ollama,62.5536567,20
1788047580,meu-assistente,ollama,62.5536567,20
1788047640,meu-assistente,ollama,62.5536567,20
1788047700,meu-assistente,ollama,62.5536567,20
1788047760,meu-assistente,ollama,62.5536567,20
1788047820,meu-assistente,ollama,62.5536567,20
1788047880,meu-assistente,ollama,62.5536567,20
1788047940,meu-assistente,ollama,62.5536567,20
1788048000,meu-assistente,ollama,62.5536567,20
1788048060,meu-assistente,ollama,62.5536567,20
1788048120,meu-assistente,ollama,62.5536567,20
1788048180,meu-assistente,ollama,62.5536567,20
1788048240,meu-assistente,ollama,62.5536567,20
1788048300,meu-assistente,ollama,62.5536567,20
1788048360,meu-assistente,ollama,62.5536567,20
1788048420,meu-assistente,ollama,62.5536567,20
1788048480,meu-assistente,ollama,62.5536567,20
1788048540,meu-assistente,ollama,62.5536567,20
1788048600,meu-assistente,ollama,62.5536567,20
1788048660,meu-assistente,ollama,62.5536567,20
1788048720,meu-assistente,ollama,62.5536567,20
1788048780,meu-assistente,ollama,62.5536567,20
1788048840,meu-assistente,ollama,62.5536567,20
1788048900,meu-assistente,ollama,62.5536567,20
1788048960,meu-assistente,ollama,62.5536567,20
1788049020,meu-assistente,ollama,62.5536567,20
1788049080,meu-assistente,ollama,62.5536567,20
1788049140,meu-assistente,ollama,62.5536567,20
1788049200,meu-assistente,ollama,65.4712768,21
1788049260,meu-assistente,ollama,65.4712768,21
1788049320,meu-assistente,ollama,67.4300078,22
1788049380,meu-assistente,ollama,67.4300078,22
1788049440,meu-assistente,ollama,67.4300078,22
1788049500,meu-assistente,ollama,67.4300078,22
1788049560,meu-assistente,ollama,67.4300078,22
1788049620,meu-assistente,ollama,67.4300078,22
1788049680,meu-assistente,ollama,67.4300078,22
1788049740,meu-assistente,ollama,67.4300078,22
1788049800,meu-assistente,ollama,67.4300078,22
1788049860,meu-assistente,ollama,67.4300078,22
1788049920,meu-assistente,ollama,67.4300078,22
1788049980,meu-assistente,ollama,67.4300078,22
1788050040,meu-assistente,ollama,67.4300078,22
1788050100,meu-assistente,ollama,67.4300078,22
1788050160,meu-assistente,ollama,67.4300078,22
1788050220,meu-assistente,ollama,67.4300078,22
1788050280,meu-assistente,ollama,67.4300078,22
1788050340,meu-assistente,ollama,67.4300078,22
1788050400,meu-assistente,ollama,67.4300078,22
1788050460,meu-assistente,ollama,67.4300078,22
1788050520,meu-assistente,ollama,67.4300078,22
1788050580,meu-assistente,ollama,67.4300078,22
1788050640,meu-assistente,ollama,67.4300078,22
1788050700,meu-assistente,ollama,67.4300078,22
1788050760,meu-assistente,ollama,67.4300078,22
1788050820,meu-assistente,ollama,67.4300078,22
1788050880,meu-assistente,ollama,67.4300078,22
1788050940,meu-assistente,ollama,67.4300078,22
1788051000,meu-assistente,ollama,67.4300078,22
1788051060,meu-assistente,ollama,67.4300078,22
1788051120,meu-assistente,ollama,67.4300078,22
1788051180,meu-assistente,ollama,67.4300078,22
1788051240,meu-assistente,ollama,67.4300078,22
1788051300,meu-assistente,ollama,67.4300078,22
1788051360,meu-assistente,ollama,67.4300078,22
1788051420,meu-assistente,ollama,67.4300078,22
1788051480,meu-assistente,ollama,67.4300078,22
1788051540,meu-assistente,ollama,67.4300078,22
1788051600,meu-assistente,ollama,67.4300078,22
1788051660,meu-assistente,ollama,67.4300078,22
1788051720,meu-assistente,ollama,67.4300078,22
1788051780,meu-assistente,ollama,67.4300078,22
1788051840,meu-assistente,ollama,67.4300078,22
1788051900,meu-assistente,ollama,67.4300078,22
1788051960,meu-assistente,ollama,67.4300078,22
1788052020,meu-assistente,ollama,67.4300078,22
1788052080,meu-assistente,ollama,67.4300078,22
1788052140,meu-assistente,ollama,67.4300078,22
1788052200,meu-assistente,ollama,67.4300078,22
1788052260,meu-assistente,ollama,67.4300078,22
1788052320,meu-assistente,ollama,67.4300078,22
1788052380,meu-assistente,ollama,67.4300078,22
1788052440,meu-assistente,ollama,67.4300078,22
1788052500,meu-assistente,ollama,67.4300078,22
1788052560,meu-assistente,ollama,67.4300078,22
1788052620,meu-assistente,ollama,67.4300078,22
1788052680,meu-assistente,ollama,67.4300078,22
1788052740,meu-assistente,ollama,67.4300078,22
1788052800,meu-assistente,ollama,67.4300078,22
1788052860,meu-assistente,ollama,67.4300078,22
1788052920,meu-assistente,ollama,67.4300078,22
1788052980,meu-assistente,ollama,67.4300078,22
1788053040,meu-assistente,ollama,67.4300078,22
1788053100,meu-assistente,ollama,67.4300078,22
1788053160,meu-assistente,ollama,67.4300078,22
1788053220,meu-assistente,ollama,67.4300078,22
1788053280,meu-assistente,ollama,67.4300078,22
1788053340,meu-assistente,ollama,67.4300078,22
1788053400,meu-assistente,ollama,67.4300078,22
1788053460,meu-assistente,ollama,67.4300078,22
1788053520,meu-assistente,ollama,67.4300078,22
1788053580,meu-assistente,ollama,67.4300078,22
1788053640,meu-assistente,ollama,67.4300078,22
1788053700,meu-assistente,ollama,67.4300078,22
1788053760,meu-assistente,ollama,67.4300078,22
1788053820,meu-assistente,ollama,67.4300078,22
1788053880,meu-assistente,ollama,67.4300078,22
1788053940,meu-assistente,ollama,67.4300078,22
1788054000,meu-assistente,ollama,67.4300078,22
1788054060,meu-assistente,ollama,67.4300078,22
1788054120,meu-assistente,ollama,67.4300078,22
1788054180,meu-assistente,ollama,67.4300078,22
1788054240,meu-assistente,ollama,67.4300078,22
1788054300,meu-assistente,ollama,67.4300078,22
1788054360,meu-assistente,ollama,67.4300078,22
1788054420,meu-assistente,ollama,67.4300078,22
1788054480,meu-assistente,ollama,67.4300078,22
1788054540,meu-assistente,ollama,67.4300078,22
1788054600,meu-assistente,ollama,67.4300078,22
1788054660,meu-assistente,ollama,67.4300078,22
1788054720,meu-assistente,ollama,67.4300078,22
1788054780,meu-assistente,ollama,67.4300078,22
1788054840,meu-assistente,ollama,67.4300078,22
1788054900,meu-assistente,ollama,67.4300078,22
1788054960,meu-assistente,ollama,67.4300078,22
1788055020,meu-assistente,ollama,67.4300078,22
1788055080,meu-assistente,ollama,67.4300078,22
1788055140,meu-assistente,ollama,67.4300078,22
1788055200,meu-assistente,ollama,67.4300078,22
1788055260,meu-assistente,ollama,67.4300078,22
1788055320,meu-assistente,ollama,67.4300078,22
1788055380,meu-assistente,ollama,67.4300078,22
1788055440,meu-assistente,ollama,67.4300078,22
1788055500,meu-assistente,ollama,67.4300078,22
1788055560,meu-assistente,ollama,67.4300078,22
1788055620,meu-assistente,ollama,67.4300078,22
1788055680,meu-assistente,ollama,67.4300078,22
1788055740,meu-assistente,ollama,67.4300078,22
1788055800,meu-assistente,ollama,67.4300078,22
1788055860,meu-assistente,ollama,67.4300078,22
1788055920,meu-assistente,ollama,67.4300078,22
1788055980,meu-assistente,ollama,67.4300078,22
1788056040,meu-assistente,ollama,67.4300078,22
1788056100,meu-assistente,ollama,67.4300078,22
1788056160,meu-assistente,ollama,67.4300078,22
1788056220,meu-assistente,ollama,67.4300078,22
1788056280,meu-assistente,ollama,67.4300078,22
1788056340,meu-assistente,ollama,67.4300078,22
1788056400,meu-assistente,ollama,67.4300078,22
1788056460,meu-assistente,ollama,67.4300078,22
1788056520,meu-assistente,ollama,67.4300078,22
1788056580,meu-assistente,ollama,67.4300078,22
1788056640,meu-assistente,ollama,67.4300078,22
1788056700,meu-assistente,ollama,67.4300078,22
1788056760,meu-assistente,ollama,67.4300078,22
1788056820,meu-assistente,ollama,67.4300078,22
1788056880,meu-assistente,ollama,67.4300078,22
1788056940,meu-assistente,ollama,67.4300078,22
1788057000,meu-assistente,ollama,67.4300078,22
1788057060,meu-assistente,ollama,67.4300078,22
1788057120,meu-assistente,ollama,67.4300078,22
1788057180,meu-assistente,ollama,67.4300078,22
1788057240,meu-assistente,ollama,67.4300078,22
1788057300,meu-assistente,ollama,67.4300078,22
1788057360,meu-assistente,ollama,67.4300078,22
1788057420,meu-assistente,ollama,67.4300078,22
1788057480,meu-assistente,ollama,67.4300078,22
1788057540,meu-assistente,ollama,67.4300078,22
1788057600,meu-assistente,ollama,67.4300078,22
1788057660,meu-assistente,ollama,67.4300078,22
1788057720,meu-assistente,ollama,67.4300078,22
1788057780,meu-assistente,ollama,67.4300078,22
1788057840,meu-assistente,ollama,67.4300078,22
1788057900,meu-assistente,ollama,67.4300078,22
1788057960,meu-assistente,ollama,67.4300078,22
1788058020,meu-assistente,ollama,67.4300078,22
1788058080,meu-assistente,ollama,67.4300078,22
1788058140,meu-assistente,ollama,67.4300078,22
1788058200,meu-assistente,ollama,67.4300078,22
1788058260,meu-assistente,ollama,67.4300078,22
1788058320,meu-assistente,ollama,67.4300078,22
1788058380,meu-assistente,ollama,67.4300078,22
1788058440,meu-assistente,ollama,67.4300078,22
1788058500,meu-assistente,ollama,67.4300078,22
1788058560,meu-assistente,ollama,67.4300078,22
1788058620,meu-assistente,ollama,67.4300078,22
1788058680,meu-assistente,ollama,67.4300078,22
1788058740,meu-assistente,ollama,67.4300078,22
1788058800,meu-assistente,ollama,70.3865094,23
1788058860,meu-assistente,ollama,70.3865094,23
1788058920,meu-assistente,ollama,70.3865094,23
1788058980,meu-assistente,ollama,70.3865094,23
1788059040,meu-assistente,ollama,70.3865094,23
1788059100,meu-assistente,ollama,70.3865094,23
1788059160,meu-assistente,ollama,70.3865094,23
1788059220,meu-assistente,ollama,70.3865094,23
1788059280,meu-assistente,ollama,70.3865094,23
1788059340,meu-assistente,ollama,70.3865094,23
1788059400,meu-assistente,ollama,70.3865094,23
1788059460,meu-assistente,ollama,70.3865094,23
1788059520,meu-assistente,ollama,70.3865094,23
1788059580,meu-assistente,ollama,70.3865094,23
1788059640,meu-assistente,ollama,70.3865094,23
1788059700,meu-assistente,ollama,70.3865094,23
1788059760,meu-assistente,ollama,70.3865094,23
1788059820,meu-assistente,ollama,70.3865094,23
1788059880,meu-assistente,ollama,70.3865094,23
1788059940,meu-assistente,ollama,70.3865094,23
1788060000,meu-assistente,ollama,70.3865094,23
1788060060,meu-assistente,ollama,70.3865094,23
1788060120,meu-assistente,ollama,70.3865094,23
1788060180,meu-assistente,ollama,70.3865094,23
1788060240,meu-assistente,ollama,70.3865094,23
1788060300,meu-assistente,ollama,70.3865094,23
1788060360,meu-assistente,ollama,76.3201769,24
1788060420,meu-assistente,ollama,76.3201769,24
1788060480,meu-assistente,ollama,76.3201769,24
1788060540,meu-assistente,ollama,76.3201769,24
1788060600,meu-assistente,ollama,76.3201769,24
1788060660,meu-assistente,ollama,76.3201769,24
1788060720,meu-assistente,ollama,76.3201769,24
1788060780,meu-assistente,ollama,76.3201769,24
1788060840,meu-assistente,ollama,76.3201769,24
1788060900,meu-assistente,ollama,76.3201769,24
1788060960,meu-assistente,ollama,76.3201769,24
1788061020,meu-assistente,ollama,76.3201769,24
1788061080,meu-assistente,ollama,76.3201769,24
1788061140,meu-assistente,ollama,76.3201769,24
1788061200,meu-assistente,ollama,76.3201769,24
1788061260,meu-assistente,ollama,76.3201769,24
1788061320,meu-assistente,ollama,79.1847336,25
1788061380,meu-assistente,ollama,79.1847336,25
1788061440,meu-assistente,ollama,79.1847336,25
1788061500,meu-assistente,ollama,79.1847336,25
1788061560,meu-assistente,ollama,79.1847336,25
1788061620,meu-assistente,ollama,79.1847336,25
1788061680,meu-assistente,ollama,79.1847336,25
1788061740,meu-assistente,ollama,79.1847336,25
1788061800,meu-assistente,ollama,79.1847336,25
1788061860,meu-assistente,ollama,79.1847336,25
1788061920,meu-assistente,ollama,79.1847336,25
1788061980,meu-assistente,ollama,79.1847336,25
1788062040,meu-assistente,ollama,79.1847336,25
1788062100,meu-assistente,ollama,79.1847336,25
1788062160,meu-assistente,ollama,79.1847336,25
1788062220,meu-assistente,ollama,79.1847336,25
1788062280,meu-assistente,ollama,79.1847336,25
1788062340,meu-assistente,ollama,79.1847336,25
1788062400,meu-assistente,ollama,79.1847336,25
1788062460,meu-assistente,ollama,79.1847336,25
1788062520,meu-assistente,ollama,79.1847336,25
1788062580,meu-assistente,ollama,79.1847336,25
1788062640,meu-assistente,ollama,79.1847336,25
1788062700,meu-assistente,ollama,79.1847336,25
1788062760,meu-assistente,ollama,79.1847336,25
1788062820,meu-assistente,ollama,79.1847336,25
1788062880,meu-assistente,ollama,79.1847336,25
1788062940,meu-assistente,ollama,79.1847336,25
1788063000,meu-assistente,ollama,79.1847336,25
1788063060,meu-assistente,ollama,79.1847336,25
1788063120,meu-assistente,ollama,79.1847336,25
1788063180,meu-assistente,ollama,79.1847336,25
1788063240,meu-assistente,ollama,79.1847336,25
1788063300,meu-assistente,ollama,79.1847336,25
1788063360,meu-assistente,ollama,79.1847336,25
1788063420,meu-assistente,ollama,79.1847336,25
1788063480,meu-assistente,ollama,79.1847336,25
1788063540,meu-assistente,ollama,79.1847336,25
1788063600,meu-assistente,ollama,79.1847336,25
1788063660,meu-assistente,ollama,79.1847336,25
1788063720,meu-assistente,ollama,79.1847336,25
1788063780,meu-assistente,ollama,79.1847336,25
1788063840,meu-assistente,ollama,79.1847336,25
1788063900,meu-assistente,ollama,79.1847336,25
1788063960,meu-assistente,ollama,79.1847336,25
1788064020,meu-assistente,ollama,79.1847336,25
1788064080,meu-assistente,ollama,79.1847336,25
1788064140,meu-assistente,ollama,79.1847336,25
1788064200,meu-assistente,ollama,81.0529712,26
1788064260,meu-assistente,ollama,81.0529712,26
1788064320,meu-assistente,ollama,81.0529712,26
1788064380,meu-assistente,ollama,81.0529712,26
1788064440,meu-assistente,ollama,81.0529712,26
1788064500,meu-assistente,ollama,81.0529712,26
1788064560,meu-assistente,ollama,81.0529712,26
1788064620,meu-assistente,ollama,81.0529712,26
1788064680,meu-assistente,ollama,81.0529712,26
1788064740,meu-assistente,ollama,81.0529712,26
1788064800,meu-assistente,ollama,81.0529712,26
1788064860,meu-assistente,ollama,81.0529712,26
1788064920,meu-assistente,ollama,81.0529712,26
1788064980,meu-assistente,ollama,81.0529712,26
1788065040,meu-assistente,ollama,81.0529712,26
1788065100,meu-assistente,ollama,81.0529712,26
1788065160,meu-assistente,ollama,81.0529712,26
1788065220,meu-assistente,ollama,81.0529712,26
1788065280,meu-assistente,ollama,81.0529712,26
1788065340,meu-assistente,ollama,81.0529712,26
1788065400,meu-assistente,ollama,81.0529712,26
1788065460,meu-assistente,ollama,81.0529712,26
1788065520,meu-assistente,ollama,81.0529712,26
1788065580,meu-assistente,ollama,81.0529712,26
1788065640,meu-assistente,ollama,81.0529712,26
1788065700,meu-assistente,ollama,81.0529712,26
1788065760,meu-assistente,ollama,81.0529712,26
1788065820,meu-assistente,ollama,81.0529712,26
1788065880,meu-assistente,ollama,81.0529712,26
1788065940,meu-assistente,ollama,81.0529712,26
1788066000,meu-assistente,ollama,81.0529712,26
1788066060,meu-assistente,ollama,81.0529712,26
1788066120,meu-assistente,ollama,81.0529712,26
1788066180,meu-assistente,ollama,81.0529712,26
1788066240,meu-assistente,ollama,81.0529712,26
1788066300,meu-assistente,ollama,81.0529712,26
1788066360,meu-assistente,ollama,81.0529712,26
1788066420,meu-assistente,ollama,81.0529712,26
1788066480,meu-assistente,ollama,81.0529712,26
1788066540,meu-assistente,ollama,81.0529712,26
1788066600,meu-assistente,ollama,81.0529712,26
1788066660,meu-assistente,ollama,81.0529712,26
1788066720,meu-assistente,ollama,81.0529712,26
1788066780,meu-assistente,ollama,81.0529712,26
1788066840,meu-assistente,ollama,81.0529712,26
1788066900,meu-assistente,ollama,81.0529712,26
1788066960,meu-assistente,ollama,81.0529712,26
1788067020,meu-assistente,ollama,81.0529712,26
1788067080,meu-assistente,ollama,84.3865547,27
1788067140,meu-assistente,ollama,84.3865547,27
1788067200,meu-assistente,ollama,84.3865547,27
1788067260,meu-assistente,ollama,84.3865547,27
1788067320,meu-assistente,ollama,84.3865547,27
1788067380,meu-assistente,ollama,84.3865547,27
1788067440,meu-assistente,ollama,84.3865547,27
1788067500,meu-assistente,ollama,84.3865547,27
1788067560,meu-assistente,ollama,84.3865547,27
1788067620,meu-assistente,ollama,84.3865547,27
1788067680,meu-assistente,ollama,84.3865547,27
1788067740,meu-assistente,ollama,84.3865547,27
1788067800,meu-assistente,ollama,84.3865547,27
1788067860,meu-assistente,ollama,84.3865547,27
1788067920,meu-assistente,ollama,84.3865547,27
1788067980,meu-assistente,ollama,85.0440513,28
1788068040,meu-assistente,ollama,85.0440513,28
1788068100,meu-assistente,ollama,85.0440513,28
1788068160,meu-assistente,ollama,85.0440513,28
1788068220,meu-assistente,ollama,85.0440513,28
1788068280,meu-assistente,ollama,85.0440513,28
1788068340,meu-assistente,ollama,85.0440513,28
1788068400,meu-assistente,ollama,85.0440513,28
1788068460,meu-assistente,ollama,85.0440513,28
1788068520,meu-assistente,ollama,85.0440513,28
1788068580,meu-assistente,ollama,85.0440513,28
1788068640,meu-assistente,ollama,85.0440513,28
1788068700,meu-assistente,ollama,85.0440513,28
1788068760,meu-assistente,ollama,85.0440513,28
1788068820,meu-assistente,ollama,85.0440513,28
1788068880,meu-assistente,ollama,85.0440513,28
1788068940,meu-assistente,ollama,85.0440513,28
1788069000,meu-assistente,ollama,85.0440513,28
1788069060,meu-assistente,ollama,85.0440513,28
1788069120,meu-assistente,ollama,85.0440513,28
1788069180,meu-assistente,ollama,85.0440513,28
1788069240,meu-assistente,ollama,85.0440513,28
1788069300,meu-assistente,ollama,85.0440513,28
1788069360,meu-assistente,ollama,85.0440513,28
1788069420,meu-assistente,ollama,85.0440513,28
1788069480,meu-assistente,ollama,85.0440513,28
1788069540,meu-assistente,ollama,85.0440513,28
1788069600,meu-assistente,ollama,85.0440513,28
1788069660,meu-assistente,ollama,85.0440513,28
1788069720,meu-assistente,ollama,85.0440513,28
1788069780,meu-assistente,ollama,85.0440513,28
1788069840,meu-assistente,ollama,85.0440513,28
1788069900,meu-assistente,ollama,85.0440513,28
1788069960,meu-assistente,ollama,85.0440513,28
1788070020,meu-assistente,ollama,85.0440513,28
1788070080,meu-assistente,ollama,85.0440513,28
1788070140,meu-assistente,ollama,85.0440513,28
1788070200,meu-assistente,ollama,85.0440513,28
1788070260,meu-assistente,ollama,85.0440513,28
1788070320,meu-assistente,ollama,85.0440513,28
1788070380,meu-assistente,ollama,85.0440513,28
1788070440,meu-assistente,ollama,85.0440513,28
1788070500,meu-assistente,ollama,89.0053256,29
1788070560,meu-assistente,ollama,89.0053256,29
1788070620,meu-assistente,ollama,93.6553289,30
1788070680,meu-assistente,ollama,93.6553289,30
1788070740,meu-assistente,ollama,93.6553289,30
1788070800,meu-assistente,ollama,93.6553289,30
1788070860,meu-assistente,ollama,93.6553289,30
1788070920,meu-assistente,ollama,93.6553289,30
1788070980,meu-assistente,ollama,93.6553289,30
1788071040,meu-assistente,ollama,93.6553289,30
1788071100,meu-assistente,ollama,93.6553289,30
1788071160,meu-assistente,ollama,93.6553289,30
1788071220,meu-assistente,ollama,93.6553289,30
1788071280,meu-assistente,ollama,93.6553289,30
1788071340,meu-assistente,ollama,93.6553289,30
1788071400,meu-assistente,ollama,93.6553289,30
1788071460,meu-assistente,ollama,93.6553289,30
1788071520,meu-assistente,ollama,93.6553289,30
1788071580,meu-assistente,ollama,93.6553289,30
1788071640,meu-assistente,ollama,93.6553289,30
1788071700,meu-assistente,ollama,93.6553289,30
1788071760,meu-assistente,ollama,93.6553289,30
1788071820,meu-assistente,ollama,93.6553289,30
1788071880,meu-assistente,ollama,93.6553289,30
1788071940,meu-assistente,ollama,93.6553289,30
1788072000,meu-assistente,ollama,93.6553289,30
1788072060,meu-assistente,ollama,93.6553289,30
1788072120,meu-assistente,ollama,93.6553289,30
1788072180,meu-assistente,ollama,93.6553289,30
1788072240,meu-assistente,ollama,93.6553289,30
1788072300,meu-assistente,ollama,93.6553289,30
1788072360,meu-assistente,ollama,93.6553289,30
1788072420,meu-assistente,ollama,93.6553289,30
1788072480,meu-assistente,ollama,93.6553289,30
1788072540,meu-assistente,ollama,93.6553289,30
1788072600,meu-assistente,ollama,93.6553289,30
1788072660,meu-assistente,ollama,93.6553289,30
1788072720,meu-assistente,ollama,93.6553289,30
1788072780,meu-assistente,ollama,93.6553289,30
1788072840,meu-assistente,ollama,93.6553289,30
1788072900,meu-assistente,ollama,93.6553289,30
1788072960,meu-assistente,ollama,93.6553289,30
1788073020,meu-assistente,ollama,93.6553289,30
1788073080,meu-assistente,ollama,93.6553289,30
1788073140,meu-assistente,ollama,93.6553289,30
1788073200,meu-assistente,ollama,93.6553289,30
1788073260,meu-assistente,ollama,93.6553289,30
1788073320,meu-assistente,ollama,93.6553289,30
1788073380,meu-assistente,ollama,93.6553289,30
1788073440,meu-assistente,ollama,93.6553289,30
1788073500,meu-assistente,ollama,93.6553289,30
1788073560,meu-assistente,ollama,93.6553289,30
1788073620,meu-assistente,ollama,93.6553289,30
1788073680,meu-assistente,ollama,93.6553289,30
1788073740,meu-assistente,ollama,93.6553289,30
1788073800,meu-assistente,ollama,93.6553289,30
1788073860,meu-assistente,ollama,93.6553289,30
1788073920,meu-assistente,ollama,93.6553289,30
1788073980,meu-assistente,ollama,93.6553289,30
1788074040,meu-assistente,ollama,93.6553289,30
1788074100,meu-assistente,ollama,93.6553289,30
1788074160,meu-assistente,ollama,93.6553289,30
1788074220,meu-assistente,ollama,93.6553289,30
1788074280,meu-assistente,ollama,93.6553289,30
1788074340,meu-assistente,ollama,93.6553289,30
1788074400,meu-assistente,ollama,93.6553289,30
1788074460,meu-assistente,ollama,93.6553289,30
1788074520,meu-assistente,ollama,93.6553289,30
1788074580,meu-assistente,ollama,93.6553289,30
1788074640,meu-assistente,ollama,93.6553289,30
1788074700,meu-assistente,ollama,93.6553289,30
1788074760,meu-assistente,ollama,93.6553289,30
1788074820,meu-assistente,ollama,93.6553289,30
1788074880,meu-assistente,ollama,93.6553289,30
1788074940,meu-assistente,ollama,93.6553289,30
1788075000,meu-assistente,ollama,93.6553289,30
1788075060,meu-assistente,ollama,93.6553289,30
1788075120,meu-assistente,ollama,93.6553289,30
1788075180,meu-assistente,ollama,93.6553289,30
1788075240,meu-assistente,ollama,93.6553289,30
1788075300,meu-assistente,ollama,93.6553289,30
1788075360,meu-assistente,ollama,93.6553289,30
1788075420,meu-assistente,ollama,93.6553289,30
1788075480,meu-assistente,ollama,93.6553289,30
1788075540,meu-assistente,ollama,93.6553289,30
1788075600,meu-assistente,ollama,93.6553289,30
1788075660,meu-assistente,ollama,93.6553289,30
1788075720,meu-assistente,ollama,93.6553289,30
1788075780,meu-assistente,ollama,93.6553289,30
1788075840,meu-assistente,ollama,93.6553289,30
1788075900,meu-assistente,ollama,93.6553289,30
1788075960,meu-assistente,ollama,93.6553289,30
1788076020,meu-assistente,ollama,93.6553289,30
1788076080,meu-assistente,ollama,93.6553289,30
1788076140,meu-assistente,ollama,93.6553289,30
1788076200,meu-assistente,ollama,93.6553289,30
1788076260,meu-assistente,ollama,93.6553289,30
1788076320,meu-assistente,ollama,93.6553289,30
1788076380,meu-assistente,ollama,93.6553289,30
1788076440,meu-assistente,ollama,93.6553289,30
1788076500,meu-assistente,ollama,93.6553289,30
1788076560,meu-assistente,ollama,93.6553289,30
1788076620,meu-assistente,ollama,93.6553289,30
1788076680,meu-assistente,ollama,93.6553289,30
1788076740,meu-assistente,ollama,93.6553289,30
1788076800,meu-assistente,ollama,93.6553289,30
1788076860,meu-assistente,ollama,93.6553289,30
1788076920,meu-assistente,ollama,93.6553289,30
1788076980,meu-assistente,ollama,93.6553289,30
1788077040,meu-assistente,ollama,93.6553289,30
1788077100,meu-assistente,ollama,93.6553289,30
1788077160,meu-assistente,ollama,93.6553289,30
1788077220,meu-assistente,ollama,93.6553289,30
1788077280,meu-assistente,ollama,93.6553289,30
1788077340,meu-assistente,ollama,93.6553289,30
1788077400,meu-assistente,ollama,93.6553289,30
1788077460,meu-assistente,ollama,93.6553289,30
1788077520,meu-assistente,ollama,93.6553289,30
1788077580,meu-assistente,ollama,96.7415617,31
1788077640,meu-assistente,ollama,96.7415617,31
1788077700,meu-assistente,ollama,96.7415617,31
1788077760,meu-assistente,ollama,96.7415617,31
1788077820,meu-assistente,ollama,96.7415617,31
1788077880,meu-assistente,ollama,96.7415617,31
1788077940,meu-assistente,ollama,97.3056611,32
1788078000,meu-assistente,ollama,97.3056611,32
1788078060,meu-assistente,ollama,97.3056611,32
1788078120,meu-assistente,ollama,97.3056611,32
1788078180,meu-assistente,ollama,97.3056611,32
1788078240,meu-assistente,ollama,97.3056611,32
1788078300,meu-assistente,ollama,97.3056611,32
1788078360,meu-assistente,ollama,97.3056611,32
1788078420,meu-assistente,ollama,97.3056611,32
1788078480,meu-assistente,ollama,97.3056611,32
1788078540,meu-assistente,ollama,97.3056611,32
1788078600,meu-assistente,ollama,97.3056611,32
1788078660,meu-assistente,ollama,97.3056611,32
1788078720,meu-assistente,ollama,97.3056611,32
1788078780,meu-assistente,ollama,97.3056611,32
1788078840,meu-assistente,ollama,97.3056611,32
1788078900,meu-assistente,ollama,97.3056611,32
1788078960,meu-assistente,ollama,97.3056611,32
1788079020,meu-assistente,ollama,97.3056611,32
1788079080,meu-assistente,ollama,97.3056611,32
1788079140,meu-assistente,ollama,97.3056611,32
1788079200,meu-assistente,ollama,97.3056611,32
1788079260,meu-assistente,ollama,97.3056611,32
1788079320,meu-assistente,ollama,97.3056611,32
1788079380,meu-assistente,ollama,97.3056611,32
1788079440,meu-assistente,ollama,97.3056611,32
1788079500,meu-assistente,ollama,97.3056611,32
1788079560,meu-assistente,ollama,97.3056611,32
1788079620,meu-assistente,ollama,97.3056611,32
1788079680,meu-assistente,ollama,97.3056611,32
1788079740,meu-assistente,ollama,97.3056611,32
1788079800,meu-assistente,ollama,97.3056611,32
1788079860,meu-assistente,ollama,97.3056611,32
1788079920,meu-assistente,ollama,97.3056611,32
1788079980,meu-assistente,ollama,97.3056611,32
1788080040,meu-assistente,ollama,97.3056611,32
1788080100,meu-assistente,ollama,97.3056611,32
1788080160,meu-assistente,ollama,97.3056611,32
1788080220,meu-assistente,ollama,97.3056611,32
1788080280,meu-assistente,ollama,97.3056611,32
1788080340,meu-assistente,ollama,99.5633715,33
1788080400,meu-assistente,ollama,99.5633715,33
1788080460,meu-assistente,ollama,99.5633715,33
1788080520,meu-assistente,ollama,99.5633715,33
1788080580,meu-assistente,ollama,99.5633715,33
1788080640,meu-assistente,ollama,99.5633715,33
1788080700,meu-assistente,ollama,99.5633715,33
1788080760,meu-assistente,ollama,99.5633715,33
1788080820,meu-assistente,ollama,99.5633715,33
1788080880,meu-assistente,ollama,99.5633715,33
1788080940,meu-assistente,ollama,99.5633715,33
1788081000,meu-assistente,ollama,99.5633715,33
1788081060,meu-assistente,ollama,99.5633715,33
1788081120,meu-assistente,ollama,99.5633715,33
1788081180,meu-assistente,ollama,99.5633715,33
1788081240,meu-assistente,ollama,99.5633715,33
1788081300,meu-assistente,ollama,99.5633715,33
1788081360,meu-assistente,ollama,99.5633715,33
1788081420,meu-assistente,ollama,99.5633715,33
1788081480,meu-assistente,ollama,99.5633715,33
1788081540,meu-assistente,ollama,99.5633715,33
1788081600,meu-assistente,ollama,99.5633715,33
1788081660,meu-assistente,ollama,99.5633715,33
1788081720,meu-assistente,ollama,99.5633715,33
1788081780,meu-assistente,ollama,99.5633715,33
1788081840,meu-assistente,ollama,99.5633715,33
1788081900,meu-assistente,ollama,99.5633715,33
1788081960,meu-assistente,ollama,99.5633715,33
1788082020,meu-assistente,ollama,99.5633715,33
1788082080,meu-assistente,ollama,99.5633715,33
1788082140,meu-assistente,ollama,99.5633715,33
1788082200,meu-assistente,ollama,99.5633715,33
1788082260,meu-assistente,ollama,99.5633715,33
1788082320,meu-assistente,ollama,99.5633715,33
1788082380,meu-assistente,ollama,99.5633715,33
1788082440,meu-assistente,ollama,99.5633715,33
1788082500,meu-assistente,ollama,99.5633715,33
1788082560,meu-assistente,ollama,104.7276105,34
1788082620,meu-assistente,ollama,104.7276105,34
1788082680,meu-assistente,ollama,104.7276105,34
1788082740,meu-assistente,ollama,104.7276105,34
1788082800,meu-assistente,ollama,104.7276105,34
1788082860,meu-assistente,ollama,104.7276105,34
1788082920,meu-assistente,ollama,104.7276105,34
1788082980,meu-assistente,ollama,104.7276105,34
1788083040,meu-assistente,ollama,104.7276105,34
1788083100,meu-assistente,ollama,104.7276105,34
1788083160,meu-assistente,ollama,104.7276105,34
1788083220,meu-assistente,ollama,104.7276105,34
1788083280,meu-assistente,ollama,104.7276105,34
1788083340,meu-assistente,ollama,104.7276105,34
1788083400,meu-assistente,ollama,104.7276105,34
1788083460,meu-assistente,ollama,104.7276105,34
1788083520,meu-assistente,ollama,104.7276105,34
1788083580,meu-assistente,ollama,104.7276105,34
1788083640,meu-assistente,ollama,104.7276105,34
1788083700,meu-assistente,ollama,104.7276105,34
1788083760,meu-assistente,ollama,109.0093965,35
1788083820,meu-assistente,ollama,109.0093965,35
1788083880,meu-assistente,ollama,109.0093965,35
1788083940,meu-assistente,ollama,109.0093965,35
1788084000,meu-assistente,ollama,109.0093965,35
1788084060,meu-assistente,ollama,109.0093965,35
1788084120,meu-assistente,ollama,109.0093965,35
1788084180,meu-assistente,ollama,109.0093965,35
1788084240,meu-assistente,ollama,109.0093965,35
1788084300,meu-assistente,ollama,109.0093965,35
1788084360,meu-assistente,ollama,109.0093965,35
1788084420,meu-assistente,ollama,109.0093965,35
1788084480,meu-assistente,ollama,109.0093965,35
1788084540,meu-assistente,ollama,109.0093965,35
1788084600,meu-assistente,ollama,109.0093965,35
1788084660,meu-assistente,ollama,109.0093965,35
1788084720,meu-assistente,ollama,109.0093965,35
1788084780,meu-assistente,ollama,109.0093965,35
1788084840,meu-assistente,ollama,109.0093965,35
1788084900,meu-assistente,ollama,109.0093965,35
1788084960,meu-assistente,ollama,109.8249188,36
1788085020,meu-assistente,ollama,109.8249188,36
1788085080,meu-assistente,ollama,109.8249188,36
1788085140,meu-assistente,ollama,109.8249188,36
1788085200,meu-assistente,ollama,109.8249188,36
1788085260,meu-assistente,ollama,109.8249188,36
1788085320,meu-assistente,ollama,109.8249188,36
1788085380,meu-assistente,ollama,109.8249188,36
1788085440,meu-assistente,ollama,109.8249188,36
1788085500,meu-assistente,ollama,109.8249188,36
1788085560,meu-assistente,ollama,109.8249188,36
1788085620,meu-assistente,ollama,109.8249188,36
1788085680,meu-assistente,ollama,109.8249188,36
1788085740,meu-assistente,ollama,109.8249188,36
1788085800,meu-assistente,ollama,109.8249188,36
1788085860,meu-assistente,ollama,109.8249188,36
1788085920,meu-assistente,ollama,109.8249188,36
1788085980,meu-assistente,ollama,109.8249188,36
1788086040,meu-assistente,ollama,109.8249188,36
1788086100,meu-assistente,ollama,109.8249188,36
1788086160,meu-assistente,ollama,109.8249188,36
1788086220,meu-assistente,ollama,109.8249188,36
1788086280,meu-assistente,ollama,109.8249188,36
1788086340,meu-assistente,ollama,109.8249188,36
1788000000,tinyrick/Qwen3.8-27B-Uncensored-HauhauCS-Aggressive-MTP-GGUF:Q4_K_P,ollama,0.0000000,0
1788000060,tinyrick/Qwen3.8-27B-Uncensored-HauhauCS-Aggressive-MTP-GGUF:Q4_K_P,ollama,0.0000000,0
1788000120,tinyrick/Qwen3.8-27B-Uncensored-HauhauCS-Aggressive-MTP-GGUF:Q4_K_P,ollama,0.0000000,0
1788000180,tinyrick/Qwen3.8-27B-Uncensored-HauhauCS-Aggressive-MTP-GGUF:Q4_K_P,ollama,0.0000000,0
1788000240,tinyrick/Qwen3.8-27B-Uncensored-HauhauCS-Aggressive-MTP-GGUF:Q4_K_P,ollama,0.0000000,0
1788000300,tinyrick/Qwen3.8-27B-Uncensored-HauhauCS-Aggressive-MTP-GGUF:Q4_K_P,ollama,0.0000000,0
1788000360,tinyrick/Qwen3.8-27B-Uncensored-HauhauCS-Aggressive-MTP-GGUF:Q4_K_P,ollama,0.0000000,0
1788000420,tinyrick/Qwen3.8-27B-Uncensored-HauhauCS-Aggressive-MTP-GGUF:Q4_K_P,ollama,0.0000000,0
1788000480,tinyrick/Qwen3.8-27B-Uncensored-HauhauCS-Aggressive-MTP-GGUF:Q4_K_P,ollama,0.0000000,0
1788000540,tinyrick/Qwen3.8-27B-Uncensored-HauhauCS-Aggressive-MTP-GGUF:Q4_K_P,ollama,0.0000000,0
1788000600,tinyrick/Qwen3.8-27B-Uncensored-HauhauCS-Aggressive-MTP-GGUF:Q4_K_P,ollama,5.8715231,1
1788000660,tinyrick/Qwen3.8-27B-Uncensored-HauhauCS-Aggressive-MTP-GGUF:Q4_K_P,ollama,5.8715231,1
1788000720,tinyrick/Qwen3.8-27B-Uncensored-HauhauCS-Aggressive-MTP-GGUF:Q4_K_P,ollama,5.8715231,1
1788000780,tinyrick/Qwen3.8-27B-Uncensored-HauhauCS-Aggressive-MTP-GGUF:Q4_K_P,ollama,5.8715231,1
1788000840,tinyrick/Qwen3.8-27B-Uncensored-HauhauCS-Aggressive-MTP-GGUF:Q4_K_P,ollama,5.8715231,1
1788000900,tinyrick/Qwen3.8-27B-Uncensored-HauhauCS-Aggressive-MTP-GGUF:Q4_K_P,ollama,5.8715231,1
1788000960,tinyrick/Qwen3.8-27B-Uncensored-HauhauCS-Aggressive-MTP-GGUF:Q4_K_P,ollama,5.8715231,1
1788001020,tinyrick/Qwen3.8-27B-Uncensored-HauhauCS-Aggressive-MTP-GGUF:Q4_K_P,ollama,5.8715231,1
1788001080,tinyrick/Qwen3.8-27B-Uncensored-HauhauCS-Aggressive-MTP-GGUF:Q4_K_P,ollama,5.8715231,1
1788001140,tinyrick/Qwen3.8-27B-Uncensored-HauhauCS-Aggressive-MTP-GGUF:Q4_K_P,ollama,5.8715231,1
1788001200,tinyrick/Qwen3.8-27B-Uncensored-HauhauCS-Aggressive-MTP-GGUF:Q4_K_P,ollama,5.8715231,1
1788001260,tinyrick/Qwen3.8-27B-Uncensored-HauhauCS-Aggressive-MTP-GGUF:Q4_K_P,ollama,5.8715231,1
1788001320,tinyrick/Qwen3.8-27B-Uncensored-HauhauCS-Aggressive-MTP-GGUF:Q4_K_P,ollama,5.8715231,1
1788001380,tinyrick/Qwen3.8-27B-Uncensored-HauhauCS-Aggressive-MTP-GGUF:Q4_K_P,ollama,5.8715231,1
1788001440,tinyrick/Qwen3.8-27B-Uncensored-HauhauCS-Aggressive-MTP-GGUF:Q4_K_P,ollama,5.8715231,1
1788001500,tinyrick/Qwen3.8-27B-Uncensored-HauhauCS-Aggressive-MTP-GGUF:Q4_K_P,ollama,5.8715231,1
1788001560,tinyrick/Qwen3.8-27B-Uncensored-HauhauCS-Aggressive-MTP-GGUF:Q4_K_P,ollama,5.8715231,1
1788001620,tinyrick/Qwen3.8-27B-Uncensored-HauhauCS-Aggressive-MTP-GGUF:Q4_K_P,ollama,5.8715231,1
1788001680,tinyrick/Qwen3.8-27B-Uncensored-HauhauCS-Aggressive-MTP-GGUF:Q4_K_P,ollama,5.8715231,1
1788001740,tinyrick/Qwen3.8-27B-Uncensored-HauhauCS-Aggressive-MTP-GGUF:Q4_K_P,ollama,5.8715231,1
1788001800,tinyrick/Qwen3.8-27B-Uncensored-HauhauCS-Aggressive-MTP-GGUF:Q4_K_P,ollama,5.8715231,1
1788001860,tinyrick/Qwen3.8-27B-Uncensored-HauhauCS-Aggressive-MTP-GGUF:Q4_K_P,ollama,5.8715231,1
1788001920,tinyrick/Qwen3.8-27B-Uncensored-HauhauCS-Aggressive-MTP-GGUF:Q4_K_P,ollama,5.8715231,1
1788001980,tinyrick/Qwen3.8-27B-Uncensored-HauhauCS-Aggressive-MTP-GGUF:Q4_K_P,ollama,5.8715231,1
1788002040,tinyrick/Qwen3.8-27B-Uncensored-HauhauCS-Aggressive-MTP-GGUF:Q4_K_P,ollama,5.8715231,1
1788002100,tinyrick/Qwen3.8-27B-Uncensored-HauhauCS-Aggressive-MTP-GGUF:Q4_K_P,ollama,5.8715231,1
1788002160,tinyrick/Qwen3.8-27B-Uncensored-HauhauCS-Aggressive-MTP-GGUF:Q4_K_P,ollama,5.8715231,1
1788002220,tinyrick/Qwen3.8-27B-Uncensored-HauhauCS-Aggressive-MTP-GGUF:Q4_K_P,ollama,5.8715231,1
1788002280,tinyrick/Qwen3.8-27B-Uncensored-HauhauCS-Aggressive-MTP-GGUF:Q4_K_P,ollama,5.8715231,1
1788002340,tinyrick/Qwen3.8-27B-Uncensored-HauhauCS-Aggressive-MTP-GGUF:Q4_K_P,ollama,5.8715231,1
1788002400,tinyrick/Qwen3.8-27B-Uncensored-HauhauCS-Aggressive-MTP-GGUF:Q4_K_P,ollama,5.8715231,1
1788002460,tinyrick/Qwen3.8-27B-Uncensored-HauhauCS-Aggressive-MTP-GGUF:Q4_K_P,ollama,5.8715231,1
1788002520,tinyrick/Qwen3.8-27B-Uncensored-HauhauCS-Aggressive-MTP-GGUF:Q4_K_P,ollama,5.8715231,1
1788002580,tinyrick/Qwen3.8-27B-Uncensored-HauhauCS-Aggressive-MTP-GGUF:Q4_K_P,ollama,5.8715231,1
1788002640,tinyrick/Qwen3.8-27B-Uncensored-HauhauCS-Aggressive-MTP-GGUF:Q4_K_P,ollama,5.8715231,1
1788002700,tinyrick/Qwen3.8-27B-Uncensored-HauhauCS-Aggressive-MTP-GGUF:Q4_K_P,ollama,5.8715231,1
1788002760,tinyrick/Qwen3.8-27B-Uncensored-HauhauCS-Aggressive-MTP-GGUF:Q4_K_P,ollama,5.8715231,1
1788002820,tinyrick/Qwen3.8-27B-Uncensored-HauhauCS-Aggressive-MTP-GGUF:Q4_K_P,ollama,5.8715231,1
1788002880,tinyrick/Qwen3.8-27B-Uncensored-HauhauCS-Aggressive-MTP-GGUF:Q4_K_P,ollama,5.8715231,1
1788002940,tinyrick/Qwen3.8-27B-Uncensored-HauhauCS-Aggressive-MTP-GGUF:Q4_K_P,ollama,5.8715231,1
1788003000,tinyrick/Qwen3.8-27B-Uncensored-HauhauCS-Aggressive-MTP-GGUF:Q4_K_P,ollama,5.8715231,1
1788003060,tinyrick/Qwen3.8-27B-Uncensored-HauhauCS-Aggressive-MTP-GGUF:Q4_K_P,ollama,5.8715231,1
1788003120,tinyrick/Qwen3.8-27B-Uncensored-HauhauCS-Aggressive-MTP-GGUF:Q4_K_P,ollama,5.8715231,1
1788003180,tinyrick/Qwen3.8-27B-Uncensored-HauhauCS-Aggressive-MTP-GGUF:Q4_K_P,ollama,5.8715231,1
1788003240,tinyrick/Qwen3.8-27B-Uncensored-HauhauCS-Aggressive-MTP-GGUF:Q4_K_P,ollama,5.8715231,1
1788003300,tinyrick/Qwen3.8-27B-Uncensored-HauhauCS-Aggressive-MTP-GGUF:Q4_K_P,ollama,5.8715231,1
1788003360,tinyrick/Qwen3.8-27B-Uncensored-HauhauCS-Aggressive-MTP-GGUF:Q4_K_P,ollama,5.8715231,1
1788003420,tinyrick/Qwen3.8-27B-Uncensored-HauhauCS-Aggressive-MTP-GGUF:Q4_K_P,ollama,5.8715231,1
1788003480,tinyrick/Qwen3.8-27B-Uncensored-HauhauCS-Aggressive-MTP-GGUF:Q4_K_P,ollama,5.8715231,1
1788003540,tinyrick/Qwen3.8-27B-Uncensored-HauhauCS-Aggressive-MTP-GGUF:Q4_K_P,ollama,5.8715231,1
1788003600,tinyrick/Qwen3.8-27B-Uncensored-HauhauCS-Aggressive-MTP-GGUF:Q4_K_P,ollama,5.8715231,1
1788003660,tinyrick/Qwen3.8-27B-Uncensored-HauhauCS-Aggressive-MTP-GGUF:Q4_K_P,ollama,5.8715231,1
1788003720,tinyrick/Qwen3.8-27B-Uncensored-HauhauCS-Aggressive-MTP-GGUF:Q4_K_P,ollama,5.8715231,1
1788003780,tinyrick/Qwen3.8-27B-Uncensored-HauhauCS-Aggressive-MTP-GGUF:Q4_K_P,ollama,5.8715231,1
1788003840,tinyrick/Qwen3.8-27B-Uncensored-HauhauCS-Aggressive-MTP-GGUF:Q4_K_P,ollama,5.8715231,1
1788003900,tinyrick/Qwen3.8-27B-Uncensored-HauhauCS-Aggressive-MTP-GGUF:Q4_K_P,ollama,5.8715231,1
1788003960,tinyrick/Qwen3.8-27B-Uncensored-HauhauCS-Aggressive-MTP-GGUF:Q4_K_P,ollama,5.8715231,1
1788004020,tinyrick/Qwen3.8-27B-Uncensored-HauhauCS-Aggressive-MTP-GGUF:Q4_K_P,ollama,5.8715231,1
1788004080,tinyrick/Qwen3.8-27B-Uncensored-HauhauCS-Aggressive-MTP-GGUF:Q4_K_P,ollama,5.8715231,1
1788004140,tinyrick/Qwen3.8-27B-Uncensored-HauhauCS-Aggressive-MTP-GGUF:Q4_K_P,ollama,5.8715231,1
1788004200,tinyrick/Qwen3.8-27B-Uncensored-HauhauCS-Aggressive-MTP-GGUF:Q4_K_P,ollama,5.8715231,1
1788004260,tinyrick/Qwen3.8-27B-Uncensored-HauhauCS-Aggressive-MTP-GGUF:Q4_K_P,ollama,5.8715231,1
1788004320,tinyrick/Qwen3.8-27B-Uncensored-HauhauCS-Aggressive-MTP-GGUF:Q4_K_P,ollama,5.8715231,1
1788004380,tinyrick/Qwen3.8-27B-Uncensored-HauhauCS-Aggressive-MTP-GGUF:Q4_K_P,ollama,5.8715231,1
1788004440,tinyrick/Qwen3.8-27B-Uncensored-HauhauCS-Aggressive-MTP-GGUF:Q4_K_P,ollama,10.6489628,2
1788004500,tinyrick/Qwen3.8-27B-Uncensored-HauhauCS-Aggressive-MTP-GGUF:Q4_K_P,ollama,10.6489628,2
1788004560,tinyrick/Qwen3.8-27B-Uncensored-HauhauCS-Aggressive-MTP-GGUF:Q4_K_P,ollama,10.6489628,2
1788004620,tinyrick/Qwen3.8-27B-Uncensored-HauhauCS-Aggressive-MTP-GGUF:Q4_K_P,ollama,10.6489628,2
1788004680,tinyrick/Qwen3.8-27B-Uncensored-HauhauCS-Aggressive-MTP-GGUF:Q4_K_P,ollama,10.6489628,2
1788004740,tinyrick/Qwen3.8-27B-Uncensored-HauhauCS-Aggressive-MTP-GGUF:Q4_K_P,ollama,10.6489628,2
1788004800,tinyrick/Qwen3.8-27B-Uncensored-HauhauCS-Aggressive-MTP-GGUF:Q4_K_P,ollama,10.6489628,2
1788004860,tinyrick/Qwen3.8-27B-Uncensored-HauhauCS-Aggressive-MTP-GGUF:Q4_K_P,ollama,10.6489628,2
1788004920,tinyrick/Qwen3.8-27B-Uncensored-HauhauCS-Aggressive-MTP-GGUF:Q4_K_P,ollama,10.6489628,2
1788004980,tinyrick/Qwen3.8-27B-Uncensored-HauhauCS-Aggressive-MTP-GGUF:Q4_K_P,ollama,10.6489628,2
1788005040,tinyrick/Qwen3.8-27B-Uncensored-HauhauCS-Aggressive-MTP-GGUF:Q4_K_P,ollama,10.6489628,2
1788005100,tinyrick/Qwen3.8-27B-Uncensored-HauhauCS-Aggressive-MTP-GGUF:Q4_K_P,ollama,10.6489628,2
1788005160,tinyrick/Qwen3.8-27B-Uncensored-HauhauCS-Aggressive-MTP-GGUF:Q4_K_P,ollama,10.6489628,2
1788005220,tinyrick/Qwen3.8-27B-Uncensored-HauhauCS-Aggressive-MTP-GGUF:Q4_K_P,ollama,10.6489628,2
1788005280,tinyrick/Qwen3.8-27B-Uncensored-HauhauCS-Aggressive-MTP-GGUF:Q4_K_P,ollama,10.6489628,2
1788005340,tinyrick/Qwen3.8-27B-Uncensored-HauhauCS-Aggressive-MTP-GGUF:Q4_K_P,ollama,10.6489628,2
1788005400,tinyrick/Qwen3.8-27B-Uncensored-HauhauCS-Aggressive-MTP-GGUF:Q4_K_P,ollama,10.6489628,2
1788005460,tinyrick/Qwen3.8-27B-Uncensored-HauhauCS-Aggressive-MTP-GGUF:Q4_K_P,ollama,10.6489628,2
1788005520,tinyrick/Qwen3.8-27B-Uncensored-HauhauCS-Aggressive-MTP-GGUF:Q4_K_P,ollama,10.6489628,2
1788005580,tinyrick/Qwen3.8-27B-Uncensored-HauhauCS-Aggressive-MTP-GGUF:Q4_K_P,ollama,10.6489628,2
1788005640,tinyrick/Qwen3.8-27B-Uncensored-HauhauCS-Aggressive-MTP-GGUF:Q4_K_P,ollama,10.6489628,2
1788005700,tinyrick/Qwen3.8-27B-Uncensored-HauhauCS-Aggressive-MTP-GGUF:Q4_K_P,ollama,10.6489628,2
1788005760,tinyrick/Qwen3.8-27B-Uncensored-HauhauCS-Aggressive-MTP-GGUF:Q4_K_P,ollama,10.6489628,2
1788005820,tinyrick/Qwen3.8-27B-Uncensored-HauhauCS-Aggressive-MTP-GGUF:Q4_K_P,ollama,10.6489628,2
1788005880,tinyrick/Qwen3.8-27B-Uncensored-HauhauCS-Aggressive-MTP-GGUF:Q4_K_P,ollama,10.6489628,2
1788005940,tinyrick/Qwen3.8-27B-Uncensored-HauhauCS-Aggressive-MTP-GGUF:Q4_K_P,ollama,10.6489628,2
1788006000,tinyrick/Qwen3.8-27B-Uncensored-HauhauCS-Aggressive-MTP-GGUF:Q4_K_P,ollama,10.6489628,2
1788006060,tinyrick/Qwen3.8-27B-Uncensored-HauhauCS-Aggressive-MTP-GGUF:Q4_K_P,ollama,10.6489628,2
1788006120,tinyrick/Qwen3.8-27B-Uncensored-HauhauCS-Aggressive-MTP-GGUF:Q4_K_P,ollama,10.6489628,2
1788006180,tinyrick/Qwen3.8-27B-Uncensored-HauhauCS-Aggressive-MTP-GGUF:Q4_K_P,ollama,10.6489628,2
1788006240,tinyrick/Qwen3.8-27B-Uncensored-HauhauCS-Aggressive-MTP-GGUF:Q4_K_P,ollama,10.6489628,2
1788006300,tinyrick/Qwen3.8-27B-Uncensored-HauhauCS-Aggressive-MTP-GGUF:Q4_K_P,ollama,10.6489628,2
1788006360,tinyrick/Qwen3.8-27B-Uncensored-HauhauCS-Aggressive-MTP-GGUF:Q4_K_P,ollama,10.6489628,2
1788006420,tinyrick/Qwen3.8-27B-Uncensored-HauhauCS-Aggressive-MTP-GGUF:Q4_K_P,ollama,10.6489628,2
1788006480,tinyrick/Qwen3.8-27B-Uncensored-HauhauCS-Aggressive-MTP-GGUF:Q4_K_P,ollama,10.6489628,2
1788006540,tinyrick/Qwen3.8-27B-Uncensored-HauhauCS-Aggressive-MTP-GGUF:Q4_K_P,ollama,10.6489628,2
1788006600,tinyrick/Qwen3.8-27B-Uncensored-HauhauCS-Aggressive-MTP-GGUF:Q4_K_P,ollama,10.6489628,2
1788006660,tinyrick/Qwen3.8-27B-Uncensored-HauhauCS-Aggressive-MTP-GGUF:Q4_K_P,ollama,10.6489628,2
1788006720,tinyrick/Qwen3.8-27B-Uncensored-HauhauCS-Aggressive-MTP-GGUF:Q4_K_P,ollama,10.6489628,2
1788006780,tinyrick/Qwen3.8-27B-Uncensored-HauhauCS-Aggressive-MTP-GGUF:Q4_K_P,ollama,10.6489628,2
1788006840,tinyrick/Qwen3.8-27B-Uncensored-HauhauCS-Aggressive-MTP-GGUF:Q4_K_P,ollama,10.6489628,2
1788006900,tinyrick/Qwen3.8-27B-Uncensored-HauhauCS-Aggressive-MTP-GGUF:Q4_K_P,ollama,10.6489628,2
1788006960,tinyrick/Qwen3.8-27B-Uncensored-HauhauCS-Aggressive-MTP-GGUF:Q4_K_P,ollama,10.6489628,2
1788007020,tinyrick/Qwen3.8-27B-Uncensored-HauhauCS-Aggressive-MTP-GGUF:Q4_K_P,ollama,10.6489628,2
1788007080,tinyrick/Qwen3.8-27B-Uncensored-HauhauCS-Aggressive-MTP-GGUF:Q4_K_P,ollama,10.6489628,2
1788007140,tinyrick/Qwen3.8-27B-Uncensored-HauhauCS-Aggressive-MTP-GGUF:Q4_K_P,ollama,10.6489628,2
1788007200,tinyrick/Qwen3.8-27B-Uncensored-HauhauCS-Aggressive-MTP-GGUF:Q4_K_P,ollama,10.6489628,2
1788007260,tinyrick/Qwen3.8-27B-Uncensored-HauhauCS-Aggressive-MTP-GGUF:Q4_K_P,ollama,10.6489628,2
1788007320,tinyrick/Qwen3.8-27B-Uncensored-HauhauCS-Aggressive-MTP-GGUF:Q4_K_P,ollama,10.6489628,2
1788007380,tinyrick/Qwen3.8-27B-Uncensored-HauhauCS-Aggressive-MTP-GGUF:Q4_K_P,ollama,10.6489628,2
1788007440,tinyrick/Qwen3.8-27B-Uncensored-HauhauCS-Aggressive-MTP-GGUF:Q4_K_P,ollama,10.6489628,2
1788007500,tinyrick/Qwen3.8-27B-Uncensored-HauhauCS-Aggressive-MTP-GGUF:Q4_K_P,ollama,10.6489628,2
1788007560,tinyrick/Qwen3.8-27B-Uncensored-HauhauCS-Aggressive-MTP-GGUF:Q4_K_P,ollama,10.6489628,2
1788007620,tinyrick/Qwen3.8-27B-Uncensored-HauhauCS-Aggressive-MTP-GGUF:Q4_K_P,ollama,10.6489628,2
1788007680,tinyrick/Qwen3.8-27B-Uncensored-HauhauCS-Aggressive-MTP-GGUF:Q4_K_P,ollama,10.6489628,2
1788007740,tinyrick/Qwen3.8-27B-Uncensored-HauhauCS-Aggressive-MTP-GGUF:Q4_K_P,ollama,10.6489628,2
1788007800,tinyrick/Qwen3.8-27B-Uncensored-HauhauCS-Aggressive-MTP-GGUF:Q4_K_P,ollama,10.6489628,2
1788007860,tinyrick/Qwen3.8-27B-Uncensored-HauhauCS-Aggressive-MTP-GGUF:Q4_K_P,ollama,10.6489628,2
1788007920,tinyrick/Qwen3.8-27B-Uncensored-HauhauCS-Aggressive-MTP-GGUF:Q4_K_P,ollama,10.6489628,2
1788007980,tinyrick/Qwen3.8-27B-Uncensored-HauhauCS-Aggressive-MTP-GGUF:Q4_K_P,ollama,10.6489628,2
1788008040,tinyrick/Qwen3.8-27B-Uncensored-HauhauCS-Aggressive-MTP-GGUF:Q4_K_P,ollama,10.6489628,2
1788008100,tinyrick/Qwen3.8-27B-Uncensored-HauhauCS-Aggressive-MTP-GGUF:Q4_K_P,ollama,10.6489628,2
1788008160,tinyrick/Qwen3.8-27B-Uncensored-HauhauCS-Aggressive-MTP-GGUF:Q4_K_P,ollama,10.6489628,2
1788008220,tinyrick/Qwen3.8-27B-Uncensored-HauhauCS-Aggressive-MTP-GGUF:Q4_K_P,ollama,10.6489628,2
1788008280,tinyrick/Qwen3.8-27B-Uncensored-HauhauCS-Aggressive-MTP-GGUF:Q4_K_P,ollama,10.6489628,2
1788008340,tinyrick/Qwen3.8-27B-Uncensored-HauhauCS-Aggressive-MTP-GGUF:Q4_K_P,ollama,10.6489628,2
1788008400,tinyrick/Qwen3.8-27B-Uncensored-HauhauCS-Aggressive-MTP-GGUF:Q4_K_P,ollama,10.6489628,2
1788008460,tinyrick/Qwen3.8-27B-Uncensored-HauhauCS-Aggressive-MTP-GGUF:Q4_K_P,ollama,10.6489628,2
1788008520,tinyrick/Qwen3.8-27B-Uncensored-HauhauCS-Aggressive-MTP-GGUF:Q4_K_P,ollama,10.6489628,2
1788008580,tinyrick/Qwen3.8-27B-Uncensored-HauhauCS-Aggressive-MTP-GGUF:Q4_K_P,ollama,10.6489628,2
1788008640,tinyrick/Qwen3.8-27B-Uncensored-HauhauCS-Aggressive-MTP-GGUF:Q4_K_P,ollama,10.6489628,2
1788008700,tinyrick/Qwen3.8-27B-Uncensored-HauhauCS-Aggressive-MTP-GGUF:Q4_K_P,ollama,10.6489628,2
1788008760,tinyrick/Qwen3.8-27B-Uncensored-HauhauCS-Aggressive-MTP-GGUF:Q4_K_P,ollama,10.6489628,2
1788008820,tinyrick/Qwen3.8-27B-Uncensored-HauhauCS-Aggressive-MTP-GGUF:Q4_K_P,ollama,10.6489628,2
1788008880,tinyrick/Qwen3.8-27B-Uncensored-HauhauCS-Aggressive-MTP-GGUF:Q4_K_P,ollama,10.6489628,2
1788008940,tinyrick/Qwen3.8-27B-Uncensored-HauhauCS-Aggressive-MTP-GGUF:Q4_K_P,ollama,10.6489628,2
1788009000,tinyrick/Qwen3.8-27B-Uncensored-HauhauCS-Aggressive-MTP-GGUF:Q4_K_P,ollama,10.6489628,2
1788009060,tinyrick/Qwen3.8-27B-Uncensored-HauhauCS-Aggressive-MTP-GGUF:Q4_K_P,ollama,10.6489628,2
1788009120,tinyrick/Qwen3.8-27B-Uncensored-HauhauCS-Aggressive-MTP-GGUF:Q4_K_P,ollama,10.6489628,2
1788009180,tinyrick/Qwen3.8-27B-Uncensored-HauhauCS-Aggressive-MTP-GGUF:Q4_K_P,ollama,10.6489628,2
1788009240,tinyrick/Qwen3.8-27B-Uncensored-HauhauCS-Aggressive-MTP-GGUF:Q4_K_P,ollama,10.6489628,2
1788009300,tinyrick/Qwen3.8-27B-Uncensored-HauhauCS-Aggressive-MTP-GGUF:Q4_K_P,ollama,10.6489628,2
1788009360,tinyrick/Qwen3.8-27B-Uncensored-HauhauCS-Aggressive-MTP-GGUF:Q4_K_P,ollama,15.8303622,3
1788009420,tinyrick/Qwen3.8-27B-Uncensored-HauhauCS-Aggressive-MTP-GGUF:Q4_K_P,ollama,15.8303622,3
1788009480,tinyrick/Qwen3.8-27B-Uncensored-HauhauCS-Aggressive-MTP-GGUF:Q4_K_P,ollama,15.8303622,3
1788009540,tinyrick/Qwen3.8-27B-Uncensored-HauhauCS-Aggressive-MTP-GGUF:Q4_K_P,ollama,15.8303622,3
1788009600,tinyrick/Qwen3.8-27B-Uncensored-HauhauCS-Aggressive-MTP-GGUF:Q4_K_P,ollama,15.8303622,3
1788009660,tinyrick/Qwen3.8-27B-Uncensored-HauhauCS-Aggressive-MTP-GGUF:Q4_K_P,ollama,15.8303622,3
1788009720,tinyrick/Qwen3.8-27B-Uncensored-HauhauCS-Aggressive-MTP-GGUF:Q4_K_P,ollama,15.8303622,3
1788009780,tinyrick/Qwen3.8-27B-Uncensored-HauhauCS-Aggressive-MTP-GGUF:Q4_K_P,ollama,15.8303622,3
1788009840,tinyrick/Qwen3.8-27B-Uncensored-HauhauCS-Aggressive-MTP-GGUF:Q4_K_P,ollama,15.8303622,3
1788009900,tinyrick/Qwen3.8-27B-Uncensored-HauhauCS-Aggressive-MTP-GGUF:Q4_K_P,ollama,15.8303622,3
1788009960,tinyrick/Qwen3.8-27B-Uncensored-HauhauCS-Aggressive-MTP-GGUF:Q4_K_P,ollama,15.8303622,3
1788010020,tinyrick/Qwen3.8-27B-Uncensored-HauhauCS-Aggressive-MTP-GGUF:Q4_K_P,ollama,15.8303622,3
1788010080,tinyrick/Qwen3.8-27B-Uncensored-HauhauCS-Aggressive-MTP-GGUF:Q4_K_P,ollama,15.8303622,3
1788010140,tinyrick/Qwen3.8-27B-Uncensored-HauhauCS-Aggressive-MTP-GGUF:Q4_K_P,ollama,15.8303622,3
1788010200,tinyrick/Qwen3.8-27B-Uncensored-HauhauCS-Aggressive-MTP-GGUF:Q4_K_P,ollama,15.8303622,3
1788010260,tinyrick/Qwen3.8-27B-Uncensored-HauhauCS-Aggressive-MTP-GGUF:Q4_K_P,ollama,15.8303622,3
1788010320,tinyrick/Qwen3.8-27B-Uncensored-HauhauCS-Aggressive-MTP-GGUF:Q4_K_P,ollama,15.8303622,3
1788010380,tinyrick/Qwen3.8-27B-Uncensored-HauhauCS-Aggressive-MTP-GGUF:Q4_K_P,ollama,15.8303622,3
1788010440,tinyrick/Qwen3.8-27B-Uncensored-HauhauCS-Aggressive-MTP-GGUF:Q4_K_P,ollama,15.8303622,3
1788010500,tinyrick/Qwen3.8-27B-Uncensored-HauhauCS-Aggressive-MTP-GGUF:Q4_K_P,ollama,15.8303622,3
1788010560,tinyrick/Qwen3.8-27B-Uncensored-HauhauCS-Aggressive-MTP-GGUF:Q4_K_P,ollama,15.8303622,3
1788010620,tinyrick/Qwen3.8-27B-Uncensored-HauhauCS-Aggressive-MTP-GGUF:Q4_K_P,ollama,15.8303622,3
1788010680,tinyrick/Qwen3.8-27B-Uncensored-HauhauCS-Aggressive-MTP-GGUF:Q4_K_P,ollama,15.8303622,3
1788010740,tinyrick/Qwen3.8-27B-Uncensored-HauhauCS-Aggressive-MTP-GGUF:Q4_K_P,ollama,15.8303622,3
1788010800,tinyrick/Qwen3.8-27B-Uncensored-HauhauCS-Aggressive-MTP-GGUF:Q4_K_P,ollama,15.8303622,3
1788010860,tinyrick/Qwen3.8-27B-Uncensored-HauhauCS-Aggressive-MTP-GGUF:Q4_K_P,ollama,15.8303622,3
1788010920,tinyrick/Qwen3.8-27B-Uncensored-HauhauCS-Aggressive-MTP-GGUF:Q4_K_P,ollama,15.8303622,3
1788010980,tinyrick/Qwen3.8-27B-Uncensored-HauhauCS-Aggressive-MTP-GGUF:Q4_K_P,ollama,15.8303622,3
1788011040,tinyrick/Qwen3.8-27B-Uncensored-HauhauCS-Aggressive-MTP-GGUF:Q4_K_P,ollama,15.8303622,3
1788011100,tinyrick/Qwen3.8-27B-Uncensored-HauhauCS-Aggressive-MTP-GGUF:Q4_K_P,ollama,19.3745221,4
1788011160,tinyrick/Qwen3.8-27B-Uncensored-HauhauCS-Aggressive-MTP-GGUF:Q4_K_P,ollama,19.3745221,4
1788011220,tinyrick/Qwen3.8-27B-Uncensored-HauhauCS-Aggressive-MTP-GGUF:Q4_K_P,ollama,19.3745221,4
1788011280,tinyrick/Qwen3.8-27B-Uncensored-HauhauCS-Aggressive-MTP-GGUF:Q4_K_P,ollama,19.3745221,4
1788011340,tinyrick/Qwen3.8-27B-Uncensored-HauhauCS-Aggressive-MTP-GGUF:Q4_K_P,ollama,19.3745221,4
1788011400,tinyrick/Qwen3.8-27B-Uncensored-HauhauCS-Aggressive-MTP-GGUF:Q4_K_P,ollama,19.3745221,4
1788011460,tinyrick/Qwen3.8-27B-Uncensored-HauhauCS-Aggressive-MTP-GGUF:Q4_K_P,ollama,19.3745221,4
1788011520,tinyrick/Qwen3.8-27B-Uncensored-HauhauCS-Aggressive-MTP-GGUF:Q4_K_P,ollama,19.3745221,4
1788011580,tinyrick/Qwen3.8-27B-Uncensored-HauhauCS-Aggressive-MTP-GGUF:Q4_K_P,ollama,19.3745221,4
1788011640,tinyrick/Qwen3.8-27B-Uncensored-HauhauCS-Aggressive-MTP-GGUF:Q4_K_P,ollama,19.3745221,4
1788011700,tinyrick/Qwen3.8-27B-Uncensored-HauhauCS-Aggressive-MTP-GGUF:Q4_K_P,ollama,19.3745221,4
1788011760,tinyrick/Qwen3.8-27B-Uncensored-HauhauCS-Aggressive-MTP-GGUF:Q4_K_P,ollama,19.3745221,4
1788011820,tinyrick/Qwen3.8-27B-Uncensored-HauhauCS-Aggressive-MTP-GGUF:Q4_K_P,ollama,19.3745221,4
1788011880,tinyrick/Qwen3.8-27B-Uncensored-HauhauCS-Aggressive-MTP-GGUF:Q4_K_P,ollama,19.3745221,4
1788011940,tinyrick/Qwen3.8-27B-Uncensored-HauhauCS-Aggressive-MTP-GGUF:Q4_K_P,ollama,19.3745221,4
1788012000,tinyrick/Qwen3.8-27B-Uncensored-HauhauCS-Aggressive-MTP-GGUF:Q4_K_P,ollama,19.3745221,4
1788012060,tinyrick/Qwen3.8-27B-Uncensored-HauhauCS-Aggressive-MTP-GGUF:Q4_K_P,ollama,19.3745221,4
1788012120,tinyrick/Qwen3.8-27B-Uncensored-HauhauCS-Aggressive-MTP-GGUF:Q4_K_P,ollama,19.3745221,4
1788012180,tinyrick/Qwen3.8-27B-Uncensored-HauhauCS-Aggressive-MTP-GGUF:Q4_K_P,ollama,19.3745221,4
1788012240,tinyrick/Qwen3.8-27B-Uncensored-HauhauCS-Aggressive-MTP-GGUF:Q4_K_P,ollama,19.3745221,4
1788012300,tinyrick/Qwen3.8-27B-Uncensored-HauhauCS-Aggressive-MTP-GGUF:Q4_K_P,ollama,19.3745221,4
1788012360,tinyrick/Qwen3.8-27B-Uncensored-HauhauCS-Aggressive-MTP-GGUF:Q4_K_P,ollama,21.2273092,5
1788012420,tinyrick/Qwen3.8-27B-Uncensored-HauhauCS-Aggressive-MTP-GGUF:Q4_K_P,ollama,21.2273092,5
1788012480,tinyrick/Qwen3.8-27B-Uncensored-HauhauCS-Aggressive-MTP-GGUF:Q4_K_P,ollama,21.2273092,5
1788012540,tinyrick/Qwen3.8-27B-Uncensored-HauhauCS-Aggressive-MTP-GGUF:Q4_K_P,ollama,21.2273092,5
1788012600,tinyrick/Qwen3.8-27B-Uncensored-HauhauCS-Aggressive-MTP-GGUF:Q4_K_P,ollama,21.2273092,5
1788012660,tinyrick/Qwen3.8-27B-Uncensored-HauhauCS-Aggressive-MTP-GGUF:Q4_K_P,ollama,21.2273092,5
1788012720,tinyrick/Qwen3.8-27B-Uncensored-HauhauCS-Aggressive-MTP-GGUF:Q4_K_P,ollama,21.2273092,5
1788012780,tinyrick/Qwen3.8-27B-Uncensored-HauhauCS-Aggressive-MTP-GGUF:Q4_K_P,ollama,21.2273092,5
1788012840,tinyrick/Qwen3.8-27B-Uncensored-HauhauCS-Aggressive-MTP-GGUF:Q4_K_P,ollama,21.2273092,5
1788012900,tinyrick/Qwen3.8-27B-Uncensored-HauhauCS-Aggressive-MTP-GGUF:Q4_K_P,ollama,21.2273092,5
1788012960,tinyrick/Qwen3.8-27B-Uncensored-HauhauCS-Aggressive-MTP-GGUF:Q4_K_P,ollama,21.2273092,5
1788013020,tinyrick/Qwen3.8-27B-Uncensored-HauhauCS-Aggressive-MTP-GGUF:Q4_K_P,ollama,21.2273092,5
1788013080,tinyrick/Qwen3.8-27B-Uncensored-HauhauCS-Aggressive-MTP-GGUF:Q4_K_P,ollama,21.2273092,5
1788013140,tinyrick/Qwen3.8-27B-Uncensored-HauhauCS-Aggressive-MTP-GGUF:Q4_K_P,ollama,21.2273092,5
1788013200,tinyrick/Qwen3.8-27B-Uncensored-HauhauCS-Aggressive-MTP-GGUF:Q4_K_P,ollama,21.2273092,5
1788013260,tinyrick/Qwen3.8-27B-Uncensored-HauhauCS-Aggressive-MTP-GGUF:Q4_K_P,ollama,21.2273092,5
1788013320,tinyrick/Qwen3.8-27B-Uncensored-HauhauCS-Aggressive-MTP-GGUF:Q4_K_P,ollama,21.2273092,5
1788013380,tinyrick/Qwen3.8-27B-Uncensored-HauhauCS-Aggressive-MTP-GGUF:Q4_K_P,ollama,21.2273092,5
1788013440,tinyrick/Qwen3.8-27B-Uncensored-HauhauCS-Aggressive-MTP-GGUF:Q4_K_P,ollama,21.2273092,5
1788013500,tinyrick/Qwen3.8-27B-Uncensored-HauhauCS-Aggressive-MTP-GGUF:Q4_K_P,ollama,21.2273092,5
1788013560,tinyrick/Qwen3.8-27B-Uncensored-HauhauCS-Aggressive-MTP-GGUF:Q4_K_P,ollama,21.2273092,5
1788013620,tinyrick/Qwen3.8-27B-Uncensored-HauhauCS-Aggressive-MTP-GGUF:Q4_K_P,ollama,21.2273092,5
1788013680,tinyrick/Qwen3.8-27B-Uncensored-HauhauCS-Aggressive-MTP-GGUF:Q4_K_P,ollama,21.2273092,5
1788013740,tinyrick/Qwen3.8-27B-Uncensored-HauhauCS-Aggressive-MTP-GGUF:Q4_K_P,ollama,21.2273092,5
1788013800,tinyrick/Qwen3.8-27B-Uncensored-HauhauCS-Aggressive-MTP-GGUF:Q4_K_P,ollama,21.2273092,5
1788013860,tinyrick/Qwen3.8-27B-Uncensored-HauhauCS-Aggressive-MTP-GGUF:Q4_K_P,ollama,21.2273092,5
1788013920,tinyrick/Qwen3.8-27B-Uncensored-HauhauCS-Aggressive-MTP-GGUF:Q4_K_P,ollama,21.2273092,5
1788013980,tinyrick/Qwen3.8-27B-Uncensored-HauhauCS-Aggressive-MTP-GGUF:Q4_K_P,ollama,21.2273092,5
1788014040,tinyrick/Qwen3.8-27B-Uncensored-HauhauCS-Aggressive-MTP-GGUF:Q4_K_P,ollama,21.2273092,5
1788014100,tinyrick/Qwen3.8-27B-Uncensored-HauhauCS-Aggressive-MTP-GGUF:Q4_K_P,ollama,21.2273092,5
1788014160,tinyrick/Qwen3.8-27B-Uncensored-HauhauCS-Aggressive-MTP-GGUF:Q4_K_P,ollama,21.2273092,5
1788014220,tinyrick/Qwen3.8-27B-Uncensored-HauhauCS-Aggressive-MTP-GGUF:Q4_K_P,ollama,21.2273092,5
1788014280,tinyrick/Qwen3.8-27B-Uncensored-HauhauCS-Aggressive-MTP-GGUF:Q4_K_P,ollama,21.2273092,5
1788014340,tinyrick/Qwen3.8-27B-Uncensored-HauhauCS-Aggressive-MTP-GGUF:Q4_K_P,ollama,21.2273092,5
1788014400,tinyrick/Qwen3.8-27B-Uncensored-HauhauCS-Aggressive-MTP-GGUF:Q4_K_P,ollama,21.2273092,5
1788014460,tinyrick/Qwen3.8-27B-Uncensored-HauhauCS-Aggressive-MTP-GGUF:Q4_K_P,ollama,21.2273092,5
1788014520,tinyrick/Qwen3.8-27B-Uncensored-HauhauCS-Aggressive-MTP-GGUF:Q4_K_P,ollama,21.2273092,5
1788014580,tinyrick/Qwen3.8-27B-Uncensored-HauhauCS-Aggressive-MTP-GGUF:Q4_K_P,ollama,21.2273092,5
1788014640,tinyrick/Qwen3.8-27B-Uncensored-HauhauCS-Aggressive-MTP-GGUF:Q4_K_P,ollama,21.2273092,5
1788014700,tinyrick/Qwen3.8-27B-Uncensored-HauhauCS-Aggressive-MTP-GGUF:Q4_K_P,ollama,21.2273092,5
1788014760,tinyrick/Qwen3.8-27B-Uncensored-HauhauCS-Aggressive-MTP-GGUF:Q4_K_P,ollama,21.2273092,5
1788014820,tinyrick/Qwen3.8-27B-Uncensored-HauhauCS-Aggressive-MTP-GGUF:Q4_K_P,ollama,21.2273092,5
1788014880,tinyrick/Qwen3.8-27B-Uncensored-HauhauCS-Aggressive-MTP-GGUF:Q4_K_P,ollama,21.2273092,5
1788014940,tinyrick/Qwen3.8-27B-Uncensored-HauhauCS-Aggressive-MTP-GGUF:Q4_K_P,ollama,21.2273092,5
1788015000,tinyrick/Qwen3.8-27B-Uncensored-HauhauCS-Aggressive-MTP-GGUF:Q4_K_P,ollama,21.2273092,5
1788015060,tinyrick/Qwen3.8-27B-Uncensored-HauhauCS-Aggressive-MTP-GGUF:Q4_K_P,ollama,21.2273092,5
1788015120,tinyrick/Qwen3.8-27B-Uncensored-HauhauCS-Aggressive-MTP-GGUF:Q4_K_P,ollama,21.2273092,5
1788015180,tinyrick/Qwen3.8-27B-Uncensored-HauhauCS-Aggressive-MTP-GGUF:Q4_K_P,ollama,21.2273092,5
1788015240,tinyrick/Qwen3.8-27B-Uncensored-HauhauCS-Aggressive-MTP-GGUF:Q4_K_P,ollama,21.2273092,5
1788015300,tinyrick/Qwen3.8-27B-Uncensored-HauhauCS-Aggressive-MTP-GGUF:Q4_K_P,ollama,21.2273092,5
1788015360,tinyrick/Qwen3.8-27B-Uncensored-HauhauCS-Aggressive-MTP-GGUF:Q4_K_P,ollama,21.2273092,5
1788015420,tinyrick/Qwen3.8-27B-Uncensored-HauhauCS-Aggressive-MTP-GGUF:Q4_K_P,ollama,21.2273092,5
1788015480,tinyrick/Qwen3.8-27B-Uncensored-HauhauCS-Aggressive-MTP-GGUF:Q4_K_P,ollama,21.2273092,5
1788015540,tinyrick/Qwen3.8-27B-Uncensored-HauhauCS-Aggressive-MTP-GGUF:Q4_K_P,ollama,21.2273092,5
1788015600,tinyrick/Qwen3.8-27B-Uncensored-HauhauCS-Aggressive-MTP-GGUF:Q4_K_P,ollama,21.2273092,5
1788015660,tinyrick/Qwen3.8-27B-Uncensored-HauhauCS-Aggressive-MTP-GGUF:Q4_K_P,ollama,21.2273092,5
1788015720,tinyrick/Qwen3.8-27B-Uncensored-HauhauCS-Aggressive-MTP-GGUF:Q4_K_P,ollama,21.2273092,5
1788015780,tinyrick/Qwen3.8-27B-Uncensored-HauhauCS-Aggressive-MTP-GGUF:Q4_K_P,ollama,21.2273092,5
1788015840,tinyrick/Qwen3.8-27B-Uncensored-HauhauCS-Aggressive-MTP-GGUF:Q4_K_P,ollama,21.2273092,5
1788015900,tinyrick/Qwen3.8-27B-Uncensored-HauhauCS-Aggressive-MTP-GGUF:Q4_K_P,ollama,21.2273092,5
1788015960,tinyrick/Qwen3.8-27B-Uncensored-HauhauCS-Aggressive-MTP-GGUF:Q4_K_P,ollama,25.8899916,6
1788016020,tinyrick/Qwen3.8-27B-Uncensored-HauhauCS-Aggressive-MTP-GGUF:Q4_K_P,ollama,25.8899916,6
1788016080,tinyrick/Qwen3.8-27B-Uncensored-HauhauCS-Aggressive-MTP-GGUF:Q4_K_P,ollama,25.8899916,6
1788016140,tinyrick/Qwen3.8-27B-Uncensored-HauhauCS-Aggressive-MTP-GGUF:Q4_K_P,ollama,25.8899916,6
1788016200,tinyrick/Qwen3.8-27B-Uncensored-HauhauCS-Aggressive-MTP-GGUF:Q4_K_P,ollama,25.8899916,6
1788016260,tinyrick/Qwen3.8-27B-Uncensored-HauhauCS-Aggressive-MTP-GGUF:Q4_K_P,ollama,25.8899916,6
1788016320,tinyrick/Qwen3.8-27B-Uncensored-HauhauCS-Aggressive-MTP-GGUF:Q4_K_P,ollama,25.8899916,6
1788016380,tinyrick/Qwen3.8-27B-Uncensored-HauhauCS-Aggressive-MTP-GGUF:Q4_K_P,ollama,25.8899916,6
1788016440,tinyrick/Qwen3.8-27B-Uncensored-HauhauCS-Aggressive-MTP-GGUF:Q4_K_P,ollama,25.8899916,6
1788016500,tinyrick/Qwen3.8-27B-Uncensored-HauhauCS-Aggressive-MTP-GGUF:Q4_K_P,ollama,25.8899916,6
1788016560,tinyrick/Qwen3.8-27B-Uncensored-HauhauCS-Aggressive-MTP-GGUF:Q4_K_P,ollama,25.8899916,6
1788016620,tinyrick/Qwen3.8-27B-Uncensored-HauhauCS-Aggressive-MTP-GGUF:Q4_K_P,ollama,25.8899916,6
1788016680,tinyrick/Qwen3.8-27B-Uncensored-HauhauCS-Aggressive-MTP-GGUF:Q4_K_P,ollama,25.8899916,6
1788016740,tinyrick/Qwen3.8-27B-Uncensored-HauhauCS-Aggressive-MTP-GGUF:Q4_K_P,ollama,25.8899916,6
1788016800,tinyrick/Qwen3.8-27B-Uncensored-HauhauCS-Aggressive-MTP-GGUF:Q4_K_P,ollama,27.3572212,7
1788016860,tinyrick/Qwen3.8-27B-Uncensored-HauhauCS-Aggressive-MTP-GGUF:Q4_K_P,ollama,27.3572212,7
1788016920,tinyrick/Qwen3.8-27B-Uncensored-HauhauCS-Aggressive-MTP-GGUF:Q4_K_P,ollama,27.3572212,7
1788016980,tinyrick/Qwen3.8-27B-Uncensored-HauhauCS-Aggressive-MTP-GGUF:Q4_K_P,ollama,27.3572212,7
1788017040,tinyrick/Qwen3.8-27B-Uncensored-HauhauCS-Aggressive-MTP-GGUF:Q4_K_P,ollama,27.3572212,7
1788017100,tinyrick/Qwen3.8-27B-Uncensored-HauhauCS-Aggressive-MTP-GGUF:Q4_K_P,ollama,27.3572212,7
1788017160,tinyrick/Qwen3.8-27B-Uncensored-HauhauCS-Aggressive-MTP-GGUF:Q4_K_P,ollama,27.3572212,7
1788017220,tinyrick/Qwen3.8-27B-Uncensored-HauhauCS-Aggressive-MTP-GGUF:Q4_K_P,ollama,27.3572212,7
1788017280,tinyrick/Qwen3.8-27B-Uncensored-HauhauCS-Aggressive-MTP-GGUF:Q4_K_P,ollama,27.3572212,7
1788017340,tinyrick/Qwen3.8-27B-Uncensored-HauhauCS-Aggressive-MTP-GGUF:Q4_K_P,ollama,27.3572212,7
1788017400,tinyrick/Qwen3.8-27B-Uncensored-HauhauCS-Aggressive-MTP-GGUF:Q4_K_P,ollama,27.3572212,7
1788017460,tinyrick/Qwen3.8-27B-Uncensored-HauhauCS-Aggressive-MTP-GGUF:Q4_K_P,ollama,27.3572212,7
1788017520,tinyrick/Qwen3.8-27B-Uncensored-HauhauCS-Aggressive-MTP-GGUF:Q4_K_P,ollama,27.3572212,7
1788017580,tinyrick/Qwen3.8-27B-Uncensored-HauhauCS-Aggressive-MTP-GGUF:Q4_K_P,ollama,27.3572212,7
1788017640,tinyrick/Qwen3.8-27B-Uncensored-HauhauCS-Aggressive-MTP-GGUF:Q4_K_P,ollama,27.3572212,7
1788017700,tinyrick/Qwen3.8-27B-Uncensored-HauhauCS-Aggressive-MTP-GGUF:Q4_K_P,ollama,27.3572212,7
1788017760,tinyrick/Qwen3.8-27B-Uncensored-HauhauCS-Aggressive-MTP-GGUF:Q4_K_P,ollama,27.3572212,7
1788017820,tinyrick/Qwen3.8-27B-Uncensored-HauhauCS-Aggressive-MTP-GGUF:Q4_K_P,ollama,27.3572212,7
1788017880,tinyrick/Qwen3.8-27B-Uncensored-HauhauCS-Aggressive-MTP-GGUF:Q4_K_P,ollama,27.3572212,7
1788017940,tinyrick/Qwen3.8-27B-Uncensored-HauhauCS-Aggressive-MTP-GGUF:Q4_K_P,ollama,27.3572212,7
1788018000,tinyrick/Qwen3.8-27B-Uncensored-HauhauCS-Aggressive-MTP-GGUF:Q4_K_P,ollama,27.3572212,7
1788018060,tinyrick/Qwen3.8-27B-Uncensored-HauhauCS-Aggressive-MTP-GGUF:Q4_K_P,ollama,27.3572212,7
1788018120,tinyrick/Qwen3.8-27B-Uncensored-HauhauCS-Aggressive-MTP-GGUF:Q4_K_P,ollama,27.3572212,7
1788018180,tinyrick/Qwen3.8-27B-Uncensored-HauhauCS-Aggressive-MTP-GGUF:Q4_K_P,ollama,27.3572212,7
1788018240,tinyrick/Qwen3.8-27B-Uncensored-HauhauCS-Aggressive-MTP-GGUF:Q4_K_P,ollama,27.3572212,7
1788018300,tinyrick/Qwen3.8-27B-Uncensored-HauhauCS-Aggressive-MTP-GGUF:Q4_K_P,ollama,27.3572212,7
1788018360,tinyrick/Qwen3.8-27B-Uncensored-HauhauCS-Aggressive-MTP-GGUF:Q4_K_P,ollama,27.3572212,7
1788018420,tinyrick/Qwen3.8-27B-Uncensored-HauhauCS-Aggressive-MTP-GGUF:Q4_K_P,ollama,27.3572212,7
1788018480,tinyrick/Qwen3.8-27B-Uncensored-HauhauCS-Aggressive-MTP-GGUF:Q4_K_P,ollama,27.3572212,7
1788018540,tinyrick/Qwen3.8-27B-Uncensored-HauhauCS-Aggressive-MTP-GGUF:Q4_K_P,ollama,27.3572212,7
1788018600,tinyrick/Qwen3.8-27B-Uncensored-HauhauCS-Aggressive-MTP-GGUF:Q4_K_P,ollama,27.3572212,7
1788018660,tinyrick/Qwen3.8-27B-Uncensored-HauhauCS-Aggressive-MTP-GGUF:Q4_K_P,ollama,27.3572212,7
1788018720,tinyrick/Qwen3.8-27B-Uncensored-HauhauCS-Aggressive-MTP-GGUF:Q4_K_P,ollama,27.3572212,7
1788018780,tinyrick/Qwen3.8-27B-Uncensored-HauhauCS-Aggressive-MTP-GGUF:Q4_K_P,ollama,27.3572212,7
1788018840,tinyrick/Qwen3.8-27B-Uncensored-HauhauCS-Aggressive-MTP-GGUF:Q4_K_P,ollama,27.3572212,7
1788018900,tinyrick/Qwen3.8-27B-Uncensored-HauhauCS-Aggressive-MTP-GGUF:Q4_K_P,ollama,27.3572212,7
1788018960,tinyrick/Qwen3.8-27B-Uncensored-HauhauCS-Aggressive-MTP-GGUF:Q4_K_P,ollama,27.3572212,7
1788019020,tinyrick/Qwen3.8-27B-Uncensored-HauhauCS-Aggressive-MTP-GGUF:Q4_K_P,ollama,27.3572212,7
1788019080,tinyrick/Qwen3.8-27B-Uncensored-HauhauCS-Aggressive-MTP-GGUF:Q4_K_P,ollama,27.3572212,7
1788019140,tinyrick/Qwen3.8-27B-Uncensored-HauhauCS-Aggressive-MTP-GGUF:Q4_K_P,ollama,27.3572212,7
1788019200,tinyrick/Qwen3.8-27B-Uncensored-HauhauCS-Aggressive-MTP-GGUF:Q4_K_P,ollama,27.3572212,7
1788019260,tinyrick/Qwen3.8-27B-Uncensored-HauhauCS-Aggressive-MTP-GGUF:Q4_K_P,ollama,30.0911643,8
1788019320,tinyrick/Qwen3.8-27B-Uncensored-HauhauCS-Aggressive-MTP-GGUF:Q4_K_P,ollama,30.0911643,8
1788019380,tinyrick/Qwen3.8-27B-Uncensored-HauhauCS-Aggressive-MTP-GGUF:Q4_K_P,ollama,30.0911643,8
1788019440,tinyrick/Qwen3.8-27B-Uncensored-HauhauCS-Aggressive-MTP-GGUF:Q4_K_P,ollama,30.0911643,8
1788019500,tinyrick/Qwen3.8-27B-Uncensored-HauhauCS-Aggressive-MTP-GGUF:Q4_K_P,ollama,30.0911643,8
1788019560,tinyrick/Qwen3.8-27B-Uncensored-HauhauCS-Aggressive-MTP-GGUF:Q4_K_P,ollama,30.0911643,8
1788019620,tinyrick/Qwen3.8-27B-Uncensored-HauhauCS-Aggressive-MTP-GGUF:Q4_K_P,ollama,30.0911643,8
1788019680,tinyrick/Qwen3.8-27B-Uncensored-HauhauCS-Aggressive-MTP-GGUF:Q4_K_P,ollama,30.0911643,8
1788019740,tinyrick/Qwen3.8-27B-Uncensored-HauhauCS-Aggressive-MTP-GGUF:Q4_K_P,ollama,30.0911643,8
1788019800,tinyrick/Qwen3.8-27B-Uncensored-HauhauCS-Aggressive-MTP-GGUF:Q4_K_P,ollama,30.0911643,8
1788019860,tinyrick/Qwen3.8-27B-Uncensored-HauhauCS-Aggressive-MTP-GGUF:Q4_K_P,ollama,30.0911643,8
1788019920,tinyrick/Qwen3.8-27B-Uncensored-HauhauCS-Aggressive-MTP-GGUF:Q4_K_P,ollama,30.0911643,8
1788019980,tinyrick/Qwen3.8-27B-Uncensored-HauhauCS-Aggressive-MTP-GGUF:Q4_K_P,ollama,30.0911643,8
1788020040,tinyrick/Qwen3.8-27B-Uncensored-HauhauCS-Aggressive-MTP-GGUF:Q4_K_P,ollama,30.0911643,8
1788020100,tinyrick/Qwen3.8-27B-Uncensored-HauhauCS-Aggressive-MTP-GGUF:Q4_K_P,ollama,30.0911643,8
1788020160,tinyrick/Qwen3.8-27B-Uncensored-HauhauCS-Aggressive-MTP-GGUF:Q4_K_P,ollama,30.0911643,8
1788020220,tinyrick/Qwen3.8-27B-Uncensored-HauhauCS-Aggressive-MTP-GGUF:Q4_K_P,ollama,30.0911643,8
1788020280,tinyrick/Qwen3.8-27B-Uncensored-HauhauCS-Aggressive-MTP-GGUF:Q4_K_P,ollama,30.0911643,8
1788020340,tinyrick/Qwen3.8-27B-Uncensored-HauhauCS-Aggressive-MTP-GGUF:Q4_K_P,ollama,30.0911643,8
1788020400,tinyrick/Qwen3.8-27B-Uncensored-HauhauCS-Aggressive-MTP-GGUF:Q4_K_P,ollama,30.0911643,8
1788020460,tinyrick/Qwen3.8-27B-Uncensored-HauhauCS-Aggressive-MTP-GGUF:Q4_K_P,ollama,30.0911643,8
1788020520,tinyrick/Qwen3.8-27B-Uncensored-HauhauCS-Aggressive-MTP-GGUF:Q4_K_P,ollama,30.0911643,8
1788020580,tinyrick/Qwen3.8-27B-Uncensored-HauhauCS-Aggressive-MTP-GGUF:Q4_K_P,ollama,30.0911643,8
1788020640,tinyrick/Qwen3.8-27B-Uncensored-HauhauCS-Aggressive-MTP-GGUF:Q4_K_P,ollama,30.0911643,8
1788020700,tinyrick/Qwen3.8-27B-Uncensored-HauhauCS-Aggressive-MTP-GGUF:Q4_K_P,ollama,30.0911643,8
1788020760,tinyrick/Qwen3.8-27B-Uncensored-HauhauCS-Aggressive-MTP-GGUF:Q4_K_P,ollama,30.0911643,8
1788020820,tinyrick/Qwen3.8-27B-Uncensored-HauhauCS-Aggressive-MTP-GGUF:Q4_K_P,ollama,30.0911643,8
1788020880,tinyrick/Qwen3.8-27B-Uncensored-HauhauCS-Aggressive-MTP-GGUF:Q4_K_P,ollama,30.0911643,8
1788020940,tinyrick/Qwen3.8-27B-Uncensored-HauhauCS-Aggressive-MTP-GGUF:Q4_K_P,ollama,30.0911643,8
1788021000,tinyrick/Qwen3.8-27B-Uncensored-HauhauCS-Aggressive-MTP-GGUF:Q4_K_P,ollama,30.0911643,8
1788021060,tinyrick/Qwen3.8-27B-Uncensored-HauhauCS-Aggressive-MTP-GGUF:Q4_K_P,ollama,30.0911643,8
1788021120,tinyrick/Qwen3.8-27B-Uncensored-HauhauCS-Aggressive-MTP-GGUF:Q4_K_P,ollama,35.5696926,9
1788021180,tinyrick/Qwen3.8-27B-Uncensored-HauhauCS-Aggressive-MTP-GGUF:Q4_K_P,ollama,35.5696926,9
1788021240,tinyrick/Qwen3.8-27B-Uncensored-HauhauCS-Aggressive-MTP-GGUF:Q4_K_P,ollama,35.5696926,9
1788021300,tinyrick/Qwen3.8-27B-Uncensored-HauhauCS-Aggressive-MTP-GGUF:Q4_K_P,ollama,35.5696926,9
1788021360,tinyrick/Qwen3.8-27B-Uncensored-HauhauCS-Aggressive-MTP-GGUF:Q4_K_P,ollama,35.5696926,9
1788021420,tinyrick/Qwen3.8-27B-Uncensored-HauhauCS-Aggressive-MTP-GGUF:Q4_K_P,ollama,35.5696926,9
1788021480,tinyrick/Qwen3.8-27B-Uncensored-HauhauCS-Aggressive-MTP-GGUF:Q4_K_P,ollama,35.5696926,9
1788021540,tinyrick/Qwen3.8-27B-Uncensored-HauhauCS-Aggressive-MTP-GGUF:Q4_K_P,ollama,35.5696926,9
1788021600,tinyrick/Qwen3.8-27B-Uncensored-HauhauCS-Aggressive-MTP-GGUF:Q4_K_P,ollama,35.5696926,9
1788021660,tinyrick/Qwen3.8-27B-Uncensored-HauhauCS-Aggressive-MTP-GGUF:Q4_K_P,ollama,35.5696926,9
1788021720,tinyrick/Qwen3.8-27B-Uncensored-HauhauCS-Aggressive-MTP-GGUF:Q4_K_P,ollama,35.5696926,9
1788021780,tinyrick/Qwen3.8-27B-Uncensored-HauhauCS-Aggressive-MTP-GGUF:Q4_K_P,ollama,35.5696926,9
1788021840,tinyrick/Qwen3.8-27B-Uncensored-HauhauCS-Aggressive-MTP-GGUF:Q4_K_P,ollama,35.5696926,9
1788021900,tinyrick/Qwen3.8-27B-Uncensored-HauhauCS-Aggressive-MTP-GGUF:Q4_K_P,ollama,35.5696926,9
1788021960,tinyrick/Qwen3.8-27B-Uncensored-HauhauCS-Aggressive-MTP-GGUF:Q4_K_P,ollama,35.5696926,9
1788022020,tinyrick/Qwen3.8-27B-Uncensored-HauhauCS-Aggressive-MTP-GGUF:Q4_K_P,ollama,35.5696926,9
1788022080,tinyrick/Qwen3.8-27B-Uncensored-HauhauCS-Aggressive-MTP-GGUF:Q4_K_P,ollama,35.5696926,9
1788022140,tinyrick/Qwen3.8-27B-Uncensored-HauhauCS-Aggressive-MTP-GGUF:Q4_K_P,ollama,35.5696926,9
1788022200,tinyrick/Qwen3.8-27B-Uncensored-HauhauCS-Aggressive-MTP-GGUF:Q4_K_P,ollama,35.5696926,9
1788022260,tinyrick/Qwen3.8-27B-Uncensored-HauhauCS-Aggressive-MTP-GGUF:Q4_K_P,ollama,35.5696926,9
1788022320,tinyrick/Qwen3.8-27B-Uncensored-HauhauCS-Aggressive-MTP-GGUF:Q4_K_P,ollama,35.5696926,9
1788022380,tinyrick/Qwen3.8-27B-Uncensored-HauhauCS-Aggressive-MTP-GGUF:Q4_K_P,ollama,35.5696926,9
1788022440,tinyrick/Qwen3.8-27B-Uncensored-HauhauCS-Aggressive-MTP-GGUF:Q4_K_P,ollama,35.5696926,9
1788022500,tinyrick/Qwen3.8-27B-Uncensored-HauhauCS-Aggressive-MTP-GGUF:Q4_K_P,ollama,35.5696926,9
1788022560,tinyrick/Qwen3.8-27B-Uncensored-HauhauCS-Aggressive-MTP-GGUF:Q4_K_P,ollama,35.5696926,9
1788022620,tinyrick/Qwen3.8-27B-Uncensored-HauhauCS-Aggressive-MTP-GGUF:Q4_K_P,ollama,35.5696926,9
1788022680,tinyrick/Qwen3.8-27B-Uncensored-HauhauCS-Aggressive-MTP-GGUF:Q4_K_P,ollama,35.5696926,9
1788022740,tinyrick/Qwen3.8-27B-Uncensored-HauhauCS-Aggressive-MTP-GGUF:Q4_K_P,ollama,35.5696926,9
1788022800,tinyrick/Qwen3.8-27B-Uncensored-HauhauCS-Aggressive-MTP-GGUF:Q4_K_P,ollama,35.5696926,9
1788022860,tinyrick/Qwen3.8-27B-Uncensored-HauhauCS-Aggressive-MTP-GGUF:Q4_K_P,ollama,35.5696926,9
1788022920,tinyrick/Qwen3.8-27B-Uncensored-HauhauCS-Aggressive-MTP-GGUF:Q4_K_P,ollama,35.5696926,9
1788022980,tinyrick/Qwen3.8-27B-Uncensored-HauhauCS-Aggressive-MTP-GGUF:Q4_K_P,ollama,35.5696926,9
1788023040,tinyrick/Qwen3.8-27B-Uncensored-HauhauCS-Aggressive-MTP-GGUF:Q4_K_P,ollama,35.5696926,9
1788023100,tinyrick/Qwen3.8-27B-Uncensored-HauhauCS-Aggressive-MTP-GGUF:Q4_K_P,ollama,35.5696926,9
1788023160,tinyrick/Qwen3.8-27B-Uncensored-HauhauCS-Aggressive-MTP-GGUF:Q4_K_P,ollama,35.5696926,9
1788023220,tinyrick/Qwen3.8-27B-Uncensored-HauhauCS-Aggressive-MTP-GGUF:Q4_K_P,ollama,35.5696926,9
1788023280,tinyrick/Qwen3.8-27B-Uncensored-HauhauCS-Aggressive-MTP-GGUF:Q4_K_P,ollama,35.5696926,9
1788023340,tinyrick/Qwen3.8-27B-Uncensored-HauhauCS-Aggressive-MTP-GGUF:Q4_K_P,ollama,35.5696926,9
1788023400,tinyrick/Qwen3.8-27B-Uncensored-HauhauCS-Aggressive-MTP-GGUF:Q4_K_P,ollama,35.5696926,9
1788023460,tinyrick/Qwen3.8-27B-Uncensored-HauhauCS-Aggressive-MTP-GGUF:Q4_K_P,ollama,35.5696926,9
1788023520,tinyrick/Qwen3.8-27B-Uncensored-HauhauCS-Aggressive-MTP-GGUF:Q4_K_P,ollama,35.5696926,9
1788023580,tinyrick/Qwen3.8-27B-Uncensored-HauhauCS-Aggressive-MTP-GGUF:Q4_K_P,ollama,35.5696926,9
1788023640,tinyrick/Qwen3.8-27B-Uncensored-HauhauCS-Aggressive-MTP-GGUF:Q4_K_P,ollama,35.5696926,9
1788023700,tinyrick/Qwen3.8-27B-Uncensored-HauhauCS-Aggressive-MTP-GGUF:Q4_K_P,ollama,35.5696926,9
1788023760,tinyrick/Qwen3.8-27B-Uncensored-HauhauCS-Aggressive-MTP-GGUF:Q4_K_P,ollama,35.5696926,9
1788023820,tinyrick/Qwen3.8-27B-Uncensored-HauhauCS-Aggressive-MTP-GGUF:Q4_K_P,ollama,35.5696926,9
1788023880,tinyrick/Qwen3.8-27B-Uncensored-HauhauCS-Aggressive-MTP-GGUF:Q4_K_P,ollama,35.5696926,9
1788023940,tinyrick/Qwen3.8-27B-Uncensored-HauhauCS-Aggressive-MTP-GGUF:Q4_K_P,ollama,35.5696926,9
1788024000,tinyrick/Qwen3.8-27B-Uncensored-HauhauCS-Aggressive-MTP-GGUF:Q4_K_P,ollama,35.5696926,9
1788024060,tinyrick/Qwen3.8-27B-Uncensored-HauhauCS-Aggressive-MTP-GGUF:Q4_K_P,ollama,35.5696926,9
1788024120,tinyrick/Qwen3.8-27B-Uncensored-HauhauCS-Aggressive-MTP-GGUF:Q4_K_P,ollama,35.5696926,9
1788024180,tinyrick/Qwen3.8-27B-Uncensored-HauhauCS-Aggressive-MTP-GGUF:Q4_K_P,ollama,35.5696926,9
1788024240,tinyrick/Qwen3.8-27B-Uncensored-HauhauCS-Aggressive-MTP-GGUF:Q4_K_P,ollama,35.5696926,9
1788024300,tinyrick/Qwen3.8-27B-Uncensored-HauhauCS-Aggressive-MTP-GGUF:Q4_K_P,ollama,38.6749387,10
1788024360,tinyrick/Qwen3.8-27B-Uncensored-HauhauCS-Aggressive-MTP-GGUF:Q4_K_P,ollama,38.6749387,10
1788024420,tinyrick/Qwen3.8-27B-Uncensored-HauhauCS-Aggressive-MTP-GGUF:Q4_K_P,ollama,38.6749387,10
1788024480,tinyrick/Qwen3.8-27B-Uncensored-HauhauCS-Aggressive-MTP-GGUF:Q4_K_P,ollama,38.6749387,10
1788024540,tinyrick/Qwen3.8-27B-Uncensored-HauhauCS-Aggressive-MTP-GGUF:Q4_K_P,ollama,38.6749387,10
1788024600,tinyrick/Qwen3.8-27B-Uncensored-HauhauCS-Aggressive-MTP-GGUF:Q4_K_P,ollama,38.6749387,10
1788024660,tinyrick/Qwen3.8-27B-Uncensored-HauhauCS-Aggressive-MTP-GGUF:Q4_K_P,ollama,43.3730995,11
1788024720,tinyrick/Qwen3.8-27B-Uncensored-HauhauCS-Aggressive-MTP-GGUF:Q4_K_P,ollama,43.3730995,11
1788024780,tinyrick/Qwen3.8-27B-Uncensored-HauhauCS-Aggressive-MTP-GGUF:Q4_K_P,ollama,43.3730995,11
1788024840,tinyrick/Qwen3.8-27B-Uncensored-HauhauCS-Aggressive-MTP-GGUF:Q4_K_P,ollama,43.3730995,11
1788024900,tinyrick/Qwen3.8-27B-Uncensored-HauhauCS-Aggressive-MTP-GGUF:Q4_K_P,ollama,43.3730995,11
1788024960,tinyrick/Qwen3.8-27B-Uncensored-HauhauCS-Aggressive-MTP-GGUF:Q4_K_P,ollama,43.3730995,11
1788025020,tinyrick/Qwen3.8-27B-Uncensored-HauhauCS-Aggressive-MTP-GGUF:Q4_K_P,ollama,43.3730995,11
1788025080,tinyrick/Qwen3.8-27B-Uncensored-HauhauCS-Aggressive-MTP-GGUF:Q4_K_P,ollama,43.3730995,11
1788025140,tinyrick/Qwen3.8-27B-Uncensored-HauhauCS-Aggressive-MTP-GGUF:Q4_K_P,ollama,43.3730995,11
1788025200,tinyrick/Qwen3.8-27B-Uncensored-HauhauCS-Aggressive-MTP-GGUF:Q4_K_P,ollama,43.3730995,11
1788025260,tinyrick/Qwen3.8-27B-Uncensored-HauhauCS-Aggressive-MTP-GGUF:Q4_K_P,ollama,43.3730995,11
1788025320,tinyrick/Qwen3.8-27B-Uncensored-HauhauCS-Aggressive-MTP-GGUF:Q4_K_P,ollama,43.3730995,11
1788025380,tinyrick/Qwen3.8-27B-Uncensored-HauhauCS-Aggressive-MTP-GGUF:Q4_K_P,ollama,43.3730995,11
1788025440,tinyrick/Qwen3.8-27B-Uncensored-HauhauCS-Aggressive-MTP-GGUF:Q4_K_P,ollama,43.3730995,11
1788025500,tinyrick/Qwen3.8-27B-Uncensored-HauhauCS-Aggressive-MTP-GGUF:Q4_K_P,ollama,43.3730995,11
1788025560,tinyrick/Qwen3.8-27B-Uncensored-HauhauCS-Aggressive-MTP-GGUF:Q4_K_P,ollama,43.3730995,11
1788025620,tinyrick/Qwen3.8-27B-Uncensored-HauhauCS-Aggressive-MTP-GGUF:Q4_K_P,ollama,43.3730995,11
1788025680,tinyrick/Qwen3.8-27B-Uncensored-HauhauCS-Aggressive-MTP-GGUF:Q4_K_P,ollama,43.3730995,11
1788025740,tinyrick/Qwen3.8-27B-Uncensored-HauhauCS-Aggressive-MTP-GGUF:Q4_K_P,ollama,43.3730995,11
1788025800,tinyrick/Qwen3.8-27B-Uncensored-HauhauCS-Aggressive-MTP-GGUF:Q4_K_P,ollama,43.3730995,11
1788025860,tinyrick/Qwen3.8-27B-Uncensored-HauhauCS-Aggressive-MTP-GGUF:Q4_K_P,ollama,43.3730995,11
1788025920,tinyrick/Qwen3.8-27B-Uncensored-HauhauCS-Aggressive-MTP-GGUF:Q4_K_P,ollama,43.3730995,11
1788025980,tinyrick/Qwen3.8-27B-Uncensored-HauhauCS-Aggressive-MTP-GGUF:Q4_K_P,ollama,43.3730995,11
1788026040,tinyrick/Qwen3.8-27B-Uncensored-HauhauCS-Aggressive-MTP-GGUF:Q4_K_P,ollama,43.3730995,11
1788026100,tinyrick/Qwen3.8-27B-Uncensored-HauhauCS-Aggressive-MTP-GGUF:Q4_K_P,ollama,43.3730995,11
1788026160,tinyrick/Qwen3.8-27B-Uncensored-HauhauCS-Aggressive-MTP-GGUF:Q4_K_P,ollama,43.3730995,11
1788026220,tinyrick/Qwen3.8-27B-Uncensored-HauhauCS-Aggressive-MTP-GGUF:Q4_K_P,ollama,43.3730995,11
1788026280,tinyrick/Qwen3.8-27B-Uncensored-HauhauCS-Aggressive-MTP-GGUF:Q4_K_P,ollama,43.3730995,11
1788026340,tinyrick/Qwen3.8-27B-Uncensored-HauhauCS-Aggressive-MTP-GGUF:Q4_K_P,ollama,43.3730995,11
1788026400,tinyrick/Qwen3.8-27B-Uncensored-HauhauCS-Aggressive-MTP-GGUF:Q4_K_P,ollama,43.3730995,11
1788026460,tinyrick/Qwen3.8-27B-Uncensored-HauhauCS-Aggressive-MTP-GGUF:Q4_K_P,ollama,43.3730995,11
1788026520,tinyrick/Qwen3.8-27B-Uncensored-HauhauCS-Aggressive-MTP-GGUF:Q4_K_P,ollama,43.3730995,11
1788026580,tinyrick/Qwen3.8-27B-Uncensored-HauhauCS-Aggressive-MTP-GGUF:Q4_K_P,ollama,43.3730995,11
1788026640,tinyrick/Qwen3.8-27B-Uncensored-HauhauCS-Aggressive-MTP-GGUF:Q4_K_P,ollama,43.3730995,11
1788026700,tinyrick/Qwen3.8-27B-Uncensored-HauhauCS-Aggressive-MTP-GGUF:Q4_K_P,ollama,43.3730995,11
1788026760,tinyrick/Qwen3.8-27B-Uncensored-HauhauCS-Aggressive-MTP-GGUF:Q4_K_P,ollama,43.3730995,11
1788026820,tinyrick/Qwen3.8-27B-Uncensored-HauhauCS-Aggressive-MTP-GGUF:Q4_K_P,ollama,43.3730995,11
1788026880,tinyrick/Qwen3.8-27B-Uncensored-HauhauCS-Aggressive-MTP-GGUF:Q4_K_P,ollama,43.3730995,11
1788026940,tinyrick/Qwen3.8-27B-Uncensored-HauhauCS-Aggressive-MTP-GGUF:Q4_K_P,ollama,43.3730995,11
1788027000,tinyrick/Qwen3.8-27B-Uncensored-HauhauCS-Aggressive-MTP-GGUF:Q4_K_P,ollama,43.3730995,11
1788027060,tinyrick/Qwen3.8-27B-Uncensored-HauhauCS-Aggressive-MTP-GGUF:Q4_K_P,ollama,43.3730995,11
1788027120,tinyrick/Qwen3.8-27B-Uncensored-HauhauCS-Aggressive-MTP-GGUF:Q4_K_P,ollama,43.3730995,11
1788027180,tinyrick/Qwen3.8-27B-Uncensored-HauhauCS-Aggressive-MTP-GGUF:Q4_K_P,ollama,43.3730995,11
1788027240,tinyrick/Qwen3.8-27B-Uncensored-HauhauCS-Aggressive-MTP-GGUF:Q4_K_P,ollama,48.7577205,12
1788027300,tinyrick/Qwen3.8-27B-Uncensored-HauhauCS-Aggressive-MTP-GGUF:Q4_K_P,ollama,48.7577205,12
1788027360,tinyrick/Qwen3.8-27B-Uncensored-HauhauCS-Aggressive-MTP-GGUF:Q4_K_P,ollama,48.7577205,12
1788027420,tinyrick/Qwen3.8-27B-Uncensored-HauhauCS-Aggressive-MTP-GGUF:Q4_K_P,ollama,48.7577205,12
1788027480,tinyrick/Qwen3.8-27B-Uncensored-HauhauCS-Aggressive-MTP-GGUF:Q4_K_P,ollama,48.7577205,12
1788027540,tinyrick/Qwen3.8-27B-Uncensored-HauhauCS-Aggressive-MTP-GGUF:Q4_K_P,ollama,48.7577205,12
1788027600,tinyrick/Qwen3.8-27B-Uncensored-HauhauCS-Aggressive-MTP-GGUF:Q4_K_P,ollama,48.7577205,12
1788027660,tinyrick/Qwen3.8-27B-Uncensored-HauhauCS-Aggressive-MTP-GGUF:Q4_K_P,ollama,48.7577205,12
1788027720,tinyrick/Qwen3.8-27B-Uncensored-HauhauCS-Aggressive-MTP-GGUF:Q4_K_P,ollama,48.7577205,12
1788027780,tinyrick/Qwen3.8-27B-Uncensored-HauhauCS-Aggressive-MTP-GGUF:Q4_K_P,ollama,48.7577205,12
1788027840,tinyrick/Qwen3.8-27B-Uncensored-HauhauCS-Aggressive-MTP-GGUF:Q4_K_P,ollama,48.7577205,12
1788027900,tinyrick/Qwen3.8-27B-Uncensored-HauhauCS-Aggressive-MTP-GGUF:Q4_K_P,ollama,48.7577205,12
1788027960,tinyrick/Qwen3.8-27B-Uncensored-HauhauCS-Aggressive-MTP-GGUF:Q4_K_P,ollama,48.7577205,12
1788028020,tinyrick/Qwen3.8-27B-Uncensored-HauhauCS-Aggressive-MTP-GGUF:Q4_K_P,ollama,48.7577205,12
1788028080,tinyrick/Qwen3.8-27B-Uncensored-HauhauCS-Aggressive-MTP-GGUF:Q4_K_P,ollama,48.7577205,12
1788028140,tinyrick/Qwen3.8-27B-Uncensored-HauhauCS-Aggressive-MTP-GGUF:Q4_K_P,ollama,48.7577205,12
1788028200,tinyrick/Qwen3.8-27B-Uncensored-HauhauCS-Aggressive-MTP-GGUF:Q4_K_P,ollama,52.2247878,13
1788028260,tinyrick/Qwen3.8-27B-Uncensored-HauhauCS-Aggressive-MTP-GGUF:Q4_K_P,ollama,52.2247878,13
1788028320,tinyrick/Qwen3.8-27B-Uncensored-HauhauCS-Aggressive-MTP-GGUF:Q4_K_P,ollama,52.2247878,13
1788028380,tinyrick/Qwen3.8-27B-Uncensored-HauhauCS-Aggressive-MTP-GGUF:Q4_K_P,ollama,52.2247878,13
1788028440,tinyrick/Qwen3.8-27B-Uncensored-HauhauCS-Aggressive-MTP-GGUF:Q4_K_P,ollama,52.2247878,13
1788028500,tinyrick/Qwen3.8-27B-Uncensored-HauhauCS-Aggressive-MTP-GGUF:Q4_K_P,ollama,52.2247878,13
1788028560,tinyrick/Qwen3.8-27B-Uncensored-HauhauCS-Aggressive-MTP-GGUF:Q4_K_P,ollama,52.2247878,13
1788028620,tinyrick/Qwen3.8-27B-Uncensored-HauhauCS-Aggressive-MTP-GGUF:Q4_K_P,ollama,52.2247878,13
1788028680,tinyrick/Qwen3.8-27B-Uncensored-HauhauCS-Aggressive-MTP-GGUF:Q4_K_P,ollama,52.2247878,13
1788028740,tinyrick/Qwen3.8-27B-Uncensored-HauhauCS-Aggressive-MTP-GGUF:Q4_K_P,ollama,52.2247878,13
1788028800,tinyrick/Qwen3.8-27B-Uncensored-HauhauCS-Aggressive-MTP-GGUF:Q4_K_P,ollama,52.2247878,13
1788028860,tinyrick/Qwen3.8-27B-Uncensored-HauhauCS-Aggressive-MTP-GGUF:Q4_K_P,ollama,52.2247878,13
1788028920,tinyrick/Qwen3.8-27B-Uncensored-HauhauCS-Aggressive-MTP-GGUF:Q4_K_P,ollama,52.2247878,13
1788028980,tinyrick/Qwen3.8-27B-Uncensored-HauhauCS-Aggressive-MTP-GGUF:Q4_K_P,ollama,52.2247878,13
1788029040,tinyrick/Qwen3.8-27B-Uncensored-HauhauCS-Aggressive-MTP-GGUF:Q4_K_P,ollama,52.2247878,13
1788029100,tinyrick/Qwen3.8-27B-Uncensored-HauhauCS-Aggressive-MTP-GGUF:Q4_K_P,ollama,52.2247878,13
1788029160,tinyrick/Qwen3.8-27B-Uncensored-HauhauCS-Aggressive-MTP-GGUF:Q4_K_P,ollama,52.2247878,13
1788029220,tinyrick/Qwen3.8-27B-Uncensored-HauhauCS-Aggressive-MTP-GGUF:Q4_K_P,ollama,52.2247878,13
1788029280,tinyrick/Qwen3.8-27B-Uncensored-HauhauCS-Aggressive-MTP-GGUF:Q4_K_P,ollama,52.2247878,13
1788029340,tinyrick/Qwen3.8-27B-Uncensored-HauhauCS-Aggressive-MTP-GGUF:Q4_K_P,ollama,52.2247878,13
1788029400,tinyrick/Qwen3.8-27B-Uncensored-HauhauCS-Aggressive-MTP-GGUF:Q4_K_P,ollama,52.2247878,13
1788029460,tinyrick/Qwen3.8-27B-Uncensored-HauhauCS-Aggressive-MTP-GGUF:Q4_K_P,ollama,52.2247878,13
1788029520,tinyrick/Qwen3.8-27B-Uncensored-HauhauCS-Aggressive-MTP-GGUF:Q4_K_P,ollama,52.2247878,13
1788029580,tinyrick/Qwen3.8-27B-Uncensored-HauhauCS-Aggressive-MTP-GGUF:Q4_K_P,ollama,52.2247878,13
1788029640,tinyrick/Qwen3.8-27B-Uncensored-HauhauCS-Aggressive-MTP-GGUF:Q4_K_P,ollama,52.2247878,13
1788029700,tinyrick/Qwen3.8-27B-Uncensored-HauhauCS-Aggressive-MTP-GGUF:Q4_K_P,ollama,52.2247878,13
1788029760,tinyrick/Qwen3.8-27B-Uncensored-HauhauCS-Aggressive-MTP-GGUF:Q4_K_P,ollama,55.7228552,14
1788029820,tinyrick/Qwen3.8-27B-Uncensored-HauhauCS-Aggressive-MTP-GGUF:Q4_K_P,ollama,55.7228552,14
1788029880,tinyrick/Qwen3.8-27B-Uncensored-HauhauCS-Aggressive-MTP-GGUF:Q4_K_P,ollama,55.7228552,14
1788029940,tinyrick/Qwen3.8-27B-Uncensored-HauhauCS-Aggressive-MTP-GGUF:Q4_K_P,ollama,55.7228552,14
1788030000,tinyrick/Qwen3.8-27B-Uncensored-HauhauCS-Aggressive-MTP-GGUF:Q4_K_P,ollama,55.7228552,14
1788030060,tinyrick/Qwen3.8-27B-Uncensored-HauhauCS-Aggressive-MTP-GGUF:Q4_K_P,ollama,55.7228552,14
1788030120,tinyrick/Qwen3.8-27B-Uncensored-HauhauCS-Aggressive-MTP-GGUF:Q4_K_P,ollama,55.7228552,14
1788030180,tinyrick/Qwen3.8-27B-Uncensored-HauhauCS-Aggressive-MTP-GGUF:Q4_K_P,ollama,55.7228552,14
1788030240,tinyrick/Qwen3.8-27B-Uncensored-HauhauCS-Aggressive-MTP-GGUF:Q4_K_P,ollama,55.7228552,14
1788030300,tinyrick/Qwen3.8-27B-Uncensored-HauhauCS-Aggressive-MTP-GGUF:Q4_K_P,ollama,55.7228552,14
1788030360,tinyrick/Qwen3.8-27B-Uncensored-HauhauCS-Aggressive-MTP-GGUF:Q4_K_P,ollama,55.7228552,14
1788030420,tinyrick/Qwen3.8-27B-Uncensored-HauhauCS-Aggressive-MTP-GGUF:Q4_K_P,ollama,55.7228552,14
1788030480,tinyrick/Qwen3.8-27B-Uncensored-HauhauCS-Aggressive-MTP-GGUF:Q4_K_P,ollama,55.7228552,14
1788030540,tinyrick/Qwen3.8-27B-Uncensored-HauhauCS-Aggressive-MTP-GGUF:Q4_K_P,ollama,55.7228552,14
1788030600,tinyrick/Qwen3.8-27B-Uncensored-HauhauCS-Aggressive-MTP-GGUF:Q4_K_P,ollama,55.7228552,14
1788030660,tinyrick/Qwen3.8-27B-Uncensored-HauhauCS-Aggressive-MTP-GGUF:Q4_K_P,ollama,55.7228552,14
1788030720,tinyrick/Qwen3.8-27B-Uncensored-HauhauCS-Aggressive-MTP-GGUF:Q4_K_P,ollama,55.7228552,14
1788030780,tinyrick/Qwen3.8-27B-Uncensored-HauhauCS-Aggressive-MTP-GGUF:Q4_K_P,ollama,55.7228552,14
1788030840,tinyrick/Qwen3.8-27B-Uncensored-HauhauCS-Aggressive-MTP-GGUF:Q4_K_P,ollama,55.7228552,14
1788030900,tinyrick/Qwen3.8-27B-Uncensored-HauhauCS-Aggressive-MTP-GGUF:Q4_K_P,ollama,55.7228552,14
1788030960,tinyrick/Qwen3.8-27B-Uncensored-HauhauCS-Aggressive-MTP-GGUF:Q4_K_P,ollama,55.7228552,14
1788031020,tinyrick/Qwen3.8-27B-Uncensored-HauhauCS-Aggressive-MTP-GGUF:Q4_K_P,ollama,55.7228552,14
1788031080,tinyrick/Qwen3.8-27B-Uncensored-HauhauCS-Aggressive-MTP-GGUF:Q4_K_P,ollama,55.7228552,14
1788031140,tinyrick/Qwen3.8-27B-Uncensored-HauhauCS-Aggressive-MTP-GGUF:Q4_K_P,ollama,55.7228552,14
1788031200,tinyrick/Qwen3.8-27B-Uncensored-HauhauCS-Aggressive-MTP-GGUF:Q4_K_P,ollama,55.7228552,14
1788031260,tinyrick/Qwen3.8-27B-Uncensored-HauhauCS-Aggressive-MTP-GGUF:Q4_K_P,ollama,55.7228552,14
1788031320,tinyrick/Qwen3.8-27B-Uncensored-HauhauCS-Aggressive-MTP-GGUF:Q4_K_P,ollama,55.7228552,14
1788031380,tinyrick/Qwen3.8-27B-Uncensored-HauhauCS-Aggressive-MTP-GGUF:Q4_K_P,ollama,55.7228552,14
1788031440,tinyrick/Qwen3.8-27B-Uncensored-HauhauCS-Aggressive-MTP-GGUF:Q4_K_P,ollama,55.7228552,14
1788031500,tinyrick/Qwen3.8-27B-Uncensored-HauhauCS-Aggressive-MTP-GGUF:Q4_K_P,ollama,55.7228552,14
1788031560,tinyrick/Qwen3.8-27B-Uncensored-HauhauCS-Aggressive-MTP-GGUF:Q4_K_P,ollama,55.7228552,14
1788031620,tinyrick/Qwen3.8-27B-Uncensored-HauhauCS-Aggressive-MTP-GGUF:Q4_K_P,ollama,55.7228552,14
1788031680,tinyrick/Qwen3.8-27B-Uncensored-HauhauCS-Aggressive-MTP-GGUF:Q4_K_P,ollama,55.7228552,14
1788031740,tinyrick/Qwen3.8-27B-Uncensored-HauhauCS-Aggressive-MTP-GGUF:Q4_K_P,ollama,55.7228552,14
1788031800,tinyrick/Qwen3.8-27B-Uncensored-HauhauCS-Aggressive-MTP-GGUF:Q4_K_P,ollama,55.7228552,14
1788031860,tinyrick/Qwen3.8-27B-Uncensored-HauhauCS-Aggressive-MTP-GGUF:Q4_K_P,ollama,55.7228552,14
1788031920,tinyrick/Qwen3.8-27B-Uncensored-HauhauCS-Aggressive-MTP-GGUF:Q4_K_P,ollama,55.7228552,14
1788031980,tinyrick/Qwen3.8-27B-Uncensored-HauhauCS-Aggressive-MTP-GGUF:Q4_K_P,ollama,55.7228552,14
1788032040,tinyrick/Qwen3.8-27B-Uncensored-HauhauCS-Aggressive-MTP-GGUF:Q4_K_P,ollama,55.7228552,14
1788032100,tinyrick/Qwen3.8-27B-Uncensored-HauhauCS-Aggressive-MTP-GGUF:Q4_K_P,ollama,55.7228552,14
1788032160,tinyrick/Qwen3.8-27B-Uncensored-HauhauCS-Aggressive-MTP-GGUF:Q4_K_P,ollama,55.7228552,14
1788032220,tinyrick/Qwen3.8-27B-Uncensored-HauhauCS-Aggressive-MTP-GGUF:Q4_K_P,ollama,55.7228552,14
1788032280,tinyrick/Qwen3.8-27B-Uncensored-HauhauCS-Aggressive-MTP-GGUF:Q4_K_P,ollama,55.7228552,14
1788032340,tinyrick/Qwen3.8-27B-Uncensored-HauhauCS-Aggressive-MTP-GGUF:Q4_K_P,ollama,55.7228552,14
1788032400,tinyrick/Qwen3.8-27B-Uncensored-HauhauCS-Aggressive-MTP-GGUF:Q4_K_P,ollama,55.7228552,14
1788032460,tinyrick/Qwen3.8-27B-Uncensored-HauhauCS-Aggressive-MTP-GGUF:Q4_K_P,ollama,55.7228552,14
1788032520,tinyrick/Qwen3.8-27B-Uncensored-HauhauCS-Aggressive-MTP-GGUF:Q4_K_P,ollama,55.7228552,14
1788032580,tinyrick/Qwen3.8-27B-Uncensored-HauhauCS-Aggressive-MTP-GGUF:Q4_K_P,ollama,55.7228552,14
1788032640,tinyrick/Qwen3.8-27B-Uncensored-HauhauCS-Aggressive-MTP-GGUF:Q4_K_P,ollama,55.7228552,14
1788032700,tinyrick/Qwen3.8-27B-Uncensored-HauhauCS-Aggressive-MTP-GGUF:Q4_K_P,ollama,55.7228552,14
1788032760,tinyrick/Qwen3.8-27B-Uncensored-HauhauCS-Aggressive-MTP-GGUF:Q4_K_P,ollama,55.7228552,14
1788032820,tinyrick/Qwen3.8-27B-Uncensored-HauhauCS-Aggressive-MTP-GGUF:Q4_K_P,ollama,55.7228552,14
1788032880,tinyrick/Qwen3.8-27B-Uncensored-HauhauCS-Aggressive-MTP-GGUF:Q4_K_P,ollama,55.7228552,14
1788032940,tinyrick/Qwen3.8-27B-Uncensored-HauhauCS-Aggressive-MTP-GGUF:Q4_K_P,ollama,58.2557290,15
1788033000,tinyrick/Qwen3.8-27B-Uncensored-HauhauCS-Aggressive-MTP-GGUF:Q4_K_P,ollama,58.2557290,15
1788033060,tinyrick/Qwen3.8-27B-Uncensored-HauhauCS-Aggressive-MTP-GGUF:Q4_K_P,ollama,58.2557290,15
1788033120,tinyrick/Qwen3.8-27B-Uncensored-HauhauCS-Aggressive-MTP-GGUF:Q4_K_P,ollama,58.2557290,15
1788033180,tinyrick/Qwen3.8-27B-Uncensored-HauhauCS-Aggressive-MTP-GGUF:Q4_K_P,ollama,58.2557290,15
1788033240,tinyrick/Qwen3.8-27B-Uncensored-HauhauCS-Aggressive-MTP-GGUF:Q4_K_P,ollama,58.2557290,15
1788033300,tinyrick/Qwen3.8-27B-Uncensored-HauhauCS-Aggressive-MTP-GGUF:Q4_K_P,ollama,58.2557290,15
1788033360,tinyrick/Qwen3.8-27B-Uncensored-HauhauCS-Aggressive-MTP-GGUF:Q4_K_P,ollama,58.2557290,15
1788033420,tinyrick/Qwen3.8-27B-Uncensored-HauhauCS-Aggressive-MTP-GGUF:Q4_K_P,ollama,58.2557290,15
1788033480,tinyrick/Qwen3.8-27B-Uncensored-HauhauCS-Aggressive-MTP-GGUF:Q4_K_P,ollama,58.2557290,15
1788033540,tinyrick/Qwen3.8-27B-Uncensored-HauhauCS-Aggressive-MTP-GGUF:Q4_K_P,ollama,58.2557290,15
1788033600,tinyrick/Qwen3.8-27B-Uncensored-HauhauCS-Aggressive-MTP-GGUF:Q4_K_P,ollama,58.2557290,15
1788033660,tinyrick/Qwen3.8-27B-Uncensored-HauhauCS-Aggressive-MTP-GGUF:Q4_K_P,ollama,58.2557290,15
1788033720,tinyrick/Qwen3.8-27B-Uncensored-HauhauCS-Aggressive-MTP-GGUF:Q4_K_P,ollama,58.2557290,15
1788033780,tinyrick/Qwen3.8-27B-Uncensored-HauhauCS-Aggressive-MTP-GGUF:Q4_K_P,ollama,58.2557290,15
1788033840,tinyrick/Qwen3.8-27B-Uncensored-HauhauCS-Aggressive-MTP-GGUF:Q4_K_P,ollama,58.2557290,15
1788033900,tinyrick/Qwen3.8-27B-Uncensored-HauhauCS-Aggressive-MTP-GGUF:Q4_K_P,ollama,58.2557290,15
1788033960,tinyrick/Qwen3.8-27B-Uncensored-HauhauCS-Aggressive-MTP-GGUF:Q4_K_P,ollama,58.2557290,15
1788034020,tinyrick/Qwen3.8-27B-Uncensored-HauhauCS-Aggressive-MTP-GGUF:Q4_K_P,ollama,58.2557290,15
1788034080,tinyrick/Qwen3.8-27B-Uncensored-HauhauCS-Aggressive-MTP-GGUF:Q4_K_P,ollama,58.2557290,15
1788034140,tinyrick/Qwen3.8-27B-Uncensored-HauhauCS-Aggressive-MTP-GGUF:Q4_K_P,ollama,58.2557290,15
1788034200,tinyrick/Qwen3.8-27B-Uncensored-HauhauCS-Aggressive-MTP-GGUF:Q4_K_P,ollama,58.2557290,15
1788034260,tinyrick/Qwen3.8-27B-Uncensored-HauhauCS-Aggressive-MTP-GGUF:Q4_K_P,ollama,58.2557290,15
1788034320,tinyrick/Qwen3.8-27B-Uncensored-HauhauCS-Aggressive-MTP-GGUF:Q4_K_P,ollama,58.2557290,15
1788034380,tinyrick/Qwen3.8-27B-Uncensored-HauhauCS-Aggressive-MTP-GGUF:Q4_K_P,ollama,58.2557290,15
1788034440,tinyrick/Qwen3.8-27B-Uncensored-HauhauCS-Aggressive-MTP-GGUF:Q4_K_P,ollama,58.2557290,15
1788034500,tinyrick/Qwen3.8-27B-Uncensored-HauhauCS-Aggressive-MTP-GGUF:Q4_K_P,ollama,58.2557290,15
1788034560,tinyrick/Qwen3.8-27B-Uncensored-HauhauCS-Aggressive-MTP-GGUF:Q4_K_P,ollama,58.2557290,15
1788034620,tinyrick/Qwen3.8-27B-Uncensored-HauhauCS-Aggressive-MTP-GGUF:Q4_K_P,ollama,58.2557290,15
1788034680,tinyrick/Qwen3.8-27B-Uncensored-HauhauCS-Aggressive-MTP-GGUF:Q4_K_P,ollama,58.2557290,15
1788034740,tinyrick/Qwen3.8-27B-Uncensored-HauhauCS-Aggressive-MTP-GGUF:Q4_K_P,ollama,58.2557290,15
1788034800,tinyrick/Qwen3.8-27B-Uncensored-HauhauCS-Aggressive-MTP-GGUF:Q4_K_P,ollama,58.2557290,15
1788034860,tinyrick/Qwen3.8-27B-Uncensored-HauhauCS-Aggressive-MTP-GGUF:Q4_K_P,ollama,58.2557290,15
1788034920,tinyrick/Qwen3.8-27B-Uncensored-HauhauCS-Aggressive-MTP-GGUF:Q4_K_P,ollama,58.2557290,15
1788034980,tinyrick/Qwen3.8-27B-Uncensored-HauhauCS-Aggressive-MTP-GGUF:Q4_K_P,ollama,58.2557290,15
1788035040,tinyrick/Qwen3.8-27B-Uncensored-HauhauCS-Aggressive-MTP-GGUF:Q4_K_P,ollama,58.2557290,15
1788035100,tinyrick/Qwen3.8-27B-Uncensored-HauhauCS-Aggressive-MTP-GGUF:Q4_K_P,ollama,58.2557290,15
1788035160,tinyrick/Qwen3.8-27B-Uncensored-HauhauCS-Aggressive-MTP-GGUF:Q4_K_P,ollama,58.2557290,15
1788035220,tinyrick/Qwen3.8-27B-Uncensored-HauhauCS-Aggressive-MTP-GGUF:Q4_K_P,ollama,58.2557290,15
1788035280,tinyrick/Qwen3.8-27B-Uncensored-HauhauCS-Aggressive-MTP-GGUF:Q4_K_P,ollama,58.2557290,15
1788035340,tinyrick/Qwen3.8-27B-Uncensored-HauhauCS-Aggressive-MTP-GGUF:Q4_K_P,ollama,58.2557290,15
1788035400,tinyrick/Qwen3.8-27B-Uncensored-HauhauCS-Aggressive-MTP-GGUF:Q4_K_P,ollama,58.2557290,15
1788035460,tinyrick/Qwen3.8-27B-Uncensored-HauhauCS-Aggressive-MTP-GGUF:Q4_K_P,ollama,58.2557290,15
1788035520,tinyrick/Qwen3.8-27B-Uncensored-HauhauCS-Aggressive-MTP-GGUF:Q4_K_P,ollama,58.2557290,15
1788035580,tinyrick/Qwen3.8-27B-Uncensored-HauhauCS-Aggressive-MTP-GGUF:Q4_K_P,ollama,58.2557290,15
1788035640,tinyrick/Qwen3.8-27B-Uncensored-HauhauCS-Aggressive-MTP-GGUF:Q4_K_P,ollama,58.2557290,15
1788035700,tinyrick/Qwen3.8-27B-Uncensored-HauhauCS-Aggressive-MTP-GGUF:Q4_K_P,ollama,58.2557290,15
1788035760,tinyrick/Qwen3.8-27B-Uncensored-HauhauCS-Aggressive-MTP-GGUF:Q4_K_P,ollama,58.2557290,15
1788035820,tinyrick/Qwen3.8-27B-Uncensored-HauhauCS-Aggressive-MTP-GGUF:Q4_K_P,ollama,58.2557290,15
1788035880,tinyrick/Qwen3.8-27B-Uncensored-HauhauCS-Aggressive-MTP-GGUF:Q4_K_P,ollama,58.2557290,15
1788035940,tinyrick/Qwen3.8-27B-Uncensored-HauhauCS-Aggressive-MTP-GGUF:Q4_K_P,ollama,58.2557290,15
1788036000,tinyrick/Qwen3.8-27B-Uncensored-HauhauCS-Aggressive-MTP-GGUF:Q4_K_P,ollama,58.2557290,15
1788036060,tinyrick/Qwen3.8-27B-Uncensored-HauhauCS-Aggressive-MTP-GGUF:Q4_K_P,ollama,58.2557290,15
1788036120,tinyrick/Qwen3.8-27B-Uncensored-HauhauCS-Aggressive-MTP-GGUF:Q4_K_P,ollama,58.2557290,15
1788036180,tinyrick/Qwen3.8-27B-Uncensored-HauhauCS-Aggressive-MTP-GGUF:Q4_K_P,ollama,58.2557290,15
1788036240,tinyrick/Qwen3.8-27B-Uncensored-HauhauCS-Aggressive-MTP-GGUF:Q4_K_P,ollama,58.2557290,15
1788036300,tinyrick/Qwen3.8-27B-Uncensored-HauhauCS-Aggressive-MTP-GGUF:Q4_K_P,ollama,58.8793963,16
1788036360,tinyrick/Qwen3.8-27B-Uncensored-HauhauCS-Aggressive-MTP-GGUF:Q4_K_P,ollama,58.8793963,16
1788036420,tinyrick/Qwen3.8-27B-Uncensored-HauhauCS-Aggressive-MTP-GGUF:Q4_K_P,ollama,58.8793963,16
1788036480,tinyrick/Qwen3.8-27B-Uncensored-HauhauCS-Aggressive-MTP-GGUF:Q4_K_P,ollama,58.8793963,16
1788036540,tinyrick/Qwen3.8-27B-Uncensored-HauhauCS-Aggressive-MTP-GGUF:Q4_K_P,ollama,58.8793963,16
1788036600,tinyrick/Qwen3.8-27B-Uncensored-HauhauCS-Aggressive-MTP-GGUF:Q4_K_P,ollama,58.8793963,16
1788036660,tinyrick/Qwen3.8-27B-Uncensored-HauhauCS-Aggressive-MTP-GGUF:Q4_K_P,ollama,58.8793963,16
1788036720,tinyrick/Qwen3.8-27B-Uncensored-HauhauCS-Aggressive-MTP-GGUF:Q4_K_P,ollama,58.8793963,16
1788036780,tinyrick/Qwen3.8-27B-Uncensored-HauhauCS-Aggressive-MTP-GGUF:Q4_K_P,ollama,58.8793963,16
1788036840,tinyrick/Qwen3.8-27B-Uncensored-HauhauCS-Aggressive-MTP-GGUF:Q4_K_P,ollama,58.8793963,16
1788036900,tinyrick/Qwen3.8-27B-Uncensored-HauhauCS-Aggressive-MTP-GGUF:Q4_K_P,ollama,58.8793963,16
1788036960,tinyrick/Qwen3.8-27B-Uncensored-HauhauCS-Aggressive-MTP-GGUF:Q4_K_P,ollama,58.8793963,16
1788037020,tinyrick/Qwen3.8-27B-Uncensored-HauhauCS-Aggressive-MTP-GGUF:Q4_K_P,ollama,58.8793963,16
1788037080,tinyrick/Qwen3.8-27B-Uncensored-HauhauCS-Aggressive-MTP-GGUF:Q4_K_P,ollama,58.8793963,16
1788037140,tinyrick/Qwen3.8-27B-Uncensored-HauhauCS-Aggressive-MTP-GGUF:Q4_K_P,ollama,58.8793963,16
1788037200,tinyrick/Qwen3.8-27B-Uncensored-HauhauCS-Aggressive-MTP-GGUF:Q4_K_P,ollama,58.8793963,16
1788037260,tinyrick/Qwen3.8-27B-Uncensored-HauhauCS-Aggressive-MTP-GGUF:Q4_K_P,ollama,58.8793963,16
1788037320,tinyrick/Qwen3.8-27B-Uncensored-HauhauCS-Aggressive-MTP-GGUF:Q4_K_P,ollama,58.8793963,16
1788037380,tinyrick/Qwen3.8-27B-Uncensored-HauhauCS-Aggressive-MTP-GGUF:Q4_K_P,ollama,58.8793963,16
1788037440,tinyrick/Qwen3.8-27B-Uncensored-HauhauCS-Aggressive-MTP-GGUF:Q4_K_P,ollama,58.8793963,16
1788037500,tinyrick/Qwen3.8-27B-Uncensored-HauhauCS-Aggressive-MTP-GGUF:Q4_K_P,ollama,58.8793963,16
1788037560,tinyrick/Qwen3.8-27B-Uncensored-HauhauCS-Aggressive-MTP-GGUF:Q4_K_P,ollama,58.8793963,16
1788037620,tinyrick/Qwen3.8-27B-Uncensored-HauhauCS-Aggressive-MTP-GGUF:Q4_K_P,ollama,58.8793963,16
1788037680,tinyrick/Qwen3.8-27B-Uncensored-HauhauCS-Aggressive-MTP-GGUF:Q4_K_P,ollama,58.8793963,16
1788037740,tinyrick/Qwen3.8-27B-Uncensored-HauhauCS-Aggressive-MTP-GGUF:Q4_K_P,ollama,58.8793963,16
1788037800,tinyrick/Qwen3.8-27B-Uncensored-HauhauCS-Aggressive-MTP-GGUF:Q4_K_P,ollama,58.8793963,16
1788037860,tinyrick/Qwen3.8-27B-Uncensored-HauhauCS-Aggressive-MTP-GGUF:Q4_K_P,ollama,58.8793963,16
1788037920,tinyrick/Qwen3.8-27B-Uncensored-HauhauCS-Aggressive-MTP-GGUF:Q4_K_P,ollama,58.8793963,16
1788037980,tinyrick/Qwen3.8-27B-Uncensored-HauhauCS-Aggressive-MTP-GGUF:Q4_K_P,ollama,58.8793963,16
1788038040,tinyrick/Qwen3.8-27B-Uncensored-HauhauCS-Aggressive-MTP-GGUF:Q4_K_P,ollama,58.8793963,16
1788038100,tinyrick/Qwen3.8-27B-Uncensored-HauhauCS-Aggressive-MTP-GGUF:Q4_K_P,ollama,58.8793963,16
1788038160,tinyrick/Qwen3.8-27B-Uncensored-HauhauCS-Aggressive-MTP-GGUF:Q4_K_P,ollama,58.8793963,16
1788038220,tinyrick/Qwen3.8-27B-Uncensored-HauhauCS-Aggressive-MTP-GGUF:Q4_K_P,ollama,58.8793963,16
1788038280,tinyrick/Qwen3.8-27B-Uncensored-HauhauCS-Aggressive-MTP-GGUF:Q4_K_P,ollama,58.8793963,16
1788038340,tinyrick/Qwen3.8-27B-Uncensored-HauhauCS-Aggressive-MTP-GGUF:Q4_K_P,ollama,58.8793963,16
1788038400,tinyrick/Qwen3.8-27B-Uncensored-HauhauCS-Aggressive-MTP-GGUF:Q4_K_P,ollama,58.8793963,16
1788038460,tinyrick/Qwen3.8-27B-Uncensored-HauhauCS-Aggressive-MTP-GGUF:Q4_K_P,ollama,58.8793963,16
1788038520,tinyrick/Qwen3.8-27B-Uncensored-HauhauCS-Aggressive-MTP-GGUF:Q4_K_P,ollama,58.8793963,16
1788038580,tinyrick/Qwen3.8-27B-Uncensored-HauhauCS-Aggressive-MTP-GGUF:Q4_K_P,ollama,58.8793963,16
1788038640,tinyrick/Qwen3.8-27B-Uncensored-HauhauCS-Aggressive-MTP-GGUF:Q4_K_P,ollama,58.8793963,16
1788038700,tinyrick/Qwen3.8-27B-Uncensored-HauhauCS-Aggressive-MTP-GGUF:Q4_K_P,ollama,58.8793963,16
1788038760,tinyrick/Qwen3.8-27B-Uncensored-HauhauCS-Aggressive-MTP-GGUF:Q4_K_P,ollama,58.8793963,16
1788038820,tinyrick/Qwen3.8-27B-Uncensored-HauhauCS-Aggressive-MTP-GGUF:Q4_K_P,ollama,62.1595270,17
1788038880,tinyrick/Qwen3.8-27B-Uncensored-HauhauCS-Aggressive-MTP-GGUF:Q4_K_P,ollama,62.1595270,17
1788038940,tinyrick/Qwen3.8-27B-Uncensored-HauhauCS-Aggressive-MTP-GGUF:Q4_K_P,ollama,62.1595270,17
1788039000,tinyrick/Qwen3.8-27B-Uncensored-HauhauCS-Aggressive-MTP-GGUF:Q4_K_P,ollama,62.1595270,17
1788039060,tinyrick/Qwen3.8-27B-Uncensored-HauhauCS-Aggressive-MTP-GGUF:Q4_K_P,ollama,62.1595270,17
1788039120,tinyrick/Qwen3.8-27B-Uncensored-HauhauCS-Aggressive-MTP-GGUF:Q4_K_P,ollama,62.1595270,17
1788039180,tinyrick/Qwen3.8-27B-Uncensored-HauhauCS-Aggressive-MTP-GGUF:Q4_K_P,ollama,62.1595270,17
1788039240,tinyrick/Qwen3.8-27B-Uncensored-HauhauCS-Aggressive-MTP-GGUF:Q4_K_P,ollama,62.1595270,17
1788039300,tinyrick/Qwen3.8-27B-Uncensored-HauhauCS-Aggressive-MTP-GGUF:Q4_K_P,ollama,62.1595270,17
1788039360,tinyrick/Qwen3.8-27B-Uncensored-HauhauCS-Aggressive-MTP-GGUF:Q4_K_P,ollama,62.1595270,17
1788039420,tinyrick/Qwen3.8-27B-Uncensored-HauhauCS-Aggressive-MTP-GGUF:Q4_K_P,ollama,62.1595270,17
1788039480,tinyrick/Qwen3.8-27B-Uncensored-HauhauCS-Aggressive-MTP-GGUF:Q4_K_P,ollama,62.1595270,17
1788039540,tinyrick/Qwen3.8-27B-Uncensored-HauhauCS-Aggressive-MTP-GGUF:Q4_K_P,ollama,62.1595270,17
1788039600,tinyrick/Qwen3.8-27B-Uncensored-HauhauCS-Aggressive-MTP-GGUF:Q4_K_P,ollama,62.1595270,17
1788039660,tinyrick/Qwen3.8-27B-Uncensored-HauhauCS-Aggressive-MTP-GGUF:Q4_K_P,ollama,62.1595270,17
1788039720,tinyrick/Qwen3.8-27B-Uncensored-HauhauCS-Aggressive-MTP-GGUF:Q4_K_P,ollama,62.1595270,17
1788039780,tinyrick/Qwen3.8-27B-Uncensored-HauhauCS-Aggressive-MTP-GGUF:Q4_K_P,ollama,62.1595270,17
1788039840,tinyrick/Qwen3.8-27B-Uncensored-HauhauCS-Aggressive-MTP-GGUF:Q4_K_P,ollama,62.1595270,17
1788039900,tinyrick/Qwen3.8-27B-Uncensored-HauhauCS-Aggressive-MTP-GGUF:Q4_K_P,ollama,62.1595270,17
1788039960,tinyrick/Qwen3.8-27B-Uncensored-HauhauCS-Aggressive-MTP-GGUF:Q4_K_P,ollama,62.1595270,17
1788040020,tinyrick/Qwen3.8-27B-Uncensored-HauhauCS-Aggressive-MTP-GGUF:Q4_K_P,ollama,62.1595270,17
1788040080,tinyrick/Qwen3.8-27B-Uncensored-HauhauCS-Aggressive-MTP-GGUF:Q4_K_P,ollama,62.1595270,17
1788040140,tinyrick/Qwen3.8-27B-Uncensored-HauhauCS-Aggressive-MTP-GGUF:Q4_K_P,ollama,62.1595270,17
1788040200,tinyrick/Qwen3.8-27B-Uncensored-HauhauCS-Aggressive-MTP-GGUF:Q4_K_P,ollama,62.1595270,17
1788040260,tinyrick/Qwen3.8-27B-Uncensored-HauhauCS-Aggressive-MTP-GGUF:Q4_K_P,ollama,62.1595270,17
1788040320,tinyrick/Qwen3.8-27B-Uncensored-HauhauCS-Aggressive-MTP-GGUF:Q4_K_P,ollama,62.7716904,18
1788040380,tinyrick/Qwen3.8-27B-Uncensored-HauhauCS-Aggressive-MTP-GGUF:Q4_K_P,ollama,62.7716904,18
1788040440,tinyrick/Qwen3.8-27B-Uncensored-HauhauCS-Aggressive-MTP-GGUF:Q4_K_P,ollama,62.7716904,18
1788040500,tinyrick/Qwen3.8-27B-Uncensored-HauhauCS-Aggressive-MTP-GGUF:Q4_K_P,ollama,62.7716904,18
1788040560,tinyrick/Qwen3.8-27B-Uncensored-HauhauCS-Aggressive-MTP-GGUF:Q4_K_P,ollama,62.7716904,18
1788040620,tinyrick/Qwen3.8-27B-Uncensored-HauhauCS-Aggressive-MTP-GGUF:Q4_K_P,ollama,62.7716904,18
1788040680,tinyrick/Qwen3.8-27B-Uncensored-HauhauCS-Aggressive-MTP-GGUF:Q4_K_P,ollama,62.7716904,18
1788040740,tinyrick/Qwen3.8-27B-Uncensored-HauhauCS-Aggressive-MTP-GGUF:Q4_K_P,ollama,62.7716904,18
1788040800,tinyrick/Qwen3.8-27B-Uncensored-HauhauCS-Aggressive-MTP-GGUF:Q4_K_P,ollama,62.7716904,18
1788040860,tinyrick/Qwen3.8-27B-Uncensored-HauhauCS-Aggressive-MTP-GGUF:Q4_K_P,ollama,62.7716904,18
1788040920,tinyrick/Qwen3.8-27B-Uncensored-HauhauCS-Aggressive-MTP-GGUF:Q4_K_P,ollama,62.7716904,18
1788040980,tinyrick/Qwen3.8-27B-Uncensored-HauhauCS-Aggressive-MTP-GGUF:Q4_K_P,ollama,62.7716904,18
1788041040,tinyrick/Qwen3.8-27B-Uncensored-HauhauCS-Aggressive-MTP-GGUF:Q4_K_P,ollama,62.7716904,18
1788041100,tinyrick/Qwen3.8-27B-Uncensored-HauhauCS-Aggressive-MTP-GGUF:Q4_K_P,ollama,67.4050697,19
1788041160,tinyrick/Qwen3.8-27B-Uncensored-HauhauCS-Aggressive-MTP-GGUF:Q4_K_P,ollama,67.4050697,19
1788041220,tinyrick/Qwen3.8-27B-Uncensored-HauhauCS-Aggressive-MTP-GGUF:Q4_K_P,ollama,67.4050697,19
1788041280,tinyrick/Qwen3.8-27B-Uncensored-HauhauCS-Aggressive-MTP-GGUF:Q4_K_P,ollama,67.4050697,19
1788041340,tinyrick/Qwen3.8-27B-Uncensored-HauhauCS-Aggressive-MTP-GGUF:Q4_K_P,ollama,67.4050697,19
1788041400,tinyrick/Qwen3.8-27B-Uncensored-HauhauCS-Aggressive-MTP-GGUF:Q4_K_P,ollama,67.4050697,19
1788041460,tinyrick/Qwen3.8-27B-Uncensored-HauhauCS-Aggressive-MTP-GGUF:Q4_K_P,ollama,67.4050697,19
1788041520,tinyrick/Qwen3.8-27B-Uncensored-HauhauCS-Aggressive-MTP-GGUF:Q4_K_P,ollama,67.4050697,19
1788041580,tinyrick/Qwen3.8-27B-Uncensored-HauhauCS-Aggressive-MTP-GGUF:Q4_K_P,ollama,67.4050697,19
1788041640,tinyrick/Qwen3.8-27B-Uncensored-HauhauCS-Aggressive-MTP-GGUF:Q4_K_P,ollama,67.4050697,19
1788041700,tinyrick/Qwen3.8-27B-Uncensored-HauhauCS-Aggressive-MTP-GGUF:Q4_K_P,ollama,67.4050697,19
1788041760,tinyrick/Qwen3.8-27B-Uncensored-HauhauCS-Aggressive-MTP-GGUF:Q4_K_P,ollama,67.4050697,19
1788041820,tinyrick/Qwen3.8-27B-Uncensored-HauhauCS-Aggressive-MTP-GGUF:Q4_K_P,ollama,67.4050697,19
1788041880,tinyrick/Qwen3.8-27B-Uncensored-HauhauCS-Aggressive-MTP-GGUF:Q4_K_P,ollama,67.4050697,19
1788041940,tinyrick/Qwen3.8-27B-Uncensored-HauhauCS-Aggressive-MTP-GGUF:Q4_K_P,ollama,67.4050697,19
1788042000,tinyrick/Qwen3.8-27B-Uncensored-HauhauCS-Aggressive-MTP-GGUF:Q4_K_P,ollama,67.4050697,19
1788042060,tinyrick/Qwen3.8-27B-Uncensored-HauhauCS-Aggressive-MTP-GGUF:Q4_K_P,ollama,67.4050697,19
1788042120,tinyrick/Qwen3.8-27B-Uncensored-HauhauCS-Aggressive-MTP-GGUF:Q4_K_P,ollama,67.4050697,19
1788042180,tinyrick/Qwen3.8-27B-Uncensored-HauhauCS-Aggressive-MTP-GGUF:Q4_K_P,ollama,67.4050697,19
1788042240,tinyrick/Qwen3.8-27B-Uncensored-HauhauCS-Aggressive-MTP-GGUF:Q4_K_P,ollama,67.4050697,19
1788042300,tinyrick/Qwen3.8-27B-Uncensored-HauhauCS-Aggressive-MTP-GGUF:Q4_K_P,ollama,67.4050697,19
1788042360,tinyrick/Qwen3.8-27B-Uncensored-HauhauCS-Aggressive-MTP-GGUF:Q4_K_P,ollama,67.4050697,19
1788042420,tinyrick/Qwen3.8-27B-Uncensored-HauhauCS-Aggressive-MTP-GGUF:Q4_K_P,ollama,67.4050697,19
1788042480,tinyrick/Qwen3.8-27B-Uncensored-HauhauCS-Aggressive-MTP-GGUF:Q4_K_P,ollama,67.4050697,19
1788042540,tinyrick/Qwen3.8-27B-Uncensored-HauhauCS-Aggressive-MTP-GGUF:Q4_K_P,ollama,67.4050697,19
1788042600,tinyrick/Qwen3.8-27B-Uncensored-HauhauCS-Aggressive-MTP-GGUF:Q4_K_P,ollama,67.4050697,19
1788042660,tinyrick/Qwen3.8-27B-Uncensored-HauhauCS-Aggressive-MTP-GGUF:Q4_K_P,ollama,67.4050697,19
1788042720,tinyrick/Qwen3.8-27B-Uncensored-HauhauCS-Aggressive-MTP-GGUF:Q4_K_P,ollama,67.4050697,19
1788042780,tinyrick/Qwen3.8-27B-Uncensored-HauhauCS-Aggressive-MTP-GGUF:Q4_K_P,ollama,67.4050697,19
1788042840,tinyrick/Qwen3.8-27B-Uncensored-HauhauCS-Aggressive-MTP-GGUF:Q4_K_P,ollama,67.4050697,19
1788042900,tinyrick/Qwen3.8-27B-Uncensored-HauhauCS-Aggressive-MTP-GGUF:Q4_K_P,ollama,70.8131212,20
1788042960,tinyrick/Qwen3.8-27B-Uncensored-HauhauCS-Aggressive-MTP-GGUF:Q4_K_P,ollama,70.8131212,20
1788043020,tinyrick/Qwen3.8-27B-Uncensored-HauhauCS-Aggressive-MTP-GGUF:Q4_K_P,ollama,70.8131212,20
1788043080,tinyrick/Qwen3.8-27B-Uncensored-HauhauCS-Aggressive-MTP-GGUF:Q4_K_P,ollama,70.8131212,20
1788043140,tinyrick/Qwen3.8-27B-Uncensored-HauhauCS-Aggressive-MTP-GGUF:Q4_K_P,ollama,70.8131212,20
1788043200,tinyrick/Qwen3.8-27B-Uncensored-HauhauCS-Aggressive-MTP-GGUF:Q4_K_P,ollama,70.8131212,20
1788043260,tinyrick/Qwen3.8-27B-Uncensored-HauhauCS-Aggressive-MTP-GGUF:Q4_K_P,ollama,70.8131212,20
1788043320,tinyrick/Qwen3.8-27B-Uncensored-HauhauCS-Aggressive-MTP-GGUF:Q4_K_P,ollama,70.8131212,20
1788043380,tinyrick/Qwen3.8-27B-Uncensored-HauhauCS-Aggressive-MTP-GGUF:Q4_K_P,ollama,70.8131212,20
1788043440,tinyrick/Qwen3.8-27B-Uncensored-HauhauCS-Aggressive-MTP-GGUF:Q4_K_P,ollama,70.8131212,20
1788043500,tinyrick/Qwen3.8-27B-Uncensored-HauhauCS-Aggressive-MTP-GGUF:Q4_K_P,ollama,70.8131212,20
1788043560,tinyrick/Qwen3.8-27B-Uncensored-HauhauCS-Aggressive-MTP-GGUF:Q4_K_P,ollama,70.8131212,20
1788043620,tinyrick/Qwen3.8-27B-Uncensored-HauhauCS-Aggressive-MTP-GGUF:Q4_K_P,ollama,70.8131212,20
1788043680,tinyrick/Qwen3.8-27B-Uncensored-HauhauCS-Aggressive-MTP-GGUF:Q4_K_P,ollama,70.8131212,20
1788043740,tinyrick/Qwen3.8-27B-Uncensored-HauhauCS-Aggressive-MTP-GGUF:Q4_K_P,ollama,70.8131212,20
1788043800,tinyrick/Qwen3.8-27B-Uncensored-HauhauCS-Aggressive-MTP-GGUF:Q4_K_P,ollama,70.8131212,20
1788043860,tinyrick/Qwen3.8-27B-Uncensored-HauhauCS-Aggressive-MTP-GGUF:Q4_K_P,ollama,70.8131212,20
1788043920,tinyrick/Qwen3.8-27B-Uncensored-HauhauCS-Aggressive-MTP-GGUF:Q4_K_P,ollama,70.8131212,20
1788043980,tinyrick/Qwen3.8-27B-Uncensored-HauhauCS-Aggressive-MTP-GGUF:Q4_K_P,ollama,70.8131212,20
1788044040,tinyrick/Qwen3.8-27B-Uncensored-HauhauCS-Aggressive-MTP-GGUF:Q4_K_P,ollama,70.8131212,20
1788044100,tinyrick/Qwen3.8-27B-Uncensored-HauhauCS-Aggressive-MTP-GGUF:Q4_K_P,ollama,70.8131212,20
1788044160,tinyrick/Qwen3.8-27B-Uncensored-HauhauCS-Aggressive-MTP-GGUF:Q4_K_P,ollama,70.8131212,20
1788044220,tinyrick/Qwen3.8-27B-Uncensored-HauhauCS-Aggressive-MTP-GGUF:Q4_K_P,ollama,70.8131212,20
1788044280,tinyrick/Qwen3.8-27B-Uncensored-HauhauCS-Aggressive-MTP-GGUF:Q4_K_P,ollama,70.8131212,20
1788044340,tinyrick/Qwen3.8-27B-Uncensored-HauhauCS-Aggressive-MTP-GGUF:Q4_K_P,ollama,70.8131212,20
1788044400,tinyrick/Qwen3.8-27B-Uncensored-HauhauCS-Aggressive-MTP-GGUF:Q4_K_P,ollama,70.8131212,20
1788044460,tinyrick/Qwen3.8-27B-Uncensored-HauhauCS-Aggressive-MTP-GGUF:Q4_K_P,ollama,70.8131212,20
1788044520,tinyrick/Qwen3.8-27B-Uncensored-HauhauCS-Aggressive-MTP-GGUF:Q4_K_P,ollama,70.8131212,20
1788044580,tinyrick/Qwen3.8-27B-Uncensored-HauhauCS-Aggressive-MTP-GGUF:Q4_K_P,ollama,70.8131212,20
1788044640,tinyrick/Qwen3.8-27B-Uncensored-HauhauCS-Aggressive-MTP-GGUF:Q4_K_P,ollama,70.8131212,20
1788044700,tinyrick/Qwen3.8-27B-Uncensored-HauhauCS-Aggressive-MTP-GGUF:Q4_K_P,ollama,70.8131212,20
1788044760,tinyrick/Qwen3.8-27B-Uncensored-HauhauCS-Aggressive-MTP-GGUF:Q4_K_P,ollama,70.8131212,20
1788044820,tinyrick/Qwen3.8-27B-Uncensored-HauhauCS-Aggressive-MTP-GGUF:Q4_K_P,ollama,70.8131212,20
1788044880,tinyrick/Qwen3.8-27B-Uncensored-HauhauCS-Aggressive-MTP-GGUF:Q4_K_P,ollama,70.8131212,20
1788044940,tinyrick/Qwen3.8-27B-Uncensored-HauhauCS-Aggressive-MTP-GGUF:Q4_K_P,ollama,70.8131212,20
1788045000,tinyrick/Qwen3.8-27B-Uncensored-HauhauCS-Aggressive-MTP-GGUF:Q4_K_P,ollama,70.8131212,20
1788045060,tinyrick/Qwen3.8-27B-Uncensored-HauhauCS-Aggressive-MTP-GGUF:Q4_K_P,ollama,70.8131212,20
1788045120,tinyrick/Qwen3.8-27B-Uncensored-HauhauCS-Aggressive-MTP-GGUF:Q4_K_P,ollama,70.8131212,20
1788045180,tinyrick/Qwen3.8-27B-Uncensored-HauhauCS-Aggressive-MTP-GGUF:Q4_K_P,ollama,70.8131212,20
1788045240,tinyrick/Qwen3.8-27B-Uncensored-HauhauCS-Aggressive-MTP-GGUF:Q4_K_P,ollama,70.8131212,20
1788045300,tinyrick/Qwen3.8-27B-Uncensored-HauhauCS-Aggressive-MTP-GGUF:Q4_K_P,ollama,70.8131212,20
1788045360,tinyrick/Qwen3.8-27B-Uncensored-HauhauCS-Aggressive-MTP-GGUF:Q4_K_P,ollama,75.2014363,21
1788045420,tinyrick/Qwen3.8-27B-Uncensored-HauhauCS-Aggressive-MTP-GGUF:Q4_K_P,ollama,75.2014363,21
1788045480,tinyrick/Qwen3.8-27B-Uncensored-HauhauCS-Aggressive-MTP-GGUF:Q4_K_P,ollama,75.2014363,21
1788045540,tinyrick/Qwen3.8-27B-Uncensored-HauhauCS-Aggressive-MTP-GGUF:Q4_K_P,ollama,75.2014363,21
1788045600,tinyrick/Qwen3.8-27B-Uncensored-HauhauCS-Aggressive-MTP-GGUF:Q4_K_P,ollama,75.2014363,21
1788045660,tinyrick/Qwen3.8-27B-Uncensored-HauhauCS-Aggressive-MTP-GGUF:Q4_K_P,ollama,75.2014363,21
1788045720,tinyrick/Qwen3.8-27B-Uncensored-HauhauCS-Aggressive-MTP-GGUF:Q4_K_P,ollama,75.2014363,21
1788045780,tinyrick/Qwen3.8-27B-Uncensored-HauhauCS-Aggressive-MTP-GGUF:Q4_K_P,ollama,75.2014363,21
1788045840,tinyrick/Qwen3.8-27B-Uncensored-HauhauCS-Aggressive-MTP-GGUF:Q4_K_P,ollama,75.2014363,21
1788045900,tinyrick/Qwen3.8-27B-Uncensored-HauhauCS-Aggressive-MTP-GGUF:Q4_K_P,ollama,75.2014363,21
1788045960,tinyrick/Qwen3.8-27B-Uncensored-HauhauCS-Aggressive-MTP-GGUF:Q4_K_P,ollama,75.2014363,21
1788046020,tinyrick/Qwen3.8-27B-Uncensored-HauhauCS-Aggressive-MTP-GGUF:Q4_K_P,ollama,75.2014363,21
1788046080,tinyrick/Qwen3.8-27B-Uncensored-HauhauCS-Aggressive-MTP-GGUF:Q4_K_P,ollama,75.2014363,21
1788046140,tinyrick/Qwen3.8-27B-Uncensored-HauhauCS-Aggressive-MTP-GGUF:Q4_K_P,ollama,75.2014363,21
1788046200,tinyrick/Qwen3.8-27B-Uncensored-HauhauCS-Aggressive-MTP-GGUF:Q4_K_P,ollama,75.2014363,21
1788046260,tinyrick/Qwen3.8-27B-Uncensored-HauhauCS-Aggressive-MTP-GGUF:Q4_K_P,ollama,75.2014363,21
1788046320,tinyrick/Qwen3.8-27B-Uncensored-HauhauCS-Aggressive-MTP-GGUF:Q4_K_P,ollama,75.2014363,21
1788046380,tinyrick/Qwen3.8-27B-Uncensored-HauhauCS-Aggressive-MTP-GGUF:Q4_K_P,ollama,75.2014363,21
1788046440,tinyrick/Qwen3.8-27B-Uncensored-HauhauCS-Aggressive-MTP-GGUF:Q4_K_P,ollama,75.2014363,21
1788046500,tinyrick/Qwen3.8-27B-Uncensored-HauhauCS-Aggressive-MTP-GGUF:Q4_K_P,ollama,75.2014363,21
1788046560,tinyrick/Qwen3.8-27B-Uncensored-HauhauCS-Aggressive-MTP-GGUF:Q4_K_P,ollama,75.2014363,21
1788046620,tinyrick/Qwen3.8-27B-Uncensored-HauhauCS-Aggressive-MTP-GGUF:Q4_K_P,ollama,75.2014363,21
1788046680,tinyrick/Qwen3.8-27B-Uncensored-HauhauCS-Aggressive-MTP-GGUF:Q4_K_P,ollama,75.2014363,21
1788046740,tinyrick/Qwen3.8-27B-Uncensored-HauhauCS-Aggressive-MTP-GGUF:Q4_K_P,ollama,75.2014363,21
1788046800,tinyrick/Qwen3.8-27B-Uncensored-HauhauCS-Aggressive-MTP-GGUF:Q4_K_P,ollama,75.2014363,21
1788046860,tinyrick/Qwen3.8-27B-Uncensored-HauhauCS-Aggressive-MTP-GGUF:Q4_K_P,ollama,75.2014363,21
1788046920,tinyrick/Qwen3.8-27B-Uncensored-HauhauCS-Aggressive-MTP-GGUF:Q4_K_P,ollama,75.2014363,21
1788046980,tinyrick/Qwen3.8-27B-Uncensored-HauhauCS-Aggressive-MTP-GGUF:Q4_K_P,ollama,75.2014363,21
1788047040,tinyrick/Qwen3.8-27B-Uncensored-HauhauCS-Aggressive-MTP-GGUF:Q4_K_P,ollama,75.2014363,21
1788047100,tinyrick/Qwen3.8-27B-Uncensored-HauhauCS-Aggressive-MTP-GGUF:Q4_K_P,ollama,75.2014363,21
1788047160,tinyrick/Qwen3.8-27B-Uncensored-HauhauCS-Aggressive-MTP-GGUF:Q4_K_P,ollama,75.2014363,21
1788047220,tinyrick/Qwen3.8-27B-Uncensored-HauhauCS-Aggressive-MTP-GGUF:Q4_K_P,ollama,75.2014363,21
1788047280,tinyrick/Qwen3.8-27B-Uncensored-HauhauCS-Aggressive-MTP-GGUF:Q4_K_P,ollama,75.2014363,21
1788047340,tinyrick/Qwen3.8-27B-Uncensored-HauhauCS-Aggressive-MTP-GGUF:Q4_K_P,ollama,75.2014363,21
1788047400,tinyrick/Qwen3.8-27B-Uncensored-HauhauCS-Aggressive-MTP-GGUF:Q4_K_P,ollama,75.2014363,21
1788047460,tinyrick/Qwen3.8-27B-Uncensored-HauhauCS-Aggressive-MTP-GGUF:Q4_K_P,ollama,75.2014363,21
1788047520,tinyrick/Qwen3.8-27B-Uncensored-HauhauCS-Aggressive-MTP-GGUF:Q4_K_P,ollama,75.2014363,21
1788047580,tinyrick/Qwen3.8-27B-Uncensored-HauhauCS-Aggressive-MTP-GGUF:Q4_K_P,ollama,75.2014363,21
1788047640,tinyrick/Qwen3.8-27B-Uncensored-HauhauCS-Aggressive-MTP-GGUF:Q4_K_P,ollama,75.2014363,21
1788047700,tinyrick/Qwen3.8-27B-Uncensored-HauhauCS-Aggressive-MTP-GGUF:Q4_K_P,ollama,75.2014363,21
1788047760,tinyrick/Qwen3.8-27B-Uncensored-HauhauCS-Aggressive-MTP-GGUF:Q4_K_P,ollama,75.2014363,21
1788047820,tinyrick/Qwen3.8-27B-Uncensored-HauhauCS-Aggressive-MTP-GGUF:Q4_K_P,ollama,79.8417903,22
1788047880,tinyrick/Qwen3.8-27B-Uncensored-HauhauCS-Aggressive-MTP-GGUF:Q4_K_P,ollama,79.8417903,22
1788047940,tinyrick/Qwen3.8-27B-Uncensored-HauhauCS-Aggressive-MTP-GGUF:Q4_K_P,ollama,79.8417903,22
1788048000,tinyrick/Qwen3.8-27B-Uncensored-HauhauCS-Aggressive-MTP-GGUF:Q4_K_P,ollama,79.8417903,22
1788048060,tinyrick/Qwen3.8-27B-Uncensored-HauhauCS-Aggressive-MTP-GGUF:Q4_K_P,ollama,79.8417903,22
1788048120,tinyrick/Qwen3.8-27B-Uncensored-HauhauCS-Aggressive-MTP-GGUF:Q4_K_P,ollama,79.8417903,22
1788048180,tinyrick/Qwen3.8-27B-Uncensored-HauhauCS-Aggressive-MTP-GGUF:Q4_K_P,ollama,79.8417903,22
1788048240,tinyrick/Qwen3.8-27B-Uncensored-HauhauCS-Aggressive-MTP-GGUF:Q4_K_P,ollama,79.8417903,22
1788048300,tinyrick/Qwen3.8-27B-Uncensored-HauhauCS-Aggressive-MTP-GGUF:Q4_K_P,ollama,79.8417903,22
1788048360,tinyrick/Qwen3.8-27B-Uncensored-HauhauCS-Aggressive-MTP-GGUF:Q4_K_P,ollama,79.8417903,22
1788048420,tinyrick/Qwen3.8-27B-Uncensored-HauhauCS-Aggressive-MTP-GGUF:Q4_K_P,ollama,79.8417903,22
1788048480,tinyrick/Qwen3.8-27B-Uncensored-HauhauCS-Aggressive-MTP-GGUF:Q4_K_P,ollama,79.8417903,22
1788048540,tinyrick/Qwen3.8-27B-Uncensored-HauhauCS-Aggressive-MTP-GGUF:Q4_K_P,ollama,79.8417903,22
1788048600,tinyrick/Qwen3.8-27B-Uncensored-HauhauCS-Aggressive-MTP-GGUF:Q4_K_P,ollama,79.8417903,22
1788048660,tinyrick/Qwen3.8-27B-Uncensored-HauhauCS-Aggressive-MTP-GGUF:Q4_K_P,ollama,79.8417903,22
1788048720,tinyrick/Qwen3.8-27B-Uncensored-HauhauCS-Aggressive-MTP-GGUF:Q4_K_P,ollama,79.8417903,22
1788048780,tinyrick/Qwen3.8-27B-Uncensored-HauhauCS-Aggressive-MTP-GGUF:Q4_K_P,ollama,79.8417903,22
1788048840,tinyrick/Qwen3.8-27B-Uncensored-HauhauCS-Aggressive-MTP-GGUF:Q4_K_P,ollama,79.8417903,22
1788048900,tinyrick/Qwen3.8-27B-Uncensored-HauhauCS-Aggressive-MTP-GGUF:Q4_K_P,ollama,79.8417903,22
1788048960,tinyrick/Qwen3.8-27B-Uncensored-HauhauCS-Aggressive-MTP-GGUF:Q4_K_P,ollama,79.8417903,22
1788049020,tinyrick/Qwen3.8-27B-Uncensored-HauhauCS-Aggressive-MTP-GGUF:Q4_K_P,ollama,79.8417903,22
1788049080,tinyrick/Qwen3.8-27B-Uncensored-HauhauCS-Aggressive-MTP-GGUF:Q4_K_P,ollama,79.8417903,22
1788049140,tinyrick/Qwen3.8-27B-Uncensored-HauhauCS-Aggressive-MTP-GGUF:Q4_K_P,ollama,79.8417903,22
1788049200,tinyrick/Qwen3.8-27B-Uncensored-HauhauCS-Aggressive-MTP-GGUF:Q4_K_P,ollama,79.8417903,22
1788049260,tinyrick/Qwen3.8-27B-Uncensored-HauhauCS-Aggressive-MTP-GGUF:Q4_K_P,ollama,79.8417903,22
1788049320,tinyrick/Qwen3.8-27B-Uncensored-HauhauCS-Aggressive-MTP-GGUF:Q4_K_P,ollama,79.8417903,22
1788049380,tinyrick/Qwen3.8-27B-Uncensored-HauhauCS-Aggressive-MTP-GGUF:Q4_K_P,ollama,79.8417903,22
1788049440,tinyrick/Qwen3.8-27B-Uncensored-HauhauCS-Aggressive-MTP-GGUF:Q4_K_P,ollama,79.8417903,22
1788049500,tinyrick/Qwen3.8-27B-Uncensored-HauhauCS-Aggressive-MTP-GGUF:Q4_K_P,ollama,79.8417903,22
1788049560,tinyrick/Qwen3.8-27B-Uncensored-HauhauCS-Aggressive-MTP-GGUF:Q4_K_P,ollama,79.8417903,22
1788049620,tinyrick/Qwen3.8-27B-Uncensored-HauhauCS-Aggressive-MTP-GGUF:Q4_K_P,ollama,79.8417903,22
1788049680,tinyrick/Qwen3.8-27B-Uncensored-HauhauCS-Aggressive-MTP-GGUF:Q4_K_P,ollama,79.8417903,22
1788049740,tinyrick/Qwen3.8-27B-Uncensored-HauhauCS-Aggressive-MTP-GGUF:Q4_K_P,ollama,79.8417903,22
1788049800,tinyrick/Qwen3.8-27B-Uncensored-HauhauCS-Aggressive-MTP-GGUF:Q4_K_P,ollama,79.8417903,22
1788049860,tinyrick/Qwen3.8-27B-Uncensored-HauhauCS-Aggressive-MTP-GGUF:Q4_K_P,ollama,79.8417903,22
1788049920,tinyrick/Qwen3.8-27B-Uncensored-HauhauCS-Aggressive-MTP-GGUF:Q4_K_P,ollama,79.8417903,22
1788049980,tinyrick/Qwen3.8-27B-Uncensored-HauhauCS-Aggressive-MTP-GGUF:Q4_K_P,ollama,79.8417903,22
1788050040,tinyrick/Qwen3.8-27B-Uncensored-HauhauCS-Aggressive-MTP-GGUF:Q4_K_P,ollama,79.8417903,22
1788050100,tinyrick/Qwen3.8-27B-Uncensored-HauhauCS-Aggressive-MTP-GGUF:Q4_K_P,ollama,79.8417903,22
1788050160,tinyrick/Qwen3.8-27B-Uncensored-HauhauCS-Aggressive-MTP-GGUF:Q4_K_P,ollama,79.8417903,22
1788050220,tinyrick/Qwen3.8-27B-Uncensored-HauhauCS-Aggressive-MTP-GGUF:Q4_K_P,ollama,79.8417903,22
1788050280,tinyrick/Qwen3.8-27B-Uncensored-HauhauCS-Aggressive-MTP-GGUF:Q4_K_P,ollama,79.8417903,22
1788050340,tinyrick/Qwen3.8-27B-Uncensored-HauhauCS-Aggressive-MTP-GGUF:Q4_K_P,ollama,81.1691829,23
1788050400,tinyrick/Qwen3.8-27B-Uncensored-HauhauCS-Aggressive-MTP-GGUF:Q4_K_P,ollama,81.1691829,23
1788050460,tinyrick/Qwen3.8-27B-Uncensored-HauhauCS-Aggressive-MTP-GGUF:Q4_K_P,ollama,81.1691829,23
1788050520,tinyrick/Qwen3.8-27B-Uncensored-HauhauCS-Aggressive-MTP-GGUF:Q4_K_P,ollama,81.1691829,23
1788050580,tinyrick/Qwen3.8-27B-Uncensored-HauhauCS-Aggressive-MTP-GGUF:Q4_K_P,ollama,81.1691829,23
1788050640,tinyrick/Qwen3.8-27B-Uncensored-HauhauCS-Aggressive-MTP-GGUF:Q4_K_P,ollama,81.1691829,23
1788050700,tinyrick/Qwen3.8-27B-Uncensored-HauhauCS-Aggressive-MTP-GGUF:Q4_K_P,ollama,81.1691829,23
1788050760,tinyrick/Qwen3.8-27B-Uncensored-HauhauCS-Aggressive-MTP-GGUF:Q4_K_P,ollama,81.1691829,23
1788050820,tinyrick/Qwen3.8-27B-Uncensored-HauhauCS-Aggressive-MTP-GGUF:Q4_K_P,ollama,81.1691829,23
1788050880,tinyrick/Qwen3.8-27B-Uncensored-HauhauCS-Aggressive-MTP-GGUF:Q4_K_P,ollama,81.1691829,23
1788050940,tinyrick/Qwen3.8-27B-Uncensored-HauhauCS-Aggressive-MTP-GGUF:Q4_K_P,ollama,81.1691829,23
1788051000,tinyrick/Qwen3.8-27B-Uncensored-HauhauCS-Aggressive-MTP-GGUF:Q4_K_P,ollama,81.1691829,23
1788051060,tinyrick/Qwen3.8-27B-Uncensored-HauhauCS-Aggressive-MTP-GGUF:Q4_K_P,ollama,81.1691829,23
1788051120,tinyrick/Qwen3.8-27B-Uncensored-HauhauCS-Aggressive-MTP-GGUF:Q4_K_P,ollama,81.1691829,23
1788051180,tinyrick/Qwen3.8-27B-Uncensored-HauhauCS-Aggressive-MTP-GGUF:Q4_K_P,ollama,81.1691829,23
1788051240,tinyrick/Qwen3.8-27B-Uncensored-HauhauCS-Aggressive-MTP-GGUF:Q4_K_P,ollama,81.1691829,23
1788051300,tinyrick/Qwen3.8-27B-Uncensored-HauhauCS-Aggressive-MTP-GGUF:Q4_K_P,ollama,84.7807074,24
1788051360,tinyrick/Qwen3.8-27B-Uncensored-HauhauCS-Aggressive-MTP-GGUF:Q4_K_P,ollama,84.7807074,24
1788051420,tinyrick/Qwen3.8-27B-Uncensored-HauhauCS-Aggressive-MTP-GGUF:Q4_K_P,ollama,84.7807074,24
1788051480,tinyrick/Qwen3.8-27B-Uncensored-HauhauCS-Aggressive-MTP-GGUF:Q4_K_P,ollama,84.7807074,24
1788051540,tinyrick/Qwen3.8-27B-Uncensored-HauhauCS-Aggressive-MTP-GGUF:Q4_K_P,ollama,84.7807074,24
1788051600,tinyrick/Qwen3.8-27B-Uncensored-HauhauCS-Aggressive-MTP-GGUF:Q4_K_P,ollama,84.7807074,24
1788051660,tinyrick/Qwen3.8-27B-Uncensored-HauhauCS-Aggressive-MTP-GGUF:Q4_K_P,ollama,84.7807074,24
1788051720,tinyrick/Qwen3.8-27B-Uncensored-HauhauCS-Aggressive-MTP-GGUF:Q4_K_P,ollama,84.7807074,24
1788051780,tinyrick/Qwen3.8-27B-Uncensored-HauhauCS-Aggressive-MTP-GGUF:Q4_K_P,ollama,84.7807074,24
1788051840,tinyrick/Qwen3.8-27B-Uncensored-HauhauCS-Aggressive-MTP-GGUF:Q4_K_P,ollama,84.7807074,24
1788051900,tinyrick/Qwen3.8-27B-Uncensored-HauhauCS-Aggressive-MTP-GGUF:Q4_K_P,ollama,84.7807074,24
1788051960,tinyrick/Qwen3.8-27B-Uncensored-HauhauCS-Aggressive-MTP-GGUF:Q4_K_P,ollama,90.4853290,25
1788052020,tinyrick/Qwen3.8-27B-Uncensored-HauhauCS-Aggressive-MTP-GGUF:Q4_K_P,ollama,90.4853290,25
1788052080,tinyrick/Qwen3.8-27B-Uncensored-HauhauCS-Aggressive-MTP-GGUF:Q4_K_P,ollama,90.4853290,25
1788052140,tinyrick/Qwen3.8-27B-Uncensored-HauhauCS-Aggressive-MTP-GGUF:Q4_K_P,ollama,90.4853290,25
1788052200,tinyrick/Qwen3.8-27B-Uncensored-HauhauCS-Aggressive-MTP-GGUF:Q4_K_P,ollama,90.4853290,25
1788052260,tinyrick/Qwen3.8-27B-Uncensored-HauhauCS-Aggressive-MTP-GGUF:Q4_K_P,ollama,90.4853290,25
1788052320,tinyrick/Qwen3.8-27B-Uncensored-HauhauCS-Aggressive-MTP-GGUF:Q4_K_P,ollama,90.4853290,25
1788052380,tinyrick/Qwen3.8-27B-Uncensored-HauhauCS-Aggressive-MTP-GGUF:Q4_K_P,ollama,90.4853290,25
1788052440,tinyrick/Qwen3.8-27B-Uncensored-HauhauCS-Aggressive-MTP-GGUF:Q4_K_P,ollama,90.4853290,25
1788052500,tinyrick/Qwen3.8-27B-Uncensored-HauhauCS-Aggressive-MTP-GGUF:Q4_K_P,ollama,90.4853290,25
1788052560,tinyrick/Qwen3.8-27B-Uncensored-HauhauCS-Aggressive-MTP-GGUF:Q4_K_P,ollama,90.4853290,25
1788052620,tinyrick/Qwen3.8-27B-Uncensored-HauhauCS-Aggressive-MTP-GGUF:Q4_K_P,ollama,90.4853290,25
1788052680,tinyrick/Qwen3.8-27B-Uncensored-HauhauCS-Aggressive-MTP-GGUF:Q4_K_P,ollama,90.4853290,25
1788052740,tinyrick/Qwen3.8-27B-Uncensored-HauhauCS-Aggressive-MTP-GGUF:Q4_K_P,ollama,90.4853290,25
1788052800,tinyrick/Qwen3.8-27B-Uncensored-HauhauCS-Aggressive-MTP-GGUF:Q4_K_P,ollama,90.4853290,25
1788052860,tinyrick/Qwen3.8-27B-Uncensored-HauhauCS-Aggressive-MTP-GGUF:Q4_K_P,ollama,90.4853290,25
1788052920,tinyrick/Qwen3.8-27B-Uncensored-HauhauCS-Aggressive-MTP-GGUF:Q4_K_P,ollama,90.4853290,25
1788052980,tinyrick/Qwen3.8-27B-Uncensored-HauhauCS-Aggressive-MTP-GGUF:Q4_K_P,ollama,90.4853290,25
1788053040,tinyrick/Qwen3.8-27B-Uncensored-HauhauCS-Aggressive-MTP-GGUF:Q4_K_P,ollama,90.4853290,25
1788053100,tinyrick/Qwen3.8-27B-Uncensored-HauhauCS-Aggressive-MTP-GGUF:Q4_K_P,ollama,94.7177889,26
1788053160,tinyrick/Qwen3.8-27B-Uncensored-HauhauCS-Aggressive-MTP-GGUF:Q4_K_P,ollama,94.7177889,26
1788053220,tinyrick/Qwen3.8-27B-Uncensored-HauhauCS-Aggressive-MTP-GGUF:Q4_K_P,ollama,94.7177889,26
1788053280,tinyrick/Qwen3.8-27B-Uncensored-HauhauCS-Aggressive-MTP-GGUF:Q4_K_P,ollama,94.7177889,26
1788053340,tinyrick/Qwen3.8-27B-Uncensored-HauhauCS-Aggressive-MTP-GGUF:Q4_K_P,ollama,94.7177889,26
1788053400,tinyrick/Qwen3.8-27B-Uncensored-HauhauCS-Aggressive-MTP-GGUF:Q4_K_P,ollama,94.7177889,26
1788053460,tinyrick/Qwen3.8-27B-Uncensored-HauhauCS-Aggressive-MTP-GGUF:Q4_K_P,ollama,94.7177889,26
1788053520,tinyrick/Qwen3.8-27B-Uncensored-HauhauCS-Aggressive-MTP-GGUF:Q4_K_P,ollama,94.7177889,26
1788053580,tinyrick/Qwen3.8-27B-Uncensored-HauhauCS-Aggressive-MTP-GGUF:Q4_K_P,ollama,94.7177889,26
1788053640,tinyrick/Qwen3.8-27B-Uncensored-HauhauCS-Aggressive-MTP-GGUF:Q4_K_P,ollama,94.7177889,26
1788053700,tinyrick/Qwen3.8-27B-Uncensored-HauhauCS-Aggressive-MTP-GGUF:Q4_K_P,ollama,94.7177889,26
1788053760,tinyrick/Qwen3.8-27B-Uncensored-HauhauCS-Aggressive-MTP-GGUF:Q4_K_P,ollama,94.7177889,26
1788053820,tinyrick/Qwen3.8-27B-Uncensored-HauhauCS-Aggressive-MTP-GGUF:Q4_K_P,ollama,94.7177889,26
1788053880,tinyrick/Qwen3.8-27B-Uncensored-HauhauCS-Aggressive-MTP-GGUF:Q4_K_P,ollama,98.0412366,27
1788053940,tinyrick/Qwen3.8-27B-Uncensored-HauhauCS-Aggressive-MTP-GGUF:Q4_K_P,ollama,98.0412366,27
1788054000,tinyrick/Qwen3.8-27B-Uncensored-HauhauCS-Aggressive-MTP-GGUF:Q4_K_P,ollama,98.0412366,27
1788054060,tinyrick/Qwen3.8-27B-Uncensored-HauhauCS-Aggressive-MTP-GGUF:Q4_K_P,ollama,98.0412366,27
1788054120,tinyrick/Qwen3.8-27B-Uncensored-HauhauCS-Aggressive-MTP-GGUF:Q4_K_P,ollama,98.0412366,27
1788054180,tinyrick/Qwen3.8-27B-Uncensored-HauhauCS-Aggressive-MTP-GGUF:Q4_K_P,ollama,98.0412366,27
1788054240,tinyrick/Qwen3.8-27B-Uncensored-HauhauCS-Aggressive-MTP-GGUF:Q4_K_P,ollama,98.0412366,27
1788054300,tinyrick/Qwen3.8-27B-Uncensored-HauhauCS-Aggressive-MTP-GGUF:Q4_K_P,ollama,98.0412366,27
1788054360,tinyrick/Qwen3.8-27B-Uncensored-HauhauCS-Aggressive-MTP-GGUF:Q4_K_P,ollama,98.0412366,27
1788054420,tinyrick/Qwen3.8-27B-Uncensored-HauhauCS-Aggressive-MTP-GGUF:Q4_K_P,ollama,98.0412366,27
1788054480,tinyrick/Qwen3.8-27B-Uncensored-HauhauCS-Aggressive-MTP-GGUF:Q4_K_P,ollama,98.0412366,27
1788054540,tinyrick/Qwen3.8-27B-Uncensored-HauhauCS-Aggressive-MTP-GGUF:Q4_K_P,ollama,98.0412366,27
1788054600,tinyrick/Qwen3.8-27B-Uncensored-HauhauCS-Aggressive-MTP-GGUF:Q4_K_P,ollama,98.0412366,27
1788054660,tinyrick/Qwen3.8-27B-Uncensored-HauhauCS-Aggressive-MTP-GGUF:Q4_K_P,ollama,98.0412366,27
1788054720,tinyrick/Qwen3.8-27B-Uncensored-HauhauCS-Aggressive-MTP-GGUF:Q4_K_P,ollama,98.0412366,27
1788054780,tinyrick/Qwen3.8-27B-Uncensored-HauhauCS-Aggressive-MTP-GGUF:Q4_K_P,ollama,98.0412366,27
1788054840,tinyrick/Qwen3.8-27B-Uncensored-HauhauCS-Aggressive-MTP-GGUF:Q4_K_P,ollama,98.0412366,27
1788054900,tinyrick/Qwen3.8-27B-Uncensored-HauhauCS-Aggressive-MTP-GGUF:Q4_K_P,ollama,98.0412366,27
1788054960,tinyrick/Qwen3.8-27B-Uncensored-HauhauCS-Aggressive-MTP-GGUF:Q4_K_P,ollama,98.0412366,27
1788055020,tinyrick/Qwen3.8-27B-Uncensored-HauhauCS-Aggressive-MTP-GGUF:Q4_K_P,ollama,98.0412366,27
1788055080,tinyrick/Qwen3.8-27B-Uncensored-HauhauCS-Aggressive-MTP-GGUF:Q4_K_P,ollama,98.0412366,27
1788055140,tinyrick/Qwen3.8-27B-Uncensored-HauhauCS-Aggressive-MTP-GGUF:Q4_K_P,ollama,98.0412366,27
1788055200,tinyrick/Qwen3.8-27B-Uncensored-HauhauCS-Aggressive-MTP-GGUF:Q4_K_P,ollama,98.0412366,27
1788055260,tinyrick/Qwen3.8-27B-Uncensored-HauhauCS-Aggressive-MTP-GGUF:Q4_K_P,ollama,98.0412366,27
1788055320,tinyrick/Qwen3.8-27B-Uncensored-HauhauCS-Aggressive-MTP-GGUF:Q4_K_P,ollama,98.0412366,27
1788055380,tinyrick/Qwen3.8-27B-Uncensored-HauhauCS-Aggressive-MTP-GGUF:Q4_K_P,ollama,102.2927303,28
1788055440,tinyrick/Qwen3.8-27B-Uncensored-HauhauCS-Aggressive-MTP-GGUF:Q4_K_P,ollama,102.2927303,28
1788055500,tinyrick/Qwen3.8-27B-Uncensored-HauhauCS-Aggressive-MTP-GGUF:Q4_K_P,ollama,102.2927303,28
1788055560,tinyrick/Qwen3.8-27B-Uncensored-HauhauCS-Aggressive-MTP-GGUF:Q4_K_P,ollama,102.2927303,28
1788055620,tinyrick/Qwen3.8-27B-Uncensored-HauhauCS-Aggressive-MTP-GGUF:Q4_K_P,ollama,102.2927303,28
1788055680,tinyrick/Qwen3.8-27B-Uncensored-HauhauCS-Aggressive-MTP-GGUF:Q4_K_P,ollama,102.2927303,28
1788055740,tinyrick/Qwen3.8-27B-Uncensored-HauhauCS-Aggressive-MTP-GGUF:Q4_K_P,ollama,102.2927303,28
1788055800,tinyrick/Qwen3.8-27B-Uncensored-HauhauCS-Aggressive-MTP-GGUF:Q4_K_P,ollama,102.2927303,28
1788055860,tinyrick/Qwen3.8-27B-Uncensored-HauhauCS-Aggressive-MTP-GGUF:Q4_K_P,ollama,102.2927303,28
1788055920,tinyrick/Qwen3.8-27B-Uncensored-HauhauCS-Aggressive-MTP-GGUF:Q4_K_P,ollama,102.2927303,28
1788055980,tinyrick/Qwen3.8-27B-Uncensored-HauhauCS-Aggressive-MTP-GGUF:Q4_K_P,ollama,102.2927303,28
1788056040,tinyrick/Qwen3.8-27B-Uncensored-HauhauCS-Aggressive-MTP-GGUF:Q4_K_P,ollama,102.2927303,28
1788056100,tinyrick/Qwen3.8-27B-Uncensored-HauhauCS-Aggressive-MTP-GGUF:Q4_K_P,ollama,102.2927303,28
1788056160,tinyrick/Qwen3.8-27B-Uncensored-HauhauCS-Aggressive-MTP-GGUF:Q4_K_P,ollama,102.2927303,28
1788056220,tinyrick/Qwen3.8-27B-Uncensored-HauhauCS-Aggressive-MTP-GGUF:Q4_K_P,ollama,102.2927303,28
1788056280,tinyrick/Qwen3.8-27B-Uncensored-HauhauCS-Aggressive-MTP-GGUF:Q4_K_P,ollama,102.2927303,28
1788056340,tinyrick/Qwen3.8-27B-Uncensored-HauhauCS-Aggressive-MTP-GGUF:Q4_K_P,ollama,102.2927303,28
1788056400,tinyrick/Qwen3.8-27B-Uncensored-HauhauCS-Aggressive-MTP-GGUF:Q4_K_P,ollama,102.2927303,28
1788056460,tinyrick/Qwen3.8-27B-Uncensored-HauhauCS-Aggressive-MTP-GGUF:Q4_K_P,ollama,102.2927303,28
1788056520,tinyrick/Qwen3.8-27B-Uncensored-HauhauCS-Aggressive-MTP-GGUF:Q4_K_P,ollama,102.2927303,28
1788056580,tinyrick/Qwen3.8-27B-Uncensored-HauhauCS-Aggressive-MTP-GGUF:Q4_K_P,ollama,102.2927303,28
1788056640,tinyrick/Qwen3.8-27B-Uncensored-HauhauCS-Aggressive-MTP-GGUF:Q4_K_P,ollama,102.2927303,28
1788056700,tinyrick/Qwen3.8-27B-Uncensored-HauhauCS-Aggressive-MTP-GGUF:Q4_K_P,ollama,102.2927303,28
1788056760,tinyrick/Qwen3.8-27B-Uncensored-HauhauCS-Aggressive-MTP-GGUF:Q4_K_P,ollama,102.2927303,28
1788056820,tinyrick/Qwen3.8-27B-Uncensored-HauhauCS-Aggressive-MTP-GGUF:Q4_K_P,ollama,102.2927303,28
1788056880,tinyrick/Qwen3.8-27B-Uncensored-HauhauCS-Aggressive-MTP-GGUF:Q4_K_P,ollama,102.2927303,28
1788056940,tinyrick/Qwen3.8-27B-Uncensored-HauhauCS-Aggressive-MTP-GGUF:Q4_K_P,ollama,102.2927303,28
1788057000,tinyrick/Qwen3.8-27B-Uncensored-HauhauCS-Aggressive-MTP-GGUF:Q4_K_P,ollama,102.2927303,28
1788057060,tinyrick/Qwen3.8-27B-Uncensored-HauhauCS-Aggressive-MTP-GGUF:Q4_K_P,ollama,102.2927303,28
1788057120,tinyrick/Qwen3.8-27B-Uncensored-HauhauCS-Aggressive-MTP-GGUF:Q4_K_P,ollama,102.2927303,28
1788057180,tinyrick/Qwen3.8-27B-Uncensored-HauhauCS-Aggressive-MTP-GGUF:Q4_K_P,ollama,102.2927303,28
1788057240,tinyrick/Qwen3.8-27B-Uncensored-HauhauCS-Aggressive-MTP-GGUF:Q4_K_P,ollama,102.2927303,28
1788057300,tinyrick/Qwen3.8-27B-Uncensored-HauhauCS-Aggressive-MTP-GGUF:Q4_K_P,ollama,102.2927303,28
1788057360,tinyrick/Qwen3.8-27B-Uncensored-HauhauCS-Aggressive-MTP-GGUF:Q4_K_P,ollama,102.2927303,28
1788057420,tinyrick/Qwen3.8-27B-Uncensored-HauhauCS-Aggressive-MTP-GGUF:Q4_K_P,ollama,102.2927303,28
1788057480,tinyrick/Qwen3.8-27B-Uncensored-HauhauCS-Aggressive-MTP-GGUF:Q4_K_P,ollama,102.2927303,28
1788057540,tinyrick/Qwen3.8-27B-Uncensored-HauhauCS-Aggressive-MTP-GGUF:Q4_K_P,ollama,105.3340748,29
1788057600,tinyrick/Qwen3.8-27B-Uncensored-HauhauCS-Aggressive-MTP-GGUF:Q4_K_P,ollama,105.3340748,29
1788057660,tinyrick/Qwen3.8-27B-Uncensored-HauhauCS-Aggressive-MTP-GGUF:Q4_K_P,ollama,105.3340748,29
1788057720,tinyrick/Qwen3.8-27B-Uncensored-HauhauCS-Aggressive-MTP-GGUF:Q4_K_P,ollama,105.3340748,29
1788057780,tinyrick/Qwen3.8-27B-Uncensored-HauhauCS-Aggressive-MTP-GGUF:Q4_K_P,ollama,105.3340748,29
1788057840,tinyrick/Qwen3.8-27B-Uncensored-HauhauCS-Aggressive-MTP-GGUF:Q4_K_P,ollama,105.3340748,29
1788057900,tinyrick/Qwen3.8-27B-Uncensored-HauhauCS-Aggressive-MTP-GGUF:Q4_K_P,ollama,105.3340748,29
1788057960,tinyrick/Qwen3.8-27B-Uncensored-HauhauCS-Aggressive-MTP-GGUF:Q4_K_P,ollama,105.3340748,29
1788058020,tinyrick/Qwen3.8-27B-Uncensored-HauhauCS-Aggressive-MTP-GGUF:Q4_K_P,ollama,105.3340748,29
1788058080,tinyrick/Qwen3.8-27B-Uncensored-HauhauCS-Aggressive-MTP-GGUF:Q4_K_P,ollama,105.3340748,29
1788058140,tinyrick/Qwen3.8-27B-Uncensored-HauhauCS-Aggressive-MTP-GGUF:Q4_K_P,ollama,105.3340748,29
1788058200,tinyrick/Qwen3.8-27B-Uncensored-HauhauCS-Aggressive-MTP-GGUF:Q4_K_P,ollama,105.3340748,29
1788058260,tinyrick/Qwen3.8-27B-Uncensored-HauhauCS-Aggressive-MTP-GGUF:Q4_K_P,ollama,105.3340748,29
1788058320,tinyrick/Qwen3.8-27B-Uncensored-HauhauCS-Aggressive-MTP-GGUF:Q4_K_P,ollama,105.3340748,29
1788058380,tinyrick/Qwen3.8-27B-Uncensored-HauhauCS-Aggressive-MTP-GGUF:Q4_K_P,ollama,105.3340748,29
1788058440,tinyrick/Qwen3.8-27B-Uncensored-HauhauCS-Aggressive-MTP-GGUF:Q4_K_P,ollama,105.3340748,29
1788058500,tinyrick/Qwen3.8-27B-Uncensored-HauhauCS-Aggressive-MTP-GGUF:Q4_K_P,ollama,107.3357113,30
1788058560,tinyrick/Qwen3.8-27B-Uncensored-HauhauCS-Aggressive-MTP-GGUF:Q4_K_P,ollama,107.3357113,30
1788058620,tinyrick/Qwen3.8-27B-Uncensored-HauhauCS-Aggressive-MTP-GGUF:Q4_K_P,ollama,107.3357113,30
1788058680,tinyrick/Qwen3.8-27B-Uncensored-HauhauCS-Aggressive-MTP-GGUF:Q4_K_P,ollama,107.3357113,30
1788058740,tinyrick/Qwen3.8-27B-Uncensored-HauhauCS-Aggressive-MTP-GGUF:Q4_K_P,ollama,107.3357113,30
1788058800,tinyrick/Qwen3.8-27B-Uncensored-HauhauCS-Aggressive-MTP-GGUF:Q4_K_P,ollama,107.3357113,30
1788058860,tinyrick/Qwen3.8-27B-Uncensored-HauhauCS-Aggressive-MTP-GGUF:Q4_K_P,ollama,107.3357113,30
1788058920,tinyrick/Qwen3.8-27B-Uncensored-HauhauCS-Aggressive-MTP-GGUF:Q4_K_P,ollama,107.3357113,30
1788058980,tinyrick/Qwen3.8-27B-Uncensored-HauhauCS-Aggressive-MTP-GGUF:Q4_K_P,ollama,113.3178873,31
1788059040,tinyrick/Qwen3.8-27B-Uncensored-HauhauCS-Aggressive-MTP-GGUF:Q4_K_P,ollama,113.3178873,31
1788059100,tinyrick/Qwen3.8-27B-Uncensored-HauhauCS-Aggressive-MTP-GGUF:Q4_K_P,ollama,113.3178873,31
1788059160,tinyrick/Qwen3.8-27B-Uncensored-HauhauCS-Aggressive-MTP-GGUF:Q4_K_P,ollama,113.3178873,31
1788059220,tinyrick/Qwen3.8-27B-Uncensored-HauhauCS-Aggressive-MTP-GGUF:Q4_K_P,ollama,113.3178873,31
1788059280,tinyrick/Qwen3.8-27B-Uncensored-HauhauCS-Aggressive-MTP-GGUF:Q4_K_P,ollama,113.3178873,31
1788059340,tinyrick/Qwen3.8-27B-Uncensored-HauhauCS-Aggressive-MTP-GGUF:Q4_K_P,ollama,113.3178873,31
1788059400,tinyrick/Qwen3.8-27B-Uncensored-HauhauCS-Aggressive-MTP-GGUF:Q4_K_P,ollama,113.3178873,31
1788059460,tinyrick/Qwen3.8-27B-Uncensored-HauhauCS-Aggressive-MTP-GGUF:Q4_K_P,ollama,113.3178873,31
1788059520,tinyrick/Qwen3.8-27B-Uncensored-HauhauCS-Aggressive-MTP-GGUF:Q4_K_P,ollama,113.3178873,31
1788059580,tinyrick/Qwen3.8-27B-Uncensored-HauhauCS-Aggressive-MTP-GGUF:Q4_K_P,ollama,113.3178873,31
1788059640,tinyrick/Qwen3.8-27B-Uncensored-HauhauCS-Aggressive-MTP-GGUF:Q4_K_P,ollama,113.3178873,31
1788059700,tinyrick/Qwen3.8-27B-Uncensored-HauhauCS-Aggressive-MTP-GGUF:Q4_K_P,ollama,113.3178873,31
1788059760,tinyrick/Qwen3.8-27B-Uncensored-HauhauCS-Aggressive-MTP-GGUF:Q4_K_P,ollama,113.3178873,31
1788059820,tinyrick/Qwen3.8-27B-Uncensored-HauhauCS-Aggressive-MTP-GGUF:Q4_K_P,ollama,113.3178873,31
1788059880,tinyrick/Qwen3.8-27B-Uncensored-HauhauCS-Aggressive-MTP-GGUF:Q4_K_P,ollama,113.3178873,31
1788059940,tinyrick/Qwen3.8-27B-Uncensored-HauhauCS-Aggressive-MTP-GGUF:Q4_K_P,ollama,113.3178873,31
1788060000,tinyrick/Qwen3.8-27B-Uncensored-HauhauCS-Aggressive-MTP-GGUF:Q4_K_P,ollama,113.3178873,31
1788060060,tinyrick/Qwen3.8-27B-Uncensored-HauhauCS-Aggressive-MTP-GGUF:Q4_K_P,ollama,113.3178873,31
1788060120,tinyrick/Qwen3.8-27B-Uncensored-HauhauCS-Aggressive-MTP-GGUF:Q4_K_P,ollama,113.3178873,31
1788060180,tinyrick/Qwen3.8-27B-Uncensored-HauhauCS-Aggressive-MTP-GGUF:Q4_K_P,ollama,113.3178873,31
1788060240,tinyrick/Qwen3.8-27B-Uncensored-HauhauCS-Aggressive-MTP-GGUF:Q4_K_P,ollama,113.3178873,31
1788060300,tinyrick/Qwen3.8-27B-Uncensored-HauhauCS-Aggressive-MTP-GGUF:Q4_K_P,ollama,113.3178873,31
1788060360,tinyrick/Qwen3.8-27B-Uncensored-HauhauCS-Aggressive-MTP-GGUF:Q4_K_P,ollama,113.3178873,31
1788060420,tinyrick/Qwen3.8-27B-Uncensored-HauhauCS-Aggressive-MTP-GGUF:Q4_K_P,ollama,113.3178873,31
1788060480,tinyrick/Qwen3.8-27B-Uncensored-HauhauCS-Aggressive-MTP-GGUF:Q4_K_P,ollama,113.3178873,31
1788060540,tinyrick/Qwen3.8-27B-Uncensored-HauhauCS-Aggressive-MTP-GGUF:Q4_K_P,ollama,113.3178873,31
1788060600,tinyrick/Qwen3.8-27B-Uncensored-HauhauCS-Aggressive-MTP-GGUF:Q4_K_P,ollama,113.3178873,31
1788060660,tinyrick/Qwen3.8-27B-Uncensored-HauhauCS-Aggressive-MTP-GGUF:Q4_K_P,ollama,113.3178873,31
1788060720,tinyrick/Qwen3.8-27B-Uncensored-HauhauCS-Aggressive-MTP-GGUF:Q4_K_P,ollama,113.3178873,31
1788060780,tinyrick/Qwen3.8-27B-Uncensored-HauhauCS-Aggressive-MTP-GGUF:Q4_K_P,ollama,113.3178873,31
1788060840,tinyrick/Qwen3.8-27B-Uncensored-HauhauCS-Aggressive-MTP-GGUF:Q4_K_P,ollama,113.3178873,31
1788060900,tinyrick/Qwen3.8-27B-Uncensored-HauhauCS-Aggressive-MTP-GGUF:Q4_K_P,ollama,113.3178873,31
1788060960,tinyrick/Qwen3.8-27B-Uncensored-HauhauCS-Aggressive-MTP-GGUF:Q4_K_P,ollama,113.3178873,31
1788061020,tinyrick/Qwen3.8-27B-Uncensored-HauhauCS-Aggressive-MTP-GGUF:Q4_K_P,ollama,113.3178873,31
1788061080,tinyrick/Qwen3.8-27B-Uncensored-HauhauCS-Aggressive-MTP-GGUF:Q4_K_P,ollama,113.3178873,31
1788061140,tinyrick/Qwen3.8-27B-Uncensored-HauhauCS-Aggressive-MTP-GGUF:Q4_K_P,ollama,113.3178873,31
1788061200,tinyrick/Qwen3.8-27B-Uncensored-HauhauCS-Aggressive-MTP-GGUF:Q4_K_P,ollama,113.3178873,31
1788061260,tinyrick/Qwen3.8-27B-Uncensored-HauhauCS-Aggressive-MTP-GGUF:Q4_K_P,ollama,113.3178873,31
1788061320,tinyrick/Qwen3.8-27B-Uncensored-HauhauCS-Aggressive-MTP-GGUF:Q4_K_P,ollama,114.0961911,32
1788061380,tinyrick/Qwen3.8-27B-Uncensored-HauhauCS-Aggressive-MTP-GGUF:Q4_K_P,ollama,114.0961911,32
1788061440,tinyrick/Qwen3.8-27B-Uncensored-HauhauCS-Aggressive-MTP-GGUF:Q4_K_P,ollama,114.0961911,32
1788061500,tinyrick/Qwen3.8-27B-Uncensored-HauhauCS-Aggressive-MTP-GGUF:Q4_K_P,ollama,114.0961911,32
1788061560,tinyrick/Qwen3.8-27B-Uncensored-HauhauCS-Aggressive-MTP-GGUF:Q4_K_P,ollama,114.0961911,32
1788061620,tinyrick/Qwen3.8-27B-Uncensored-HauhauCS-Aggressive-MTP-GGUF:Q4_K_P,ollama,114.0961911,32
1788061680,tinyrick/Qwen3.8-27B-Uncensored-HauhauCS-Aggressive-MTP-GGUF:Q4_K_P,ollama,114.0961911,32
1788061740,tinyrick/Qwen3.8-27B-Uncensored-HauhauCS-Aggressive-MTP-GGUF:Q4_K_P,ollama,114.0961911,32
1788061800,tinyrick/Qwen3.8-27B-Uncensored-HauhauCS-Aggressive-MTP-GGUF:Q4_K_P,ollama,116.1050128,33
1788061860,tinyrick/Qwen3.8-27B-Uncensored-HauhauCS-Aggressive-MTP-GGUF:Q4_K_P,ollama,116.1050128,33
1788061920,tinyrick/Qwen3.8-27B-Uncensored-HauhauCS-Aggressive-MTP-GGUF:Q4_K_P,ollama,116.1050128,33
1788061980,tinyrick/Qwen3.8-27B-Uncensored-HauhauCS-Aggressive-MTP-GGUF:Q4_K_P,ollama,116.1050128,33
1788062040,tinyrick/Qwen3.8-27B-Uncensored-HauhauCS-Aggressive-MTP-GGUF:Q4_K_P,ollama,116.1050128,33
1788062100,tinyrick/Qwen3.8-27B-Uncensored-HauhauCS-Aggressive-MTP-GGUF:Q4_K_P,ollama,116.1050128,33
1788062160,tinyrick/Qwen3.8-27B-Uncensored-HauhauCS-Aggressive-MTP-GGUF:Q4_K_P,ollama,116.1050128,33
1788062220,tinyrick/Qwen3.8-27B-Uncensored-HauhauCS-Aggressive-MTP-GGUF:Q4_K_P,ollama,116.1050128,33
1788062280,tinyrick/Qwen3.8-27B-Uncensored-HauhauCS-Aggressive-MTP-GGUF:Q4_K_P,ollama,116.1050128,33
1788062340,tinyrick/Qwen3.8-27B-Uncensored-HauhauCS-Aggressive-MTP-GGUF:Q4_K_P,ollama,116.1050128,33
1788062400,tinyrick/Qwen3.8-27B-Uncensored-HauhauCS-Aggressive-MTP-GGUF:Q4_K_P,ollama,116.1050128,33
1788062460,tinyrick/Qwen3.8-27B-Uncensored-HauhauCS-Aggressive-MTP-GGUF:Q4_K_P,ollama,116.1050128,33
1788062520,tinyrick/Qwen3.8-27B-Uncensored-HauhauCS-Aggressive-MTP-GGUF:Q4_K_P,ollama,116.1050128,33
1788062580,tinyrick/Qwen3.8-27B-Uncensored-HauhauCS-Aggressive-MTP-GGUF:Q4_K_P,ollama,116.1050128,33
1788062640,tinyrick/Qwen3.8-27B-Uncensored-HauhauCS-Aggressive-MTP-GGUF:Q4_K_P,ollama,116.1050128,33
1788062700,tinyrick/Qwen3.8-27B-Uncensored-HauhauCS-Aggressive-MTP-GGUF:Q4_K_P,ollama,116.1050128,33
1788062760,tinyrick/Qwen3.8-27B-Uncensored-HauhauCS-Aggressive-MTP-GGUF:Q4_K_P,ollama,116.1050128,33
1788062820,tinyrick/Qwen3.8-27B-Uncensored-HauhauCS-Aggressive-MTP-GGUF:Q4_K_P,ollama,116.1050128,33
1788062880,tinyrick/Qwen3.8-27B-Uncensored-HauhauCS-Aggressive-MTP-GGUF:Q4_K_P,ollama,116.1050128,33
1788062940,tinyrick/Qwen3.8-27B-Uncensored-HauhauCS-Aggressive-MTP-GGUF:Q4_K_P,ollama,116.1050128,33
1788063000,tinyrick/Qwen3.8-27B-Uncensored-HauhauCS-Aggressive-MTP-GGUF:Q4_K_P,ollama,116.1050128,33
1788063060,tinyrick/Qwen3.8-27B-Uncensored-HauhauCS-Aggressive-MTP-GGUF:Q4_K_P,ollama,116.1050128,33
1788063120,tinyrick/Qwen3.8-27B-Uncensored-HauhauCS-Aggressive-MTP-GGUF:Q4_K_P,ollama,116.1050128,33
1788063180,tinyrick/Qwen3.8-27B-Uncensored-HauhauCS-Aggressive-MTP-GGUF:Q4_K_P,ollama,116.1050128,33
1788063240,tinyrick/Qwen3.8-27B-Uncensored-HauhauCS-Aggressive-MTP-GGUF:Q4_K_P,ollama,116.1050128,33
1788063300,tinyrick/Qwen3.8-27B-Uncensored-HauhauCS-Aggressive-MTP-GGUF:Q4_K_P,ollama,116.1050128,33
1788063360,tinyrick/Qwen3.8-27B-Uncensored-HauhauCS-Aggressive-MTP-GGUF:Q4_K_P,ollama,121.2538721,34
1788063420,tinyrick/Qwen3.8-27B-Uncensored-HauhauCS-Aggressive-MTP-GGUF:Q4_K_P,ollama,121.2538721,34
1788063480,tinyrick/Qwen3.8-27B-Uncensored-HauhauCS-Aggressive-MTP-GGUF:Q4_K_P,ollama,121.2538721,34
1788063540,tinyrick/Qwen3.8-27B-Uncensored-HauhauCS-Aggressive-MTP-GGUF:Q4_K_P,ollama,121.2538721,34
1788063600,tinyrick/Qwen3.8-27B-Uncensored-HauhauCS-Aggressive-MTP-GGUF:Q4_K_P,ollama,121.2538721,34
1788063660,tinyrick/Qwen3.8-27B-Uncensored-HauhauCS-Aggressive-MTP-GGUF:Q4_K_P,ollama,121.2538721,34
1788063720,tinyrick/Qwen3.8-27B-Uncensored-HauhauCS-Aggressive-MTP-GGUF:Q4_K_P,ollama,121.2538721,34
1788063780,tinyrick/Qwen3.8-27B-Uncensored-HauhauCS-Aggressive-MTP-GGUF:Q4_K_P,ollama,121.2538721,34
1788063840,tinyrick/Qwen3.8-27B-Uncensored-HauhauCS-Aggressive-MTP-GGUF:Q4_K_P,ollama,121.2538721,34
1788063900,tinyrick/Qwen3.8-27B-Uncensored-HauhauCS-Aggressive-MTP-GGUF:Q4_K_P,ollama,121.2538721,34
1788063960,tinyrick/Qwen3.8-27B-Uncensored-HauhauCS-Aggressive-MTP-GGUF:Q4_K_P,ollama,121.2538721,34
1788064020,tinyrick/Qwen3.8-27B-Uncensored-HauhauCS-Aggressive-MTP-GGUF:Q4_K_P,ollama,121.2538721,34
1788064080,tinyrick/Qwen3.8-27B-Uncensored-HauhauCS-Aggressive-MTP-GGUF:Q4_K_P,ollama,121.2538721,34
1788064140,tinyrick/Qwen3.8-27B-Uncensored-HauhauCS-Aggressive-MTP-GGUF:Q4_K_P,ollama,121.2538721,34
1788064200,tinyrick/Qwen3.8-27B-Uncensored-HauhauCS-Aggressive-MTP-GGUF:Q4_K_P,ollama,121.2538721,34
1788064260,tinyrick/Qwen3.8-27B-Uncensored-HauhauCS-Aggressive-MTP-GGUF:Q4_K_P,ollama,121.2538721,34
1788064320,tinyrick/Qwen3.8-27B-Uncensored-HauhauCS-Aggressive-MTP-GGUF:Q4_K_P,ollama,121.2538721,34
1788064380,tinyrick/Qwen3.8-27B-Uncensored-HauhauCS-Aggressive-MTP-GGUF:Q4_K_P,ollama,121.2538721,34
1788064440,tinyrick/Qwen3.8-27B-Uncensored-HauhauCS-Aggressive-MTP-GGUF:Q4_K_P,ollama,121.2538721,34
1788064500,tinyrick/Qwen3.8-27B-Uncensored-HauhauCS-Aggressive-MTP-GGUF:Q4_K_P,ollama,121.2538721,34
1788064560,tinyrick/Qwen3.8-27B-Uncensored-HauhauCS-Aggressive-MTP-GGUF:Q4_K_P,ollama,121.2538721,34
1788064620,tinyrick/Qwen3.8-27B-Uncensored-HauhauCS-Aggressive-MTP-GGUF:Q4_K_P,ollama,121.2538721,34
1788064680,tinyrick/Qwen3.8-27B-Uncensored-HauhauCS-Aggressive-MTP-GGUF:Q4_K_P,ollama,121.2538721,34
1788064740,tinyrick/Qwen3.8-27B-Uncensored-HauhauCS-Aggressive-MTP-GGUF:Q4_K_P,ollama,121.2538721,34
1788064800,tinyrick/Qwen3.8-27B-Uncensored-HauhauCS-Aggressive-MTP-GGUF:Q4_K_P,ollama,123.7786689,35
1788064860,tinyrick/Qwen3.8-27B-Uncensored-HauhauCS-Aggressive-MTP-GGUF:Q4_K_P,ollama,123.7786689,35
1788064920,tinyrick/Qwen3.8-27B-Uncensored-HauhauCS-Aggressive-MTP-GGUF:Q4_K_P,ollama,123.7786689,35
1788064980,tinyrick/Qwen3.8-27B-Uncensored-HauhauCS-Aggressive-MTP-GGUF:Q4_K_P,ollama,123.7786689,35
1788065040,tinyrick/Qwen3.8-27B-Uncensored-HauhauCS-Aggressive-MTP-GGUF:Q4_K_P,ollama,123.7786689,35
1788065100,tinyrick/Qwen3.8-27B-Uncensored-HauhauCS-Aggressive-MTP-GGUF:Q4_K_P,ollama,123.7786689,35
1788065160,tinyrick/Qwen3.8-27B-Uncensored-HauhauCS-Aggressive-MTP-GGUF:Q4_K_P,ollama,123.7786689,35
1788065220,tinyrick/Qwen3.8-27B-Uncensored-HauhauCS-Aggressive-MTP-GGUF:Q4_K_P,ollama,123.7786689,35
1788065280,tinyrick/Qwen3.8-27B-Uncensored-HauhauCS-Aggressive-MTP-GGUF:Q4_K_P,ollama,123.7786689,35
1788065340,tinyrick/Qwen3.8-27B-Uncensored-HauhauCS-Aggressive-MTP-GGUF:Q4_K_P,ollama,123.7786689,35
1788065400,tinyrick/Qwen3.8-27B-Uncensored-HauhauCS-Aggressive-MTP-GGUF:Q4_K_P,ollama,123.7786689,35
1788065460,tinyrick/Qwen3.8-27B-Uncensored-HauhauCS-Aggressive-MTP-GGUF:Q4_K_P,ollama,123.7786689,35
1788065520,tinyrick/Qwen3.8-27B-Uncensored-HauhauCS-Aggressive-MTP-GGUF:Q4_K_P,ollama,123.7786689,35
1788065580,tinyrick/Qwen3.8-27B-Uncensored-HauhauCS-Aggressive-MTP-GGUF:Q4_K_P,ollama,123.7786689,35
1788065640,tinyrick/Qwen3.8-27B-Uncensored-HauhauCS-Aggressive-MTP-GGUF:Q4_K_P,ollama,123.7786689,35
1788065700,tinyrick/Qwen3.8-27B-Uncensored-HauhauCS-Aggressive-MTP-GGUF:Q4_K_P,ollama,123.7786689,35
1788065760,tinyrick/Qwen3.8-27B-Uncensored-HauhauCS-Aggressive-MTP-GGUF:Q4_K_P,ollama,123.7786689,35
1788065820,tinyrick/Qwen3.8-27B-Uncensored-HauhauCS-Aggressive-MTP-GGUF:Q4_K_P,ollama,123.7786689,35
1788065880,tinyrick/Qwen3.8-27B-Uncensored-HauhauCS-Aggressive-MTP-GGUF:Q4_K_P,ollama,123.7786689,35
1788065940,tinyrick/Qwen3.8-27B-Uncensored-HauhauCS-Aggressive-MTP-GGUF:Q4_K_P,ollama,123.7786689,35
1788066000,tinyrick/Qwen3.8-27B-Uncensored-HauhauCS-Aggressive-MTP-GGUF:Q4_K_P,ollama,123.7786689,35
1788066060,tinyrick/Qwen3.8-27B-Uncensored-HauhauCS-Aggressive-MTP-GGUF:Q4_K_P,ollama,123.7786689,35
1788066120,tinyrick/Qwen3.8-27B-Uncensored-HauhauCS-Aggressive-MTP-GGUF:Q4_K_P,ollama,123.7786689,35
1788066180,tinyrick/Qwen3.8-27B-Uncensored-HauhauCS-Aggressive-MTP-GGUF:Q4_K_P,ollama,123.7786689,35
1788066240,tinyrick/Qwen3.8-27B-Uncensored-HauhauCS-Aggressive-MTP-GGUF:Q4_K_P,ollama,123.7786689,35
1788066300,tinyrick/Qwen3.8-27B-Uncensored-HauhauCS-Aggressive-MTP-GGUF:Q4_K_P,ollama,123.7786689,35
1788066360,tinyrick/Qwen3.8-27B-Uncensored-HauhauCS-Aggressive-MTP-GGUF:Q4_K_P,ollama,123.7786689,35
1788066420,tinyrick/Qwen3.8-27B-Uncensored-HauhauCS-Aggressive-MTP-GGUF:Q4_K_P,ollama,123.7786689,35
1788066480,tinyrick/Qwen3.8-27B-Uncensored-HauhauCS-Aggressive-MTP-GGUF:Q4_K_P,ollama,124.9317104,36
1788066540,tinyrick/Qwen3.8-27B-Uncensored-HauhauCS-Aggressive-MTP-GGUF:Q4_K_P,ollama,124.9317104,36
1788066600,tinyrick/Qwen3.8-27B-Uncensored-HauhauCS-Aggressive-MTP-GGUF:Q4_K_P,ollama,124.9317104,36
1788066660,tinyrick/Qwen3.8-27B-Uncensored-HauhauCS-Aggressive-MTP-GGUF:Q4_K_P,ollama,124.9317104,36
1788066720,tinyrick/Qwen3.8-27B-Uncensored-HauhauCS-Aggressive-MTP-GGUF:Q4_K_P,ollama,124.9317104,36
1788066780,tinyrick/Qwen3.8-27B-Uncensored-HauhauCS-Aggressive-MTP-GGUF:Q4_K_P,ollama,124.9317104,36
1788066840,tinyrick/Qwen3.8-27B-Uncensored-HauhauCS-Aggressive-MTP-GGUF:Q4_K_P,ollama,124.9317104,36
1788066900,tinyrick/Qwen3.8-27B-Uncensored-HauhauCS-Aggressive-MTP-GGUF:Q4_K_P,ollama,124.9317104,36
1788066960,tinyrick/Qwen3.8-27B-Uncensored-HauhauCS-Aggressive-MTP-GGUF:Q4_K_P,ollama,124.9317104,36
1788067020,tinyrick/Qwen3.8-27B-Uncensored-HauhauCS-Aggressive-MTP-GGUF:Q4_K_P,ollama,124.9317104,36
1788067080,tinyrick/Qwen3.8-27B-Uncensored-HauhauCS-Aggressive-MTP-GGUF:Q4_K_P,ollama,124.9317104,36
1788067140,tinyrick/Qwen3.8-27B-Uncensored-HauhauCS-Aggressive-MTP-GGUF:Q4_K_P,ollama,124.9317104,36
1788067200,tinyrick/Qwen3.8-27B-Uncensored-HauhauCS-Aggressive-MTP-GGUF:Q4_K_P,ollama,124.9317104,36
1788067260,tinyrick/Qwen3.8-27B-Uncensored-HauhauCS-Aggressive-MTP-GGUF:Q4_K_P,ollama,124.9317104,36
1788067320,tinyrick/Qwen3.8-27B-Uncensored-HauhauCS-Aggressive-MTP-GGUF:Q4_K_P,ollama,124.9317104,36
1788067380,tinyrick/Qwen3.8-27B-Uncensored-HauhauCS-Aggressive-MTP-GGUF:Q4_K_P,ollama,124.9317104,36
1788067440,tinyrick/Qwen3.8-27B-Uncensored-HauhauCS-Aggressive-MTP-GGUF:Q4_K_P,ollama,124.9317104,36
1788067500,tinyrick/Qwen3.8-27B-Uncensored-HauhauCS-Aggressive-MTP-GGUF:Q4_K_P,ollama,124.9317104,36
1788067560,tinyrick/Qwen3.8-27B-Uncensored-HauhauCS-Aggressive-MTP-GGUF:Q4_K_P,ollama,124.9317104,36
1788067620,tinyrick/Qwen3.8-27B-Uncensored-HauhauCS-Aggressive-MTP-GGUF:Q4_K_P,ollama,124.9317104,36
1788067680,tinyrick/Qwen3.8-27B-Uncensored-HauhauCS-Aggressive-MTP-GGUF:Q4_K_P,ollama,124.9317104,36
1788067740,tinyrick/Qwen3.8-27B-Uncensored-HauhauCS-Aggressive-MTP-GGUF:Q4_K_P,ollama,124.9317104,36
1788067800,tinyrick/Qwen3.8-27B-Uncensored-HauhauCS-Aggressive-MTP-GGUF:Q4_K_P,ollama,124.9317104,36
1788067860,tinyrick/Qwen3.8-27B-Uncensored-HauhauCS-Aggressive-MTP-GGUF:Q4_K_P,ollama,124.9317104,36
1788067920,tinyrick/Qwen3.8-27B-Uncensored-HauhauCS-Aggressive-MTP-GGUF:Q4_K_P,ollama,124.9317104,36
1788067980,tinyrick/Qwen3.8-27B-Uncensored-HauhauCS-Aggressive-MTP-GGUF:Q4_K_P,ollama,124.9317104,36
1788068040,tinyrick/Qwen3.8-27B-Uncensored-HauhauCS-Aggressive-MTP-GGUF:Q4_K_P,ollama,124.9317104,36
1788068100,tinyrick/Qwen3.8-27B-Uncensored-HauhauCS-Aggressive-MTP-GGUF:Q4_K_P,ollama,124.9317104,36
1788068160,tinyrick/Qwen3.8-27B-Uncensored-HauhauCS-Aggressive-MTP-GGUF:Q4_K_P,ollama,124.9317104,36
1788068220,tinyrick/Qwen3.8-27B-Uncensored-HauhauCS-Aggressive-MTP-GGUF:Q4_K_P,ollama,124.9317104,36
1788068280,tinyrick/Qwen3.8-27B-Uncensored-HauhauCS-Aggressive-MTP-GGUF:Q4_K_P,ollama,124.9317104,36
1788068340,tinyrick/Qwen3.8-27B-Uncensored-HauhauCS-Aggressive-MTP-GGUF:Q4_K_P,ollama,124.9317104,36
1788068400,tinyrick/Qwen3.8-27B-Uncensored-HauhauCS-Aggressive-MTP-GGUF:Q4_K_P,ollama,124.9317104,36
1788068460,tinyrick/Qwen3.8-27B-Uncensored-HauhauCS-Aggressive-MTP-GGUF:Q4_K_P,ollama,124.9317104,36
1788068520,tinyrick/Qwen3.8-27B-Uncensored-HauhauCS-Aggressive-MTP-GGUF:Q4_K_P,ollama,124.9317104,36
1788068580,tinyrick/Qwen3.8-27B-Uncensored-HauhauCS-Aggressive-MTP-GGUF:Q4_K_P,ollama,124.9317104,36
1788068640,tinyrick/Qwen3.8-27B-Uncensored-HauhauCS-Aggressive-MTP-GGUF:Q4_K_P,ollama,124.9317104,36
1788068700,tinyrick/Qwen3.8-27B-Uncensored-HauhauCS-Aggressive-MTP-GGUF:Q4_K_P,ollama,124.9317104,36
1788068760,tinyrick/Qwen3.8-27B-Uncensored-HauhauCS-Aggressive-MTP-GGUF:Q4_K_P,ollama,124.9317104,36
1788068820,tinyrick/Qwen3.8-27B-Uncensored-HauhauCS-Aggressive-MTP-GGUF:Q4_K_P,ollama,124.9317104,36
1788068880,tinyrick/Qwen3.8-27B-Uncensored-HauhauCS-Aggressive-MTP-GGUF:Q4_K_P,ollama,124.9317104,36
1788068940,tinyrick/Qwen3.8-27B-Uncensored-HauhauCS-Aggressive-MTP-GGUF:Q4_K_P,ollama,124.9317104,36
1788069000,tinyrick/Qwen3.8-27B-Uncensored-HauhauCS-Aggressive-MTP-GGUF:Q4_K_P,ollama,124.9317104,36
1788069060,tinyrick/Qwen3.8-27B-Uncensored-HauhauCS-Aggressive-MTP-GGUF:Q4_K_P,ollama,124.9317104,36
1788069120,tinyrick/Qwen3.8-27B-Uncensored-HauhauCS-Aggressive-MTP-GGUF:Q4_K_P,ollama,124.9317104,36
1788069180,tinyrick/Qwen3.8-27B-Uncensored-HauhauCS-Aggressive-MTP-GGUF:Q4_K_P,ollama,124.9317104,36
1788069240,tinyrick/Qwen3.8-27B-Uncensored-HauhauCS-Aggressive-MTP-GGUF:Q4_K_P,ollama,124.9317104,36
1788069300,tinyrick/Qwen3.8-27B-Uncensored-HauhauCS-Aggressive-MTP-GGUF:Q4_K_P,ollama,124.9317104,36
1788069360,tinyrick/Qwen3.8-27B-Uncensored-HauhauCS-Aggressive-MTP-GGUF:Q4_K_P,ollama,124.9317104,36
1788069420,tinyrick/Qwen3.8-27B-Uncensored-HauhauCS-Aggressive-MTP-GGUF:Q4_K_P,ollama,124.9317104,36
1788069480,tinyrick/Qwen3.8-27B-Uncensored-HauhauCS-Aggressive-MTP-GGUF:Q4_K_P,ollama,124.9317104,36
1788069540,tinyrick/Qwen3.8-27B-Uncensored-HauhauCS-Aggressive-MTP-GGUF:Q4_K_P,ollama,124.9317104,36
1788069600,tinyrick/Qwen3.8-27B-Uncensored-HauhauCS-Aggressive-MTP-GGUF:Q4_K_P,ollama,124.9317104,36
1788069660,tinyrick/Qwen3.8-27B-Uncensored-HauhauCS-Aggressive-MTP-GGUF:Q4_K_P,ollama,124.9317104,36
1788069720,tinyrick/Qwen3.8-27B-Uncensored-HauhauCS-Aggressive-MTP-GGUF:Q4_K_P,ollama,124.9317104,36
1788069780,tinyrick/Qwen3.8-27B-Uncensored-HauhauCS-Aggressive-MTP-GGUF:Q4_K_P,ollama,124.9317104,36
1788069840,tinyrick/Qwen3.8-27B-Uncensored-HauhauCS-Aggressive-MTP-GGUF:Q4_K_P,ollama,124.9317104,36
1788069900,tinyrick/Qwen3.8-27B-Uncensored-HauhauCS-Aggressive-MTP-GGUF:Q4_K_P,ollama,124.9317104,36
1788069960,tinyrick/Qwen3.8-27B-Uncensored-HauhauCS-Aggressive-MTP-GGUF:Q4_K_P,ollama,124.9317104,36
1788070020,tinyrick/Qwen3.8-27B-Uncensored-HauhauCS-Aggressive-MTP-GGUF:Q4_K_P,ollama,124.9317104,36
1788070080,tinyrick/Qwen3.8-27B-Uncensored-HauhauCS-Aggressive-MTP-GGUF:Q4_K_P,ollama,124.9317104,36
1788070140,tinyrick/Qwen3.8-27B-Uncensored-HauhauCS-Aggressive-MTP-GGUF:Q4_K_P,ollama,124.9317104,36
1788070200,tinyrick/Qwen3.8-27B-Uncensored-HauhauCS-Aggressive-MTP-GGUF:Q4_K_P,ollama,124.9317104,36
1788070260,tinyrick/Qwen3.8-27B-Uncensored-HauhauCS-Aggressive-MTP-GGUF:Q4_K_P,ollama,124.9317104,36
1788070320,tinyrick/Qwen3.8-27B-Uncensored-HauhauCS-Aggressive-MTP-GGUF:Q4_K_P,ollama,124.9317104,36
1788070380,tinyrick/Qwen3.8-27B-Uncensored-HauhauCS-Aggressive-MTP-GGUF:Q4_K_P,ollama,124.9317104,36
1788070440,tinyrick/Qwen3.8-27B-Uncensored-HauhauCS-Aggressive-MTP-GGUF:Q4_K_P,ollama,124.9317104,36
1788070500,tinyrick/Qwen3.8-27B-Uncensored-HauhauCS-Aggressive-MTP-GGUF:Q4_K_P,ollama,124.9317104,36
1788070560,tinyrick/Qwen3.8-27B-Uncensored-HauhauCS-Aggressive-MTP-GGUF:Q4_K_P,ollama,124.9317104,36
1788070620,tinyrick/Qwen3.8-27B-Uncensored-HauhauCS-Aggressive-MTP-GGUF:Q4_K_P,ollama,124.9317104,36
1788070680,tinyrick/Qwen3.8-27B-Uncensored-HauhauCS-Aggressive-MTP-GGUF:Q4_K_P,ollama,124.9317104,36
1788070740,tinyrick/Qwen3.8-27B-Uncensored-HauhauCS-Aggressive-MTP-GGUF:Q4_K_P,ollama,124.9317104,36
1788070800,tinyrick/Qwen3.8-27B-Uncensored-HauhauCS-Aggressive-MTP-GGUF:Q4_K_P,ollama,124.9317104,36
1788070860,tinyrick/Qwen3.8-27B-Uncensored-HauhauCS-Aggressive-MTP-GGUF:Q4_K_P,ollama,124.9317104,36
1788070920,tinyrick/Qwen3.8-27B-Uncensored-HauhauCS-Aggressive-MTP-GGUF:Q4_K_P,ollama,124.9317104,36
1788070980,tinyrick/Qwen3.8-27B-Uncensored-HauhauCS-Aggressive-MTP-GGUF:Q4_K_P,ollama,124.9317104,36
1788071040,tinyrick/Qwen3.8-27B-Uncensored-HauhauCS-Aggressive-MTP-GGUF:Q4_K_P,ollama,124.9317104,36
1788071100,tinyrick/Qwen3.8-27B-Uncensored-HauhauCS-Aggressive-MTP-GGUF:Q4_K_P,ollama,124.9317104,36
1788071160,tinyrick/Qwen3.8-27B-Uncensored-HauhauCS-Aggressive-MTP-GGUF:Q4_K_P,ollama,124.9317104,36
1788071220,tinyrick/Qwen3.8-27B-Uncensored-HauhauCS-Aggressive-MTP-GGUF:Q4_K_P,ollama,124.9317104,36
1788071280,tinyrick/Qwen3.8-27B-Uncensored-HauhauCS-Aggressive-MTP-GGUF:Q4_K_P,ollama,124.9317104,36
1788071340,tinyrick/Qwen3.8-27B-Uncensored-HauhauCS-Aggressive-MTP-GGUF:Q4_K_P,ollama,124.9317104,36
1788071400,tinyrick/Qwen3.8-27B-Uncensored-HauhauCS-Aggressive-MTP-GGUF:Q4_K_P,ollama,124.9317104,36
1788071460,tinyrick/Qwen3.8-27B-Uncensored-HauhauCS-Aggressive-MTP-GGUF:Q4_K_P,ollama,124.9317104,36
1788071520,tinyrick/Qwen3.8-27B-Uncensored-HauhauCS-Aggressive-MTP-GGUF:Q4_K_P,ollama,124.9317104,36
1788071580,tinyrick/Qwen3.8-27B-Uncensored-HauhauCS-Aggressive-MTP-GGUF:Q4_K_P,ollama,124.9317104,36
1788071640,tinyrick/Qwen3.8-27B-Uncensored-HauhauCS-Aggressive-MTP-GGUF:Q4_K_P,ollama,124.9317104,36
1788071700,tinyrick/Qwen3.8-27B-Uncensored-HauhauCS-Aggressive-MTP-GGUF:Q4_K_P,ollama,124.9317104,36
1788071760,tinyrick/Qwen3.8-27B-Uncensored-HauhauCS-Aggressive-MTP-GGUF:Q4_K_P,ollama,124.9317104,36
1788071820,tinyrick/Qwen3.8-27B-Uncensored-HauhauCS-Aggressive-MTP-GGUF:Q4_K_P,ollama,124.9317104,36
1788071880,tinyrick/Qwen3.8-27B-Uncensored-HauhauCS-Aggressive-MTP-GGUF:Q4_K_P,ollama,124.9317104,36
1788071940,tinyrick/Qwen3.8-27B-Uncensored-HauhauCS-Aggressive-MTP-GGUF:Q4_K_P,ollama,124.9317104,36
1788072000,tinyrick/Qwen3.8-27B-Uncensored-HauhauCS-Aggressive-MTP-GGUF:Q4_K_P,ollama,124.9317104,36
1788072060,tinyrick/Qwen3.8-27B-Uncensored-HauhauCS-Aggressive-MTP-GGUF:Q4_K_P,ollama,124.9317104,36
1788072120,tinyrick/Qwen3.8-27B-Uncensored-HauhauCS-Aggressive-MTP-GGUF:Q4_K_P,ollama,124.9317104,36
1788072180,tinyrick/Qwen3.8-27B-Uncensored-HauhauCS-Aggressive-MTP-GGUF:Q4_K_P,ollama,124.9317104,36
1788072240,tinyrick/Qwen3.8-27B-Uncensored-HauhauCS-Aggressive-MTP-GGUF:Q4_K_P,ollama,124.9317104,36
1788072300,tinyrick/Qwen3.8-27B-Uncensored-HauhauCS-Aggressive-MTP-GGUF:Q4_K_P,ollama,124.9317104,36
1788072360,tinyrick/Qwen3.8-27B-Uncensored-HauhauCS-Aggressive-MTP-GGUF:Q4_K_P,ollama,124.9317104,36
1788072420,tinyrick/Qwen3.8-27B-Uncensored-HauhauCS-Aggressive-MTP-GGUF:Q4_K_P,ollama,124.9317104,36
1788072480,tinyrick/Qwen3.8-27B-Uncensored-HauhauCS-Aggressive-MTP-GGUF:Q4_K_P,ollama,124.9317104,36
1788072540,tinyrick/Qwen3.8-27B-Uncensored-HauhauCS-Aggressive-MTP-GGUF:Q4_K_P,ollama,124.9317104,36
1788072600,tinyrick/Qwen3.8-27B-Uncensored-HauhauCS-Aggressive-MTP-GGUF:Q4_K_P,ollama,124.9317104,36
1788072660,tinyrick/Qwen3.8-27B-Uncensored-HauhauCS-Aggressive-MTP-GGUF:Q4_K_P,ollama,124.9317104,36
1788072720,tinyrick/Qwen3.8-27B-Uncensored-HauhauCS-Aggressive-MTP-GGUF:Q4_K_P,ollama,124.9317104,36
1788072780,tinyrick/Qwen3.8-27B-Uncensored-HauhauCS-Aggressive-MTP-GGUF:Q4_K_P,ollama,124.9317104,36
1788072840,tinyrick/Qwen3.8-27B-Uncensored-HauhauCS-Aggressive-MTP-GGUF:Q4_K_P,ollama,124.9317104,36
1788072900,tinyrick/Qwen3.8-27B-Uncensored-HauhauCS-Aggressive-MTP-GGUF:Q4_K_P,ollama,124.9317104,36
1788072960,tinyrick/Qwen3.8-27B-Uncensored-HauhauCS-Aggressive-MTP-GGUF:Q4_K_P,ollama,124.9317104,36
1788073020,tinyrick/Qwen3.8-27B-Uncensored-HauhauCS-Aggressive-MTP-GGUF:Q4_K_P,ollama,124.9317104,36
1788073080,tinyrick/Qwen3.8-27B-Uncensored-HauhauCS-Aggressive-MTP-GGUF:Q4_K_P,ollama,127.2574659,37
1788073140,tinyrick/Qwen3.8-27B-Uncensored-HauhauCS-Aggressive-MTP-GGUF:Q4_K_P,ollama,127.2574659,37
1788073200,tinyrick/Qwen3.8-27B-Uncensored-HauhauCS-Aggressive-MTP-GGUF:Q4_K_P,ollama,129.3352848,38
1788073260,tinyrick/Qwen3.8-27B-Uncensored-HauhauCS-Aggressive-MTP-GGUF:Q4_K_P,ollama,129.3352848,38
1788073320,tinyrick/Qwen3.8-27B-Uncensored-HauhauCS-Aggressive-MTP-GGUF:Q4_K_P,ollama,129.3352848,38
1788073380,tinyrick/Qwen3.8-27B-Uncensored-HauhauCS-Aggressive-MTP-GGUF:Q4_K_P,ollama,129.3352848,38
1788073440,tinyrick/Qwen3.8-27B-Uncensored-HauhauCS-Aggressive-MTP-GGUF:Q4_K_P,ollama,129.3352848,38
1788073500,tinyrick/Qwen3.8-27B-Uncensored-HauhauCS-Aggressive-MTP-GGUF:Q4_K_P,ollama,129.3352848,38
1788073560,tinyrick/Qwen3.8-27B-Uncensored-HauhauCS-Aggressive-MTP-GGUF:Q4_K_P,ollama,129.3352848,38
1788073620,tinyrick/Qwen3.8-27B-Uncensored-HauhauCS-Aggressive-MTP-GGUF:Q4_K_P,ollama,129.3352848,38
1788073680,tinyrick/Qwen3.8-27B-Uncensored-HauhauCS-Aggressive-MTP-GGUF:Q4_K_P,ollama,129.3352848,38
1788073740,tinyrick/Qwen3.8-27B-Uncensored-HauhauCS-Aggressive-MTP-GGUF:Q4_K_P,ollama,129.3352848,38
1788073800,tinyrick/Qwen3.8-27B-Uncensored-HauhauCS-Aggressive-MTP-GGUF:Q4_K_P,ollama,129.3352848,38
1788073860,tinyrick/Qwen3.8-27B-Uncensored-HauhauCS-Aggressive-MTP-GGUF:Q4_K_P,ollama,129.3352848,38
1788073920,tinyrick/Qwen3.8-27B-Uncensored-HauhauCS-Aggressive-MTP-GGUF:Q4_K_P,ollama,129.3352848,38
1788073980,tinyrick/Qwen3.8-27B-Uncensored-HauhauCS-Aggressive-MTP-GGUF:Q4_K_P,ollama,129.3352848,38
1788074040,tinyrick/Qwen3.8-27B-Uncensored-HauhauCS-Aggressive-MTP-GGUF:Q4_K_P,ollama,129.3352848,38
1788074100,tinyrick/Qwen3.8-27B-Uncensored-HauhauCS-Aggressive-MTP-GGUF:Q4_K_P,ollama,129.3352848,38
1788074160,tinyrick/Qwen3.8-27B-Uncensored-HauhauCS-Aggressive-MTP-GGUF:Q4_K_P,ollama,129.3352848,38
1788074220,tinyrick/Qwen3.8-27B-Uncensored-HauhauCS-Aggressive-MTP-GGUF:Q4_K_P,ollama,129.3352848,38
1788074280,tinyrick/Qwen3.8-27B-Uncensored-HauhauCS-Aggressive-MTP-GGUF:Q4_K_P,ollama,129.3352848,38
1788074340,tinyrick/Qwen3.8-27B-Uncensored-HauhauCS-Aggressive-MTP-GGUF:Q4_K_P,ollama,129.3352848,38
1788074400,tinyrick/Qwen3.8-27B-Uncensored-HauhauCS-Aggressive-MTP-GGUF:Q4_K_P,ollama,129.3352848,38
1788074460,tinyrick/Qwen3.8-27B-Uncensored-HauhauCS-Aggressive-MTP-GGUF:Q4_K_P,ollama,129.3352848,38
1788074520,tinyrick/Qwen3.8-27B-Uncensored-HauhauCS-Aggressive-MTP-GGUF:Q4_K_P,ollama,129.3352848,38
1788074580,tinyrick/Qwen3.8-27B-Uncensored-HauhauCS-Aggressive-MTP-GGUF:Q4_K_P,ollama,129.3352848,38
1788074640,tinyrick/Qwen3.8-27B-Uncensored-HauhauCS-Aggressive-MTP-GGUF:Q4_K_P,ollama,129.3352848,38
1788074700,tinyrick/Qwen3.8-27B-Uncensored-HauhauCS-Aggressive-MTP-GGUF:Q4_K_P,ollama,129.3352848,38
1788074760,tinyrick/Qwen3.8-27B-Uncensored-HauhauCS-Aggressive-MTP-GGUF:Q4_K_P,ollama,129.3352848,38
1788074820,tinyrick/Qwen3.8-27B-Uncensored-HauhauCS-Aggressive-MTP-GGUF:Q4_K_P,ollama,129.3352848,38
1788074880,tinyrick/Qwen3.8-27B-Uncensored-HauhauCS-Aggressive-MTP-GGUF:Q4_K_P,ollama,129.3352848,38
1788074940,tinyrick/Qwen3.8-27B-Uncensored-HauhauCS-Aggressive-MTP-GGUF:Q4_K_P,ollama,129.3352848,38
1788075000,tinyrick/Qwen3.8-27B-Uncensored-HauhauCS-Aggressive-MTP-GGUF:Q4_K_P,ollama,129.3352848,38
1788075060,tinyrick/Qwen3.8-27B-Uncensored-HauhauCS-Aggressive-MTP-GGUF:Q4_K_P,ollama,129.3352848,38
1788075120,tinyrick/Qwen3.8-27B-Uncensored-HauhauCS-Aggressive-MTP-GGUF:Q4_K_P,ollama,129.3352848,38
1788075180,tinyrick/Qwen3.8-27B-Uncensored-HauhauCS-Aggressive-MTP-GGUF:Q4_K_P,ollama,129.3352848,38
1788075240,tinyrick/Qwen3.8-27B-Uncensored-HauhauCS-Aggressive-MTP-GGUF:Q4_K_P,ollama,129.3352848,38
1788075300,tinyrick/Qwen3.8-27B-Uncensored-HauhauCS-Aggressive-MTP-GGUF:Q4_K_P,ollama,131.2427776,39
1788075360,tinyrick/Qwen3.8-27B-Uncensored-HauhauCS-Aggressive-MTP-GGUF:Q4_K_P,ollama,131.2427776,39
1788075420,tinyrick/Qwen3.8-27B-Uncensored-HauhauCS-Aggressive-MTP-GGUF:Q4_K_P,ollama,131.2427776,39
1788075480,tinyrick/Qwen3.8-27B-Uncensored-HauhauCS-Aggressive-MTP-GGUF:Q4_K_P,ollama,131.2427776,39
1788075540,tinyrick/Qwen3.8-27B-Uncensored-HauhauCS-Aggressive-MTP-GGUF:Q4_K_P,ollama,131.2427776,39
1788075600,tinyrick/Qwen3.8-27B-Uncensored-HauhauCS-Aggressive-MTP-GGUF:Q4_K_P,ollama,131.2427776,39
1788075660,tinyrick/Qwen3.8-27B-Uncensored-HauhauCS-Aggressive-MTP-GGUF:Q4_K_P,ollama,131.2427776,39
1788075720,tinyrick/Qwen3.8-27B-Uncensored-HauhauCS-Aggressive-MTP-GGUF:Q4_K_P,ollama,131.2427776,39
1788075780,tinyrick/Qwen3.8-27B-Uncensored-HauhauCS-Aggressive-MTP-GGUF:Q4_K_P,ollama,131.2427776,39
1788075840,tinyrick/Qwen3.8-27B-Uncensored-HauhauCS-Aggressive-MTP-GGUF:Q4_K_P,ollama,131.2427776,39
1788075900,tinyrick/Qwen3.8-27B-Uncensored-HauhauCS-Aggressive-MTP-GGUF:Q4_K_P,ollama,131.2427776,39
1788075960,tinyrick/Qwen3.8-27B-Uncensored-HauhauCS-Aggressive-MTP-GGUF:Q4_K_P,ollama,131.2427776,39
1788076020,tinyrick/Qwen3.8-27B-Uncensored-HauhauCS-Aggressive-MTP-GGUF:Q4_K_P,ollama,131.2427776,39
1788076080,tinyrick/Qwen3.8-27B-Uncensored-HauhauCS-Aggressive-MTP-GGUF:Q4_K_P,ollama,131.2427776,39
1788076140,tinyrick/Qwen3.8-27B-Uncensored-HauhauCS-Aggressive-MTP-GGUF:Q4_K_P,ollama,131.2427776,39
1788076200,tinyrick/Qwen3.8-27B-Uncensored-HauhauCS-Aggressive-MTP-GGUF:Q4_K_P,ollama,131.2427776,39
1788076260,tinyrick/Qwen3.8-27B-Uncensored-HauhauCS-Aggressive-MTP-GGUF:Q4_K_P,ollama,131.2427776,39
1788076320,tinyrick/Qwen3.8-27B-Uncensored-HauhauCS-Aggressive-MTP-GGUF:Q4_K_P,ollama,131.2427776,39
1788076380,tinyrick/Qwen3.8-27B-Uncensored-HauhauCS-Aggressive-MTP-GGUF:Q4_K_P,ollama,131.2427776,39
1788076440,tinyrick/Qwen3.8-27B-Uncensored-HauhauCS-Aggressive-MTP-GGUF:Q4_K_P,ollama,131.2427776,39
1788076500,tinyrick/Qwen3.8-27B-Uncensored-HauhauCS-Aggressive-MTP-GGUF:Q4_K_P,ollama,131.2427776,39
1788076560,tinyrick/Qwen3.8-27B-Uncensored-HauhauCS-Aggressive-MTP-GGUF:Q4_K_P,ollama,131.2427776,39
1788076620,tinyrick/Qwen3.8-27B-Uncensored-HauhauCS-Aggressive-MTP-GGUF:Q4_K_P,ollama,131.2427776,39
1788076680,tinyrick/Qwen3.8-27B-Uncensored-HauhauCS-Aggressive-MTP-GGUF:Q4_K_P,ollama,131.2427776,39
1788076740,tinyrick/Qwen3.8-27B-Uncensored-HauhauCS-Aggressive-MTP-GGUF:Q4_K_P,ollama,131.2427776,39
1788076800,tinyrick/Qwen3.8-27B-Uncensored-HauhauCS-Aggressive-MTP-GGUF:Q4_K_P,ollama,131.2427776,39
1788076860,tinyrick/Qwen3.8-27B-Uncensored-HauhauCS-Aggressive-MTP-GGUF:Q4_K_P,ollama,131.2427776,39
1788076920,tinyrick/Qwen3.8-27B-Uncensored-HauhauCS-Aggressive-MTP-GGUF:Q4_K_P,ollama,131.2427776,39
1788076980,tinyrick/Qwen3.8-27B-Uncensored-HauhauCS-Aggressive-MTP-GGUF:Q4_K_P,ollama,131.2427776,39
1788077040,tinyrick/Qwen3.8-27B-Uncensored-HauhauCS-Aggressive-MTP-GGUF:Q4_K_P,ollama,131.2427776,39
1788077100,tinyrick/Qwen3.8-27B-Uncensored-HauhauCS-Aggressive-MTP-GGUF:Q4_K_P,ollama,131.2427776,39
1788077160,tinyrick/Qwen3.8-27B-Uncensored-HauhauCS-Aggressive-MTP-GGUF:Q4_K_P,ollama,131.2427776,39
1788077220,tinyrick/Qwen3.8-27B-Uncensored-HauhauCS-Aggressive-MTP-GGUF:Q4_K_P,ollama,131.2427776,39
1788077280,tinyrick/Qwen3.8-27B-Uncensored-HauhauCS-Aggressive-MTP-GGUF:Q4_K_P,ollama,131.2427776,39
1788077340,tinyrick/Qwen3.8-27B-Uncensored-HauhauCS-Aggressive-MTP-GGUF:Q4_K_P,ollama,131.2427776,39
1788077400,tinyrick/Qwen3.8-27B-Uncensored-HauhauCS-Aggressive-MTP-GGUF:Q4_K_P,ollama,131.2427776,39
1788077460,tinyrick/Qwen3.8-27B-Uncensored-HauhauCS-Aggressive-MTP-GGUF:Q4_K_P,ollama,131.2427776,39
1788077520,tinyrick/Qwen3.8-27B-Uncensored-HauhauCS-Aggressive-MTP-GGUF:Q4_K_P,ollama,131.2427776,39
1788077580,tinyrick/Qwen3.8-27B-Uncensored-HauhauCS-Aggressive-MTP-GGUF:Q4_K_P,ollama,131.2427776,39
1788077640,tinyrick/Qwen3.8-27B-Uncensored-HauhauCS-Aggressive-MTP-GGUF:Q4_K_P,ollama,131.2427776,39
1788077700,tinyrick/Qwen3.8-27B-Uncensored-HauhauCS-Aggressive-MTP-GGUF:Q4_K_P,ollama,131.2427776,39
1788077760,tinyrick/Qwen3.8-27B-Uncensored-HauhauCS-Aggressive-MTP-GGUF:Q4_K_P,ollama,131.2427776,39
1788077820,tinyrick/Qwen3.8-27B-Uncensored-HauhauCS-Aggressive-MTP-GGUF:Q4_K_P,ollama,131.2427776,39
1788077880,tinyrick/Qwen3.8-27B-Uncensored-HauhauCS-Aggressive-MTP-GGUF:Q4_K_P,ollama,131.2427776,39
1788077940,tinyrick/Qwen3.8-27B-Uncensored-HauhauCS-Aggressive-MTP-GGUF:Q4_K_P,ollama,131.2427776,39
1788078000,tinyrick/Qwen3.8-27B-Uncensored-HauhauCS-Aggressive-MTP-GGUF:Q4_K_P,ollama,131.2427776,39
1788078060,tinyrick/Qwen3.8-27B-Uncensored-HauhauCS-Aggressive-MTP-GGUF:Q4_K_P,ollama,131.2427776,39
1788078120,tinyrick/Qwen3.8-27B-Uncensored-HauhauCS-Aggressive-MTP-GGUF:Q4_K_P,ollama,131.2427776,39
1788078180,tinyrick/Qwen3.8-27B-Uncensored-HauhauCS-Aggressive-MTP-GGUF:Q4_K_P,ollama,131.2427776,39
1788078240,tinyrick/Qwen3.8-27B-Uncensored-HauhauCS-Aggressive-MTP-GGUF:Q4_K_P,ollama,131.2427776,39
1788078300,tinyrick/Qwen3.8-27B-Uncensored-HauhauCS-Aggressive-MTP-GGUF:Q4_K_P,ollama,131.2427776,39
1788078360,tinyrick/Qwen3.8-27B-Uncensored-HauhauCS-Aggressive-MTP-GGUF:Q4_K_P,ollama,131.2427776,39
1788078420,tinyrick/Qwen3.8-27B-Uncensored-HauhauCS-Aggressive-MTP-GGUF:Q4_K_P,ollama,131.2427776,39
1788078480,tinyrick/Qwen3.8-27B-Uncensored-HauhauCS-Aggressive-MTP-GGUF:Q4_K_P,ollama,131.2427776,39
1788078540,tinyrick/Qwen3.8-27B-Uncensored-HauhauCS-Aggressive-MTP-GGUF:Q4_K_P,ollama,131.2427776,39
1788078600,tinyrick/Qwen3.8-27B-Uncensored-HauhauCS-Aggressive-MTP-GGUF:Q4_K_P,ollama,135.4978542,40
1788078660,tinyrick/Qwen3.8-27B-Uncensored-HauhauCS-Aggressive-MTP-GGUF:Q4_K_P,ollama,135.4978542,40
1788078720,tinyrick/Qwen3.8-27B-Uncensored-HauhauCS-Aggressive-MTP-GGUF:Q4_K_P,ollama,135.4978542,40
1788078780,tinyrick/Qwen3.8-27B-Uncensored-HauhauCS-Aggressive-MTP-GGUF:Q4_K_P,ollama,135.4978542,40
1788078840,tinyrick/Qwen3.8-27B-Uncensored-HauhauCS-Aggressive-MTP-GGUF:Q4_K_P,ollama,135.4978542,40
1788078900,tinyrick/Qwen3.8-27B-Uncensored-HauhauCS-Aggressive-MTP-GGUF:Q4_K_P,ollama,135.4978542,40
1788078960,tinyrick/Qwen3.8-27B-Uncensored-HauhauCS-Aggressive-MTP-GGUF:Q4_K_P,ollama,135.4978542,40
1788079020,tinyrick/Qwen3.8-27B-Uncensored-HauhauCS-Aggressive-MTP-GGUF:Q4_K_P,ollama,135.4978542,40
1788079080,tinyrick/Qwen3.8-27B-Uncensored-HauhauCS-Aggressive-MTP-GGUF:Q4_K_P,ollama,135.4978542,40
1788079140,tinyrick/Qwen3.8-27B-Uncensored-HauhauCS-Aggressive-MTP-GGUF:Q4_K_P,ollama,135.4978542,40
1788079200,tinyrick/Qwen3.8-27B-Uncensored-HauhauCS-Aggressive-MTP-GGUF:Q4_K_P,ollama,135.4978542,40
1788079260,tinyrick/Qwen3.8-27B-Uncensored-HauhauCS-Aggressive-MTP-GGUF:Q4_K_P,ollama,135.4978542,40
1788079320,tinyrick/Qwen3.8-27B-Uncensored-HauhauCS-Aggressive-MTP-GGUF:Q4_K_P,ollama,135.4978542,40
1788079380,tinyrick/Qwen3.8-27B-Uncensored-HauhauCS-Aggressive-MTP-GGUF:Q4_K_P,ollama,135.4978542,40
1788079440,tinyrick/Qwen3.8-27B-Uncensored-HauhauCS-Aggressive-MTP-GGUF:Q4_K_P,ollama,135.4978542,40
1788079500,tinyrick/Qwen3.8-27B-Uncensored-HauhauCS-Aggressive-MTP-GGUF:Q4_K_P,ollama,135.4978542,40
1788079560,tinyrick/Qwen3.8-27B-Uncensored-HauhauCS-Aggressive-MTP-GGUF:Q4_K_P,ollama,135.4978542,40
1788079620,tinyrick/Qwen3.8-27B-Uncensored-HauhauCS-Aggressive-MTP-GGUF:Q4_K_P,ollama,135.4978542,40
1788079680,tinyrick/Qwen3.8-27B-Uncensored-HauhauCS-Aggressive-MTP-GGUF:Q4_K_P,ollama,135.4978542,40
1788079740,tinyrick/Qwen3.8-27B-Uncensored-HauhauCS-Aggressive-MTP-GGUF:Q4_K_P,ollama,135.4978542,40
1788079800,tinyrick/Qwen3.8-27B-Uncensored-HauhauCS-Aggressive-MTP-GGUF:Q4_K_P,ollama,135.4978542,40
1788079860,tinyrick/Qwen3.8-27B-Uncensored-HauhauCS-Aggressive-MTP-GGUF:Q4_K_P,ollama,139.9544895,41
1788079920,tinyrick/Qwen3.8-27B-Uncensored-HauhauCS-Aggressive-MTP-GGUF:Q4_K_P,ollama,139.9544895,41
1788079980,tinyrick/Qwen3.8-27B-Uncensored-HauhauCS-Aggressive-MTP-GGUF:Q4_K_P,ollama,139.9544895,41
1788080040,tinyrick/Qwen3.8-27B-Uncensored-HauhauCS-Aggressive-MTP-GGUF:Q4_K_P,ollama,139.9544895,41
1788080100,tinyrick/Qwen3.8-27B-Uncensored-HauhauCS-Aggressive-MTP-GGUF:Q4_K_P,ollama,139.9544895,41
1788080160,tinyrick/Qwen3.8-27B-Uncensored-HauhauCS-Aggressive-MTP-GGUF:Q4_K_P,ollama,139.9544895,41
1788080220,tinyrick/Qwen3.8-27B-Uncensored-HauhauCS-Aggressive-MTP-GGUF:Q4_K_P,ollama,139.9544895,41
1788080280,tinyrick/Qwen3.8-27B-Uncensored-HauhauCS-Aggressive-MTP-GGUF:Q4_K_P,ollama,139.9544895,41
1788080340,tinyrick/Qwen3.8-27B-Uncensored-HauhauCS-Aggressive-MTP-GGUF:Q4_K_P,ollama,139.9544895,41
1788080400,tinyrick/Qwen3.8-27B-Uncensored-HauhauCS-Aggressive-MTP-GGUF:Q4_K_P,ollama,139.9544895,41
1788080460,tinyrick/Qwen3.8-27B-Uncensored-HauhauCS-Aggressive-MTP-GGUF:Q4_K_P,ollama,139.9544895,41
1788080520,tinyrick/Qwen3.8-27B-Uncensored-HauhauCS-Aggressive-MTP-GGUF:Q4_K_P,ollama,139.9544895,41
1788080580,tinyrick/Qwen3.8-27B-Uncensored-HauhauCS-Aggressive-MTP-GGUF:Q4_K_P,ollama,139.9544895,41
1788080640,tinyrick/Qwen3.8-27B-Uncensored-HauhauCS-Aggressive-MTP-GGUF:Q4_K_P,ollama,139.9544895,41
1788080700,tinyrick/Qwen3.8-27B-Uncensored-HauhauCS-Aggressive-MTP-GGUF:Q4_K_P,ollama,139.9544895,41
1788080760,tinyrick/Qwen3.8-27B-Uncensored-HauhauCS-Aggressive-MTP-GGUF:Q4_K_P,ollama,139.9544895,41
1788080820,tinyrick/Qwen3.8-27B-Uncensored-HauhauCS-Aggressive-MTP-GGUF:Q4_K_P,ollama,139.9544895,41
1788080880,tinyrick/Qwen3.8-27B-Uncensored-HauhauCS-Aggressive-MTP-GGUF:Q4_K_P,ollama,139.9544895,41
1788080940,tinyrick/Qwen3.8-27B-Uncensored-HauhauCS-Aggressive-MTP-GGUF:Q4_K_P,ollama,139.9544895,41
1788081000,tinyrick/Qwen3.8-27B-Uncensored-HauhauCS-Aggressive-MTP-GGUF:Q4_K_P,ollama,139.9544895,41
1788081060,tinyrick/Qwen3.8-27B-Uncensored-HauhauCS-Aggressive-MTP-GGUF:Q4_K_P,ollama,139.9544895,41
1788081120,tinyrick/Qwen3.8-27B-Uncensored-HauhauCS-Aggressive-MTP-GGUF:Q4_K_P,ollama,139.9544895,41
1788081180,tinyrick/Qwen3.8-27B-Uncensored-HauhauCS-Aggressive-MTP-GGUF:Q4_K_P,ollama,139.9544895,41
1788081240,tinyrick/Qwen3.8-27B-Uncensored-HauhauCS-Aggressive-MTP-GGUF:Q4_K_P,ollama,139.9544895,41
1788081300,tinyrick/Qwen3.8-27B-Uncensored-HauhauCS-Aggressive-MTP-GGUF:Q4_K_P,ollama,139.9544895,41
1788081360,tinyrick/Qwen3.8-27B-Uncensored-HauhauCS-Aggressive-MTP-GGUF:Q4_K_P,ollama,139.9544895,41
1788081420,tinyrick/Qwen3.8-27B-Uncensored-HauhauCS-Aggressive-MTP-GGUF:Q4_K_P,ollama,139.9544895,41
1788081480,tinyrick/Qwen3.8-27B-Uncensored-HauhauCS-Aggressive-MTP-GGUF:Q4_K_P,ollama,139.9544895,41
1788081540,tinyrick/Qwen3.8-27B-Uncensored-HauhauCS-Aggressive-MTP-GGUF:Q4_K_P,ollama,139.9544895,41
1788081600,tinyrick/Qwen3.8-27B-Uncensored-HauhauCS-Aggressive-MTP-GGUF:Q4_K_P,ollama,139.9544895,41
1788081660,tinyrick/Qwen3.8-27B-Uncensored-HauhauCS-Aggressive-MTP-GGUF:Q4_K_P,ollama,139.9544895,41
1788081720,tinyrick/Qwen3.8-27B-Uncensored-HauhauCS-Aggressive-MTP-GGUF:Q4_K_P,ollama,139.9544895,41
1788081780,tinyrick/Qwen3.8-27B-Uncensored-HauhauCS-Aggressive-MTP-GGUF:Q4_K_P,ollama,139.9544895,41
1788081840,tinyrick/Qwen3.8-27B-Uncensored-HauhauCS-Aggressive-MTP-GGUF:Q4_K_P,ollama,139.9544895,41
1788081900,tinyrick/Qwen3.8-27B-Uncensored-HauhauCS-Aggressive-MTP-GGUF:Q4_K_P,ollama,139.9544895,41
1788081960,tinyrick/Qwen3.8-27B-Uncensored-HauhauCS-Aggressive-MTP-GGUF:Q4_K_P,ollama,139.9544895,41
1788082020,tinyrick/Qwen3.8-27B-Uncensored-HauhauCS-Aggressive-MTP-GGUF:Q4_K_P,ollama,139.9544895,41
1788082080,tinyrick/Qwen3.8-27B-Uncensored-HauhauCS-Aggressive-MTP-GGUF:Q4_K_P,ollama,139.9544895,41
1788082140,tinyrick/Qwen3.8-27B-Uncensored-HauhauCS-Aggressive-MTP-GGUF:Q4_K_P,ollama,139.9544895,41
1788082200,tinyrick/Qwen3.8-27B-Uncensored-HauhauCS-Aggressive-MTP-GGUF:Q4_K_P,ollama,139.9544895,41
1788082260,tinyrick/Qwen3.8-27B-Uncensored-HauhauCS-Aggressive-MTP-GGUF:Q4_K_P,ollama,139.9544895,41
1788082320,tinyrick/Qwen3.8-27B-Uncensored-HauhauCS-Aggressive-MTP-GGUF:Q4_K_P,ollama,139.9544895,41
1788082380,tinyrick/Qwen3.8-27B-Uncensored-HauhauCS-Aggressive-MTP-GGUF:Q4_K_P,ollama,139.9544895,41
1788082440,tinyrick/Qwen3.8-27B-Uncensored-HauhauCS-Aggressive-MTP-GGUF:Q4_K_P,ollama,139.9544895,41
1788082500,tinyrick/Qwen3.8-27B-Uncensored-HauhauCS-Aggressive-MTP-GGUF:Q4_K_P,ollama,139.9544895,41
1788082560,tinyrick/Qwen3.8-27B-Uncensored-HauhauCS-Aggressive-MTP-GGUF:Q4_K_P,ollama,139.9544895,41
1788082620,tinyrick/Qwen3.8-27B-Uncensored-HauhauCS-Aggressive-MTP-GGUF:Q4_K_P,ollama,139.9544895,41
1788082680,tinyrick/Qwen3.8-27B-Uncensored-HauhauCS-Aggressive-MTP-GGUF:Q4_K_P,ollama,139.9544895,41
1788082740,tinyrick/Qwen3.8-27B-Uncensored-HauhauCS-Aggressive-MTP-GGUF:Q4_K_P,ollama,139.9544895,41
1788082800,tinyrick/Qwen3.8-27B-Uncensored-HauhauCS-Aggressive-MTP-GGUF:Q4_K_P,ollama,139.9544895,41
1788082860,tinyrick/Qwen3.8-27B-Uncensored-HauhauCS-Aggressive-MTP-GGUF:Q4_K_P,ollama,139.9544895,41
1788082920,tinyrick/Qwen3.8-27B-Uncensored-HauhauCS-Aggressive-MTP-GGUF:Q4_K_P,ollama,139.9544895,41
1788082980,tinyrick/Qwen3.8-27B-Uncensored-HauhauCS-Aggressive-MTP-GGUF:Q4_K_P,ollama,139.9544895,41
1788083040,tinyrick/Qwen3.8-27B-Uncensored-HauhauCS-Aggressive-MTP-GGUF:Q4_K_P,ollama,139.9544895,41
1788083100,tinyrick/Qwen3.8-27B-Uncensored-HauhauCS-Aggressive-MTP-GGUF:Q4_K_P,ollama,139.9544895,41
1788083160,tinyrick/Qwen3.8-27B-Uncensored-HauhauCS-Aggressive-MTP-GGUF:Q4_K_P,ollama,145.5535503,42
1788083220,tinyrick/Qwen3.8-27B-Uncensored-HauhauCS-Aggressive-MTP-GGUF:Q4_K_P,ollama,145.5535503,42
1788083280,tinyrick/Qwen3.8-27B-Uncensored-HauhauCS-Aggressive-MTP-GGUF:Q4_K_P,ollama,145.5535503,42
1788083340,tinyrick/Qwen3.8-27B-Uncensored-HauhauCS-Aggressive-MTP-GGUF:Q4_K_P,ollama,145.5535503,42
1788083400,tinyrick/Qwen3.8-27B-Uncensored-HauhauCS-Aggressive-MTP-GGUF:Q4_K_P,ollama,145.5535503,42
1788083460,tinyrick/Qwen3.8-27B-Uncensored-HauhauCS-Aggressive-MTP-GGUF:Q4_K_P,ollama,145.5535503,42
1788083520,tinyrick/Qwen3.8-27B-Uncensored-HauhauCS-Aggressive-MTP-GGUF:Q4_K_P,ollama,145.5535503,42
1788083580,tinyrick/Qwen3.8-27B-Uncensored-HauhauCS-Aggressive-MTP-GGUF:Q4_K_P,ollama,145.5535503,42
1788083640,tinyrick/Qwen3.8-27B-Uncensored-HauhauCS-Aggressive-MTP-GGUF:Q4_K_P,ollama,145.5535503,42
1788083700,tinyrick/Qwen3.8-27B-Uncensored-HauhauCS-Aggressive-MTP-GGUF:Q4_K_P,ollama,145.5535503,42
1788083760,tinyrick/Qwen3.8-27B-Uncensored-HauhauCS-Aggressive-MTP-GGUF:Q4_K_P,ollama,145.5535503,42
1788083820,tinyrick/Qwen3.8-27B-Uncensored-HauhauCS-Aggressive-MTP-GGUF:Q4_K_P,ollama,145.5535503,42
1788083880,tinyrick/Qwen3.8-27B-Uncensored-HauhauCS-Aggressive-MTP-GGUF:Q4_K_P,ollama,145.5535503,42
1788083940,tinyrick/Qwen3.8-27B-Uncensored-HauhauCS-Aggressive-MTP-GGUF:Q4_K_P,ollama,145.5535503,42
1788084000,tinyrick/Qwen3.8-27B-Uncensored-HauhauCS-Aggressive-MTP-GGUF:Q4_K_P,ollama,145.5535503,42
1788084060,tinyrick/Qwen3.8-27B-Uncensored-HauhauCS-Aggressive-MTP-GGUF:Q4_K_P,ollama,145.5535503,42
1788084120,tinyrick/Qwen3.8-27B-Uncensored-HauhauCS-Aggressive-MTP-GGUF:Q4_K_P,ollama,145.5535503,42
1788084180,tinyrick/Qwen3.8-27B-Uncensored-HauhauCS-Aggressive-MTP-GGUF:Q4_K_P,ollama,145.5535503,42
1788084240,tinyrick/Qwen3.8-27B-Uncensored-HauhauCS-Aggressive-MTP-GGUF:Q4_K_P,ollama,145.5535503,42
1788084300,tinyrick/Qwen3.8-27B-Uncensored-HauhauCS-Aggressive-MTP-GGUF:Q4_K_P,ollama,145.5535503,42
1788084360,tinyrick/Qwen3.8-27B-Uncensored-HauhauCS-Aggressive-MTP-GGUF:Q4_K_P,ollama,145.5535503,42
1788084420,tinyrick/Qwen3.8-27B-Uncensored-HauhauCS-Aggressive-MTP-GGUF:Q4_K_P,ollama,145.5535503,42
1788084480,tinyrick/Qwen3.8-27B-Uncensored-HauhauCS-Aggressive-MTP-GGUF:Q4_K_P,ollama,145.5535503,42
1788084540,tinyrick/Qwen3.8-27B-Uncensored-HauhauCS-Aggressive-MTP-GGUF:Q4_K_P,ollama,145.5535503,42
1788084600,tinyrick/Qwen3.8-27B-Uncensored-HauhauCS-Aggressive-MTP-GGUF:Q4_K_P,ollama,145.5535503,42
1788084660,tinyrick/Qwen3.8-27B-Uncensored-HauhauCS-Aggressive-MTP-GGUF:Q4_K_P,ollama,145.5535503,42
1788084720,tinyrick/Qwen3.8-27B-Uncensored-HauhauCS-Aggressive-MTP-GGUF:Q4_K_P,ollama,145.5535503,42
1788084780,tinyrick/Qwen3.8-27B-Uncensored-HauhauCS-Aggressive-MTP-GGUF:Q4_K_P,ollama,145.5535503,42
1788084840,tinyrick/Qwen3.8-27B-Uncensored-HauhauCS-Aggressive-MTP-GGUF:Q4_K_P,ollama,145.5535503,42
1788084900,tinyrick/Qwen3.8-27B-Uncensored-HauhauCS-Aggressive-MTP-GGUF:Q4_K_P,ollama,145.5535503,42
1788084960,tinyrick/Qwen3.8-27B-Uncensored-HauhauCS-Aggressive-MTP-GGUF:Q4_K_P,ollama,145.5535503,42
1788085020,tinyrick/Qwen3.8-27B-Uncensored-HauhauCS-Aggressive-MTP-GGUF:Q4_K_P,ollama,145.5535503,42
1788085080,tinyrick/Qwen3.8-27B-Uncensored-HauhauCS-Aggressive-MTP-GGUF:Q4_K_P,ollama,145.5535503,42
1788085140,tinyrick/Qwen3.8-27B-Uncensored-HauhauCS-Aggressive-MTP-GGUF:Q4_K_P,ollama,145.5535503,42
1788085200,tinyrick/Qwen3.8-27B-Uncensored-HauhauCS-Aggressive-MTP-GGUF:Q4_K_P,ollama,145.5535503,42
1788085260,tinyrick/Qwen3.8-27B-Uncensored-HauhauCS-Aggressive-MTP-GGUF:Q4_K_P,ollama,145.5535503,42
1788085320,tinyrick/Qwen3.8-27B-Uncensored-HauhauCS-Aggressive-MTP-GGUF:Q4_K_P,ollama,145.5535503,42
1788085380,tinyrick/Qwen3.8-27B-Uncensored-HauhauCS-Aggressive-MTP-GGUF:Q4_K_P,ollama,145.5535503,42
1788085440,tinyrick/Qwen3.8-27B-Uncensored-HauhauCS-Aggressive-MTP-GGUF:Q4_K_P,ollama,145.5535503,42
1788085500,tinyrick/Qwen3.8-27B-Uncensored-HauhauCS-Aggressive-MTP-GGUF:Q4_K_P,ollama,145.5535503,42
1788085560,tinyrick/Qwen3.8-27B-Uncensored-HauhauCS-Aggressive-MTP-GGUF:Q4_K_P,ollama,145.5535503,42
1788085620,tinyrick/Qwen3.8-27B-Uncensored-HauhauCS-Aggressive-MTP-GGUF:Q4_K_P,ollama,145.5535503,42
1788085680,tinyrick/Qwen3.8-27B-Uncensored-HauhauCS-Aggressive-MTP-GGUF:Q4_K_P,ollama,145.5535503,42
1788085740,tinyrick/Qwen3.8-27B-Uncensored-HauhauCS-Aggressive-MTP-GGUF:Q4_K_P,ollama,145.5535503,42
1788085800,tinyrick/Qwen3.8-27B-Uncensored-HauhauCS-Aggressive-MTP-GGUF:Q4_K_P,ollama,145.5535503,42
1788085860,tinyrick/Qwen3.8-27B-Uncensored-HauhauCS-Aggressive-MTP-GGUF:Q4_K_P,ollama,145.5535503,42
1788085920,tinyrick/Qwen3.8-27B-Uncensored-HauhauCS-Aggressive-MTP-GGUF:Q4_K_P,ollama,145.5535503,42
1788085980,tinyrick/Qwen3.8-27B-Uncensored-HauhauCS-Aggressive-MTP-GGUF:Q4_K_P,ollama,145.5535503,42
1788086040,tinyrick/Qwen3.8-27B-Uncensored-HauhauCS-Aggressive-MTP-GGUF:Q4_K_P,ollama,145.5535503,42
1788086100,tinyrick/Qwen3.8-27B-Uncensored-HauhauCS-Aggressive-MTP-GGUF:Q4_K_P,ollama,145.5535503,42
1788086160,tinyrick/Qwen3.8-27B-Uncensored-HauhauCS-Aggressive-MTP-GGUF:Q4_K_P,ollama,145.5535503,42
1788086220,tinyrick/Qwen3.8-27B-Uncensored-HauhauCS-Aggressive-MTP-GGUF:Q4_K_P,ollama,145.5535503,42
1788086280,tinyrick/Qwen3.8-27B-Uncensored-HauhauCS-Aggressive-MTP-GGUF:Q4_K_P,ollama,145.5535503,42
1788086340,tinyrick/Qwen3.8-27B-Uncensored-HauhauCS-Aggressive-MTP-GGUF:Q4_K_P,ollama,145.5535503,42
