timestamp,metric,node,gpu,model_name,namespace,value
1788000000,gpu_util_pct,downstream-gpu-worker-0,0,NVIDIA L4,suse-ai,33
1788000000,tensor_active_fraction,downstream-gpu-worker-0,0,NVIDIA L4,suse-ai,0.18
1788000000,fb_used_mib,downstream-gpu-worker-0,0,NVIDIA L4,suse-ai,6983
1788000000,power_usage_w,downstream-gpu-worker-0,0,NVIDIA L4,suse-ai,45.9
1788000000,gpu_temp_c,downstream-gpu-worker-0,0,NVIDIA L4,suse-ai,41.7
1788000060,gpu_util_pct,downstream-gpu-worker-0,0,NVIDIA L4,suse-ai,24
1788000060,tensor_active_fraction,downstream-gpu-worker-0,0,NVIDIA L4,suse-ai,0.111
1788000060,fb_used_mib,downstream-gpu-worker-0,0,NVIDIA L4,suse-ai,5804
1788000060,power_usage_w,downstream-gpu-worker-0,0,NVIDIA L4,suse-ai,40.3
1788000060,gpu_temp_c,downstream-gpu-worker-0,0,NVIDIA L4,suse-ai,40.3
1788000120,gpu_util_pct,downstream-gpu-worker-0,0,NVIDIA L4,suse-ai,42
1788000120,tensor_active_fraction,downstream-gpu-worker-0,0,NVIDIA L4,suse-ai,0.332
1788000120,fb_used_mib,downstream-gpu-worker-0,0,NVIDIA L4,suse-ai,8912
1788000120,power_usage_w,downstream-gpu-worker-0,0,NVIDIA L4,suse-ai,52.5
1788000120,gpu_temp_c,downstream-gpu-worker-0,0,NVIDIA L4,suse-ai,46.5
1788000180,gpu_util_pct,downstream-gpu-worker-0,0,NVIDIA L4,suse-ai,28
1788000180,tensor_active_fraction,downstream-gpu-worker-0,0,NVIDIA L4,suse-ai,0.252
1788000180,fb_used_mib,downstream-gpu-worker-0,0,NVIDIA L4,suse-ai,7620
1788000180,power_usage_w,downstream-gpu-worker-0,0,NVIDIA L4,suse-ai,47.8
1788000180,gpu_temp_c,downstream-gpu-worker-0,0,NVIDIA L4,suse-ai,46.2
1788000240,gpu_util_pct,downstream-gpu-worker-0,0,NVIDIA L4,suse-ai,21
1788000240,tensor_active_fraction,downstream-gpu-worker-0,0,NVIDIA L4,suse-ai,0.164
1788000240,fb_used_mib,downstream-gpu-worker-0,0,NVIDIA L4,suse-ai,6167
1788000240,power_usage_w,downstream-gpu-worker-0,0,NVIDIA L4,suse-ai,44.2
1788000240,gpu_temp_c,downstream-gpu-worker-0,0,NVIDIA L4,suse-ai,40.8
1788000300,gpu_util_pct,downstream-gpu-worker-0,0,NVIDIA L4,suse-ai,16
1788000300,tensor_active_fraction,downstream-gpu-worker-0,0,NVIDIA L4,suse-ai,0.143
1788000300,fb_used_mib,downstream-gpu-worker-0,0,NVIDIA L4,suse-ai,5245
1788000300,power_usage_w,downstream-gpu-worker-0,0,NVIDIA L4,suse-ai,43.2
1788000300,gpu_temp_c,downstream-gpu-worker-0,0,NVIDIA L4,suse-ai,41.2
1788000360,gpu_util_pct,downstream-gpu-worker-0,0,NVIDIA L4,suse-ai,35
1788000360,tensor_active_fraction,downstream-gpu-worker-0,0,NVIDIA L4,suse-ai,0.327
1788000360,fb_used_mib,downstream-gpu-worker-0,0,NVIDIA L4,suse-ai,8854
1788000360,power_usage_w,downstream-gpu-worker-0,0,NVIDIA L4,suse-ai,55.3
1788000360,gpu_temp_c,downstream-gpu-worker-0,0,NVIDIA L4,suse-ai,46.3
1788000420,gpu_util_pct,downstream-gpu-worker-0,0,NVIDIA L4,suse-ai,42
1788000420,tensor_active_fraction,downstream-gpu-worker-0,0,NVIDIA L4,suse-ai,0.288
1788000420,fb_used_mib,downstream-gpu-worker-0,0,NVIDIA L4,suse-ai,9002
1788000420,power_usage_w,downstream-gpu-worker-0,0,NVIDIA L4,suse-ai,52.4
1788000420,gpu_temp_c,downstream-gpu-worker-0,0,NVIDIA L4,suse-ai,48.1
1788000480,gpu_util_pct,downstream-gpu-worker-0,0,NVIDIA L4,suse-ai,22
1788000480,tensor_active_fraction,downstream-gpu-worker-0,0,NVIDIA L4,suse-ai,0.177
1788000480,fb_used_mib,downstream-gpu-worker-0,0,NVIDIA L4,suse-ai,5559
1788000480,power_usage_w,downstream-gpu-worker-0,0,NVIDIA L4,suse-ai,44.0
1788000480,gpu_temp_c,downstream-gpu-worker-0,0,NVIDIA L4,suse-ai,41.2
1788000540,gpu_util_pct,downstream-gpu-worker-0,0,NVIDIA L4,suse-ai,29
1788000540,tensor_active_fraction,downstream-gpu-worker-0,0,NVIDIA L4,suse-ai,0.273
1788000540,fb_used_mib,downstream-gpu-worker-0,0,NVIDIA L4,suse-ai,8024
1788000540,power_usage_w,downstream-gpu-worker-0,0,NVIDIA L4,suse-ai,50.7
1788000540,gpu_temp_c,downstream-gpu-worker-0,0,NVIDIA L4,suse-ai,44.5
1788000600,gpu_util_pct,downstream-gpu-worker-0,0,NVIDIA L4,suse-ai,32
1788000600,tensor_active_fraction,downstream-gpu-worker-0,0,NVIDIA L4,suse-ai,0.304
1788000600,fb_used_mib,downstream-gpu-worker-0,0,NVIDIA L4,suse-ai,8649
1788000600,power_usage_w,downstream-gpu-worker-0,0,NVIDIA L4,suse-ai,54.3
1788000600,gpu_temp_c,downstream-gpu-worker-0,0,NVIDIA L4,suse-ai,46.8
1788000660,gpu_util_pct,downstream-gpu-worker-0,0,NVIDIA L4,suse-ai,28
1788000660,tensor_active_fraction,downstream-gpu-worker-0,0,NVIDIA L4,suse-ai,0.251
1788000660,fb_used_mib,downstream-gpu-worker-0,0,NVIDIA L4,suse-ai,7918
1788000660,power_usage_w,downstream-gpu-worker-0,0,NVIDIA L4,suse-ai,47.2
1788000660,gpu_temp_c,downstream-gpu-worker-0,0,NVIDIA L4,suse-ai,44.0
1788000720,gpu_util_pct,downstream-gpu-worker-0,0,NVIDIA L4,suse-ai,32
1788000720,tensor_active_fraction,downstream-gpu-worker-0,0,NVIDIA L4,suse-ai,0.239
1788000720,fb_used_mib,downstream-gpu-worker-0,0,NVIDIA L4,suse-ai,7175
1788000720,power_usage_w,downstream-gpu-worker-0,0,NVIDIA L4,suse-ai,47.0
1788000720,gpu_temp_c,downstream-gpu-worker-0,0,NVIDIA L4,suse-ai,43.5
1788000780,gpu_util_pct,downstream-gpu-worker-0,0,NVIDIA L4,suse-ai,39
1788000780,tensor_active_fraction,downstream-gpu-worker-0,0,NVIDIA L4,suse-ai,0.286
1788000780,fb_used_mib,downstream-gpu-worker-0,0,NVIDIA L4,suse-ai,8357
1788000780,power_usage_w,downstream-gpu-worker-0,0,NVIDIA L4,suse-ai,51.0
1788000780,gpu_temp_c,downstream-gpu-worker-0,0,NVIDIA L4,suse-ai,46.1
1788000840,gpu_util_pct,downstream-gpu-worker-0,0,NVIDIA L4,suse-ai,37
1788000840,tensor_active_fraction,downstream-gpu-worker-0,0,NVIDIA L4,suse-ai,0.257
1788000840,fb_used_mib,downstream-gpu-worker-0,0,NVIDIA L4,suse-ai,7633
1788000840,power_usage_w,downstream-gpu-worker-0,0,NVIDIA L4,suse-ai,47.7
1788000840,gpu_temp_c,downstream-gpu-worker-0,0,NVIDIA L4,suse-ai,44.3
1788000900,gpu_util_pct,downstream-gpu-worker-0,0,NVIDIA L4,suse-ai,36
1788000900,tensor_active_fraction,downstream-gpu-worker-0,0,NVIDIA L4,suse-ai,0.247
1788000900,fb_used_mib,downstream-gpu-worker-0,0,NVIDIA L4,suse-ai,8388
1788000900,power_usage_w,downstream-gpu-worker-0,0,NVIDIA L4,suse-ai,50.6
1788000900,gpu_temp_c,downstream-gpu-worker-0,0,NVIDIA L4,suse-ai,44.5
1788000960,gpu_util_pct,downstream-gpu-worker-0,0,NVIDIA L4,suse-ai,27
1788000960,tensor_active_fraction,downstream-gpu-worker-0,0,NVIDIA L4,suse-ai,0.228
1788000960,fb_used_mib,downstream-gpu-worker-0,0,NVIDIA L4,suse-ai,6400
1788000960,power_usage_w,downstream-gpu-worker-0,0,NVIDIA L4,suse-ai,44.2
1788000960,gpu_temp_c,downstream-gpu-worker-0,0,NVIDIA L4,suse-ai,43.8
1788001020,gpu_util_pct,downstream-gpu-worker-0,0,NVIDIA L4,suse-ai,41
1788001020,tensor_active_fraction,downstream-gpu-worker-0,0,NVIDIA L4,suse-ai,0.31
1788001020,fb_used_mib,downstream-gpu-worker-0,0,NVIDIA L4,suse-ai,9273
1788001020,power_usage_w,downstream-gpu-worker-0,0,NVIDIA L4,suse-ai,52.1
1788001020,gpu_temp_c,downstream-gpu-worker-0,0,NVIDIA L4,suse-ai,47.6
1788001080,gpu_util_pct,downstream-gpu-worker-0,0,NVIDIA L4,suse-ai,21
1788001080,tensor_active_fraction,downstream-gpu-worker-0,0,NVIDIA L4,suse-ai,0.112
1788001080,fb_used_mib,downstream-gpu-worker-0,0,NVIDIA L4,suse-ai,5545
1788001080,power_usage_w,downstream-gpu-worker-0,0,NVIDIA L4,suse-ai,40.0
1788001080,gpu_temp_c,downstream-gpu-worker-0,0,NVIDIA L4,suse-ai,41.2
1788001140,gpu_util_pct,downstream-gpu-worker-0,0,NVIDIA L4,suse-ai,22
1788001140,tensor_active_fraction,downstream-gpu-worker-0,0,NVIDIA L4,suse-ai,0.129
1788001140,fb_used_mib,downstream-gpu-worker-0,0,NVIDIA L4,suse-ai,5324
1788001140,power_usage_w,downstream-gpu-worker-0,0,NVIDIA L4,suse-ai,43.1
1788001140,gpu_temp_c,downstream-gpu-worker-0,0,NVIDIA L4,suse-ai,39.9
1788001200,gpu_util_pct,downstream-gpu-worker-0,0,NVIDIA L4,suse-ai,27
1788001200,tensor_active_fraction,downstream-gpu-worker-0,0,NVIDIA L4,suse-ai,0.257
1788001200,fb_used_mib,downstream-gpu-worker-0,0,NVIDIA L4,suse-ai,7119
1788001200,power_usage_w,downstream-gpu-worker-0,0,NVIDIA L4,suse-ai,47.7
1788001200,gpu_temp_c,downstream-gpu-worker-0,0,NVIDIA L4,suse-ai,44.7
1788001260,gpu_util_pct,downstream-gpu-worker-0,0,NVIDIA L4,suse-ai,33
1788001260,tensor_active_fraction,downstream-gpu-worker-0,0,NVIDIA L4,suse-ai,0.302
1788001260,fb_used_mib,downstream-gpu-worker-0,0,NVIDIA L4,suse-ai,7761
1788001260,power_usage_w,downstream-gpu-worker-0,0,NVIDIA L4,suse-ai,50.0
1788001260,gpu_temp_c,downstream-gpu-worker-0,0,NVIDIA L4,suse-ai,44.0
1788001320,gpu_util_pct,downstream-gpu-worker-0,0,NVIDIA L4,suse-ai,43
1788001320,tensor_active_fraction,downstream-gpu-worker-0,0,NVIDIA L4,suse-ai,0.321
1788001320,fb_used_mib,downstream-gpu-worker-0,0,NVIDIA L4,suse-ai,9599
1788001320,power_usage_w,downstream-gpu-worker-0,0,NVIDIA L4,suse-ai,54.1
1788001320,gpu_temp_c,downstream-gpu-worker-0,0,NVIDIA L4,suse-ai,48.7
1788001380,gpu_util_pct,downstream-gpu-worker-0,0,NVIDIA L4,suse-ai,22
1788001380,tensor_active_fraction,downstream-gpu-worker-0,0,NVIDIA L4,suse-ai,0.225
1788001380,fb_used_mib,downstream-gpu-worker-0,0,NVIDIA L4,suse-ai,5878
1788001380,power_usage_w,downstream-gpu-worker-0,0,NVIDIA L4,suse-ai,44.5
1788001380,gpu_temp_c,downstream-gpu-worker-0,0,NVIDIA L4,suse-ai,42.4
1788001440,gpu_util_pct,downstream-gpu-worker-0,0,NVIDIA L4,suse-ai,42
1788001440,tensor_active_fraction,downstream-gpu-worker-0,0,NVIDIA L4,suse-ai,0.31
1788001440,fb_used_mib,downstream-gpu-worker-0,0,NVIDIA L4,suse-ai,9769
1788001440,power_usage_w,downstream-gpu-worker-0,0,NVIDIA L4,suse-ai,58.5
1788001440,gpu_temp_c,downstream-gpu-worker-0,0,NVIDIA L4,suse-ai,47.6
1788001500,gpu_util_pct,downstream-gpu-worker-0,0,NVIDIA L4,suse-ai,46
1788001500,tensor_active_fraction,downstream-gpu-worker-0,0,NVIDIA L4,suse-ai,0.389
1788001500,fb_used_mib,downstream-gpu-worker-0,0,NVIDIA L4,suse-ai,10433
1788001500,power_usage_w,downstream-gpu-worker-0,0,NVIDIA L4,suse-ai,57.5
1788001500,gpu_temp_c,downstream-gpu-worker-0,0,NVIDIA L4,suse-ai,49.2
1788001560,gpu_util_pct,downstream-gpu-worker-0,0,NVIDIA L4,suse-ai,13
1788001560,tensor_active_fraction,downstream-gpu-worker-0,0,NVIDIA L4,suse-ai,0.176
1788001560,fb_used_mib,downstream-gpu-worker-0,0,NVIDIA L4,suse-ai,4940
1788001560,power_usage_w,downstream-gpu-worker-0,0,NVIDIA L4,suse-ai,41.0
1788001560,gpu_temp_c,downstream-gpu-worker-0,0,NVIDIA L4,suse-ai,38.0
1788001620,gpu_util_pct,downstream-gpu-worker-0,0,NVIDIA L4,suse-ai,42
1788001620,tensor_active_fraction,downstream-gpu-worker-0,0,NVIDIA L4,suse-ai,0.353
1788001620,fb_used_mib,downstream-gpu-worker-0,0,NVIDIA L4,suse-ai,10063
1788001620,power_usage_w,downstream-gpu-worker-0,0,NVIDIA L4,suse-ai,53.7
1788001620,gpu_temp_c,downstream-gpu-worker-0,0,NVIDIA L4,suse-ai,49.0
1788001680,gpu_util_pct,downstream-gpu-worker-0,0,NVIDIA L4,suse-ai,23
1788001680,tensor_active_fraction,downstream-gpu-worker-0,0,NVIDIA L4,suse-ai,0.25
1788001680,fb_used_mib,downstream-gpu-worker-0,0,NVIDIA L4,suse-ai,6706
1788001680,power_usage_w,downstream-gpu-worker-0,0,NVIDIA L4,suse-ai,43.7
1788001680,gpu_temp_c,downstream-gpu-worker-0,0,NVIDIA L4,suse-ai,40.8
1788001740,gpu_util_pct,downstream-gpu-worker-0,0,NVIDIA L4,suse-ai,21
1788001740,tensor_active_fraction,downstream-gpu-worker-0,0,NVIDIA L4,suse-ai,0.224
1788001740,fb_used_mib,downstream-gpu-worker-0,0,NVIDIA L4,suse-ai,6102
1788001740,power_usage_w,downstream-gpu-worker-0,0,NVIDIA L4,suse-ai,45.7
1788001740,gpu_temp_c,downstream-gpu-worker-0,0,NVIDIA L4,suse-ai,43.3
1788001800,gpu_util_pct,downstream-gpu-worker-0,0,NVIDIA L4,suse-ai,19
1788001800,tensor_active_fraction,downstream-gpu-worker-0,0,NVIDIA L4,suse-ai,0.154
1788001800,fb_used_mib,downstream-gpu-worker-0,0,NVIDIA L4,suse-ai,5551
1788001800,power_usage_w,downstream-gpu-worker-0,0,NVIDIA L4,suse-ai,43.7
1788001800,gpu_temp_c,downstream-gpu-worker-0,0,NVIDIA L4,suse-ai,41.2
1788001860,gpu_util_pct,downstream-gpu-worker-0,0,NVIDIA L4,suse-ai,40
1788001860,tensor_active_fraction,downstream-gpu-worker-0,0,NVIDIA L4,suse-ai,0.308
1788001860,fb_used_mib,downstream-gpu-worker-0,0,NVIDIA L4,suse-ai,8480
1788001860,power_usage_w,downstream-gpu-worker-0,0,NVIDIA L4,suse-ai,52.1
1788001860,gpu_temp_c,downstream-gpu-worker-0,0,NVIDIA L4,suse-ai,45.6
1788001920,gpu_util_pct,downstream-gpu-worker-0,0,NVIDIA L4,suse-ai,24
1788001920,tensor_active_fraction,downstream-gpu-worker-0,0,NVIDIA L4,suse-ai,0.182
1788001920,fb_used_mib,downstream-gpu-worker-0,0,NVIDIA L4,suse-ai,6071
1788001920,power_usage_w,downstream-gpu-worker-0,0,NVIDIA L4,suse-ai,45.0
1788001920,gpu_temp_c,downstream-gpu-worker-0,0,NVIDIA L4,suse-ai,42.4
1788001980,gpu_util_pct,downstream-gpu-worker-0,0,NVIDIA L4,suse-ai,34
1788001980,tensor_active_fraction,downstream-gpu-worker-0,0,NVIDIA L4,suse-ai,0.256
1788001980,fb_used_mib,downstream-gpu-worker-0,0,NVIDIA L4,suse-ai,8643
1788001980,power_usage_w,downstream-gpu-worker-0,0,NVIDIA L4,suse-ai,54.3
1788001980,gpu_temp_c,downstream-gpu-worker-0,0,NVIDIA L4,suse-ai,47.6
1788002040,gpu_util_pct,downstream-gpu-worker-0,0,NVIDIA L4,suse-ai,32
1788002040,tensor_active_fraction,downstream-gpu-worker-0,0,NVIDIA L4,suse-ai,0.247
1788002040,fb_used_mib,downstream-gpu-worker-0,0,NVIDIA L4,suse-ai,7016
1788002040,power_usage_w,downstream-gpu-worker-0,0,NVIDIA L4,suse-ai,46.9
1788002040,gpu_temp_c,downstream-gpu-worker-0,0,NVIDIA L4,suse-ai,41.9
1788002100,gpu_util_pct,downstream-gpu-worker-0,0,NVIDIA L4,suse-ai,15
1788002100,tensor_active_fraction,downstream-gpu-worker-0,0,NVIDIA L4,suse-ai,0.138
1788002100,fb_used_mib,downstream-gpu-worker-0,0,NVIDIA L4,suse-ai,4493
1788002100,power_usage_w,downstream-gpu-worker-0,0,NVIDIA L4,suse-ai,40.8
1788002100,gpu_temp_c,downstream-gpu-worker-0,0,NVIDIA L4,suse-ai,37.9
1788002160,gpu_util_pct,downstream-gpu-worker-0,0,NVIDIA L4,suse-ai,11
1788002160,tensor_active_fraction,downstream-gpu-worker-0,0,NVIDIA L4,suse-ai,0.152
1788002160,fb_used_mib,downstream-gpu-worker-0,0,NVIDIA L4,suse-ai,4536
1788002160,power_usage_w,downstream-gpu-worker-0,0,NVIDIA L4,suse-ai,36.7
1788002160,gpu_temp_c,downstream-gpu-worker-0,0,NVIDIA L4,suse-ai,39.9
1788002220,gpu_util_pct,downstream-gpu-worker-0,0,NVIDIA L4,suse-ai,43
1788002220,tensor_active_fraction,downstream-gpu-worker-0,0,NVIDIA L4,suse-ai,0.357
1788002220,fb_used_mib,downstream-gpu-worker-0,0,NVIDIA L4,suse-ai,9360
1788002220,power_usage_w,downstream-gpu-worker-0,0,NVIDIA L4,suse-ai,53.1
1788002220,gpu_temp_c,downstream-gpu-worker-0,0,NVIDIA L4,suse-ai,46.0
1788002280,gpu_util_pct,downstream-gpu-worker-0,0,NVIDIA L4,suse-ai,18
1788002280,tensor_active_fraction,downstream-gpu-worker-0,0,NVIDIA L4,suse-ai,0.113
1788002280,fb_used_mib,downstream-gpu-worker-0,0,NVIDIA L4,suse-ai,4329
1788002280,power_usage_w,downstream-gpu-worker-0,0,NVIDIA L4,suse-ai,38.3
1788002280,gpu_temp_c,downstream-gpu-worker-0,0,NVIDIA L4,suse-ai,39.2
1788002340,gpu_util_pct,downstream-gpu-worker-0,0,NVIDIA L4,suse-ai,15
1788002340,tensor_active_fraction,downstream-gpu-worker-0,0,NVIDIA L4,suse-ai,0.119
1788002340,fb_used_mib,downstream-gpu-worker-0,0,NVIDIA L4,suse-ai,5732
1788002340,power_usage_w,downstream-gpu-worker-0,0,NVIDIA L4,suse-ai,39.9
1788002340,gpu_temp_c,downstream-gpu-worker-0,0,NVIDIA L4,suse-ai,42.4
1788002400,gpu_util_pct,downstream-gpu-worker-0,0,NVIDIA L4,suse-ai,30
1788002400,tensor_active_fraction,downstream-gpu-worker-0,0,NVIDIA L4,suse-ai,0.199
1788002400,fb_used_mib,downstream-gpu-worker-0,0,NVIDIA L4,suse-ai,7147
1788002400,power_usage_w,downstream-gpu-worker-0,0,NVIDIA L4,suse-ai,47.1
1788002400,gpu_temp_c,downstream-gpu-worker-0,0,NVIDIA L4,suse-ai,42.3
1788002460,gpu_util_pct,downstream-gpu-worker-0,0,NVIDIA L4,suse-ai,19
1788002460,tensor_active_fraction,downstream-gpu-worker-0,0,NVIDIA L4,suse-ai,0.205
1788002460,fb_used_mib,downstream-gpu-worker-0,0,NVIDIA L4,suse-ai,5735
1788002460,power_usage_w,downstream-gpu-worker-0,0,NVIDIA L4,suse-ai,44.6
1788002460,gpu_temp_c,downstream-gpu-worker-0,0,NVIDIA L4,suse-ai,39.8
1788002520,gpu_util_pct,downstream-gpu-worker-0,0,NVIDIA L4,suse-ai,33
1788002520,tensor_active_fraction,downstream-gpu-worker-0,0,NVIDIA L4,suse-ai,0.262
1788002520,fb_used_mib,downstream-gpu-worker-0,0,NVIDIA L4,suse-ai,8427
1788002520,power_usage_w,downstream-gpu-worker-0,0,NVIDIA L4,suse-ai,54.6
1788002520,gpu_temp_c,downstream-gpu-worker-0,0,NVIDIA L4,suse-ai,45.7
1788002580,gpu_util_pct,downstream-gpu-worker-0,0,NVIDIA L4,suse-ai,36
1788002580,tensor_active_fraction,downstream-gpu-worker-0,0,NVIDIA L4,suse-ai,0.312
1788002580,fb_used_mib,downstream-gpu-worker-0,0,NVIDIA L4,suse-ai,8350
1788002580,power_usage_w,downstream-gpu-worker-0,0,NVIDIA L4,suse-ai,50.2
1788002580,gpu_temp_c,downstream-gpu-worker-0,0,NVIDIA L4,suse-ai,46.4
1788002640,gpu_util_pct,downstream-gpu-worker-0,0,NVIDIA L4,suse-ai,37
1788002640,tensor_active_fraction,downstream-gpu-worker-0,0,NVIDIA L4,suse-ai,0.295
1788002640,fb_used_mib,downstream-gpu-worker-0,0,NVIDIA L4,suse-ai,8096
1788002640,power_usage_w,downstream-gpu-worker-0,0,NVIDIA L4,suse-ai,53.1
1788002640,gpu_temp_c,downstream-gpu-worker-0,0,NVIDIA L4,suse-ai,45.5
1788002700,gpu_util_pct,downstream-gpu-worker-0,0,NVIDIA L4,suse-ai,33
1788002700,tensor_active_fraction,downstream-gpu-worker-0,0,NVIDIA L4,suse-ai,0.271
1788002700,fb_used_mib,downstream-gpu-worker-0,0,NVIDIA L4,suse-ai,7464
1788002700,power_usage_w,downstream-gpu-worker-0,0,NVIDIA L4,suse-ai,46.5
1788002700,gpu_temp_c,downstream-gpu-worker-0,0,NVIDIA L4,suse-ai,44.2
1788002760,gpu_util_pct,downstream-gpu-worker-0,0,NVIDIA L4,suse-ai,48
1788002760,tensor_active_fraction,downstream-gpu-worker-0,0,NVIDIA L4,suse-ai,0.331
1788002760,fb_used_mib,downstream-gpu-worker-0,0,NVIDIA L4,suse-ai,10033
1788002760,power_usage_w,downstream-gpu-worker-0,0,NVIDIA L4,suse-ai,59.6
1788002760,gpu_temp_c,downstream-gpu-worker-0,0,NVIDIA L4,suse-ai,46.5
1788002820,gpu_util_pct,downstream-gpu-worker-0,0,NVIDIA L4,suse-ai,28
1788002820,tensor_active_fraction,downstream-gpu-worker-0,0,NVIDIA L4,suse-ai,0.251
1788002820,fb_used_mib,downstream-gpu-worker-0,0,NVIDIA L4,suse-ai,6491
1788002820,power_usage_w,downstream-gpu-worker-0,0,NVIDIA L4,suse-ai,45.0
1788002820,gpu_temp_c,downstream-gpu-worker-0,0,NVIDIA L4,suse-ai,44.2
1788002880,gpu_util_pct,downstream-gpu-worker-0,0,NVIDIA L4,suse-ai,39
1788002880,tensor_active_fraction,downstream-gpu-worker-0,0,NVIDIA L4,suse-ai,0.292
1788002880,fb_used_mib,downstream-gpu-worker-0,0,NVIDIA L4,suse-ai,9239
1788002880,power_usage_w,downstream-gpu-worker-0,0,NVIDIA L4,suse-ai,56.9
1788002880,gpu_temp_c,downstream-gpu-worker-0,0,NVIDIA L4,suse-ai,48.0
1788002940,gpu_util_pct,downstream-gpu-worker-0,0,NVIDIA L4,suse-ai,45
1788002940,tensor_active_fraction,downstream-gpu-worker-0,0,NVIDIA L4,suse-ai,0.381
1788002940,fb_used_mib,downstream-gpu-worker-0,0,NVIDIA L4,suse-ai,10088
1788002940,power_usage_w,downstream-gpu-worker-0,0,NVIDIA L4,suse-ai,57.5
1788002940,gpu_temp_c,downstream-gpu-worker-0,0,NVIDIA L4,suse-ai,47.5
1788003000,gpu_util_pct,downstream-gpu-worker-0,0,NVIDIA L4,suse-ai,37
1788003000,tensor_active_fraction,downstream-gpu-worker-0,0,NVIDIA L4,suse-ai,0.272
1788003000,fb_used_mib,downstream-gpu-worker-0,0,NVIDIA L4,suse-ai,7965
1788003000,power_usage_w,downstream-gpu-worker-0,0,NVIDIA L4,suse-ai,49.0
1788003000,gpu_temp_c,downstream-gpu-worker-0,0,NVIDIA L4,suse-ai,43.1
1788003060,gpu_util_pct,downstream-gpu-worker-0,0,NVIDIA L4,suse-ai,32
1788003060,tensor_active_fraction,downstream-gpu-worker-0,0,NVIDIA L4,suse-ai,0.265
1788003060,fb_used_mib,downstream-gpu-worker-0,0,NVIDIA L4,suse-ai,7222
1788003060,power_usage_w,downstream-gpu-worker-0,0,NVIDIA L4,suse-ai,44.4
1788003060,gpu_temp_c,downstream-gpu-worker-0,0,NVIDIA L4,suse-ai,42.7
1788003120,gpu_util_pct,downstream-gpu-worker-0,0,NVIDIA L4,suse-ai,38
1788003120,tensor_active_fraction,downstream-gpu-worker-0,0,NVIDIA L4,suse-ai,0.254
1788003120,fb_used_mib,downstream-gpu-worker-0,0,NVIDIA L4,suse-ai,8563
1788003120,power_usage_w,downstream-gpu-worker-0,0,NVIDIA L4,suse-ai,49.1
1788003120,gpu_temp_c,downstream-gpu-worker-0,0,NVIDIA L4,suse-ai,46.6
1788003180,gpu_util_pct,downstream-gpu-worker-0,0,NVIDIA L4,suse-ai,31
1788003180,tensor_active_fraction,downstream-gpu-worker-0,0,NVIDIA L4,suse-ai,0.304
1788003180,fb_used_mib,downstream-gpu-worker-0,0,NVIDIA L4,suse-ai,8462
1788003180,power_usage_w,downstream-gpu-worker-0,0,NVIDIA L4,suse-ai,54.1
1788003180,gpu_temp_c,downstream-gpu-worker-0,0,NVIDIA L4,suse-ai,46.1
1788003240,gpu_util_pct,downstream-gpu-worker-0,0,NVIDIA L4,suse-ai,17
1788003240,tensor_active_fraction,downstream-gpu-worker-0,0,NVIDIA L4,suse-ai,0.084
1788003240,fb_used_mib,downstream-gpu-worker-0,0,NVIDIA L4,suse-ai,4789
1788003240,power_usage_w,downstream-gpu-worker-0,0,NVIDIA L4,suse-ai,38.7
1788003240,gpu_temp_c,downstream-gpu-worker-0,0,NVIDIA L4,suse-ai,41.4
1788003300,gpu_util_pct,downstream-gpu-worker-0,0,NVIDIA L4,suse-ai,41
1788003300,tensor_active_fraction,downstream-gpu-worker-0,0,NVIDIA L4,suse-ai,0.323
1788003300,fb_used_mib,downstream-gpu-worker-0,0,NVIDIA L4,suse-ai,10168
1788003300,power_usage_w,downstream-gpu-worker-0,0,NVIDIA L4,suse-ai,54.2
1788003300,gpu_temp_c,downstream-gpu-worker-0,0,NVIDIA L4,suse-ai,47.7
1788003360,gpu_util_pct,downstream-gpu-worker-0,0,NVIDIA L4,suse-ai,44
1788003360,tensor_active_fraction,downstream-gpu-worker-0,0,NVIDIA L4,suse-ai,0.294
1788003360,fb_used_mib,downstream-gpu-worker-0,0,NVIDIA L4,suse-ai,8971
1788003360,power_usage_w,downstream-gpu-worker-0,0,NVIDIA L4,suse-ai,56.1
1788003360,gpu_temp_c,downstream-gpu-worker-0,0,NVIDIA L4,suse-ai,48.7
1788003420,gpu_util_pct,downstream-gpu-worker-0,0,NVIDIA L4,suse-ai,12
1788003420,tensor_active_fraction,downstream-gpu-worker-0,0,NVIDIA L4,suse-ai,0.027
1788003420,fb_used_mib,downstream-gpu-worker-0,0,NVIDIA L4,suse-ai,3713
1788003420,power_usage_w,downstream-gpu-worker-0,0,NVIDIA L4,suse-ai,35.7
1788003420,gpu_temp_c,downstream-gpu-worker-0,0,NVIDIA L4,suse-ai,39.1
1788003480,gpu_util_pct,downstream-gpu-worker-0,0,NVIDIA L4,suse-ai,34
1788003480,tensor_active_fraction,downstream-gpu-worker-0,0,NVIDIA L4,suse-ai,0.248
1788003480,fb_used_mib,downstream-gpu-worker-0,0,NVIDIA L4,suse-ai,8270
1788003480,power_usage_w,downstream-gpu-worker-0,0,NVIDIA L4,suse-ai,50.4
1788003480,gpu_temp_c,downstream-gpu-worker-0,0,NVIDIA L4,suse-ai,45.1
1788003540,gpu_util_pct,downstream-gpu-worker-0,0,NVIDIA L4,suse-ai,29
1788003540,tensor_active_fraction,downstream-gpu-worker-0,0,NVIDIA L4,suse-ai,0.312
1788003540,fb_used_mib,downstream-gpu-worker-0,0,NVIDIA L4,suse-ai,8072
1788003540,power_usage_w,downstream-gpu-worker-0,0,NVIDIA L4,suse-ai,51.3
1788003540,gpu_temp_c,downstream-gpu-worker-0,0,NVIDIA L4,suse-ai,46.5
1788003600,gpu_util_pct,downstream-gpu-worker-0,0,NVIDIA L4,suse-ai,15
1788003600,tensor_active_fraction,downstream-gpu-worker-0,0,NVIDIA L4,suse-ai,0.097
1788003600,fb_used_mib,downstream-gpu-worker-0,0,NVIDIA L4,suse-ai,5129
1788003600,power_usage_w,downstream-gpu-worker-0,0,NVIDIA L4,suse-ai,38.5
1788003600,gpu_temp_c,downstream-gpu-worker-0,0,NVIDIA L4,suse-ai,38.4
1788003660,gpu_util_pct,downstream-gpu-worker-0,0,NVIDIA L4,suse-ai,34
1788003660,tensor_active_fraction,downstream-gpu-worker-0,0,NVIDIA L4,suse-ai,0.25
1788003660,fb_used_mib,downstream-gpu-worker-0,0,NVIDIA L4,suse-ai,7829
1788003660,power_usage_w,downstream-gpu-worker-0,0,NVIDIA L4,suse-ai,47.6
1788003660,gpu_temp_c,downstream-gpu-worker-0,0,NVIDIA L4,suse-ai,47.0
1788003720,gpu_util_pct,downstream-gpu-worker-0,0,NVIDIA L4,suse-ai,13
1788003720,tensor_active_fraction,downstream-gpu-worker-0,0,NVIDIA L4,suse-ai,0.141
1788003720,fb_used_mib,downstream-gpu-worker-0,0,NVIDIA L4,suse-ai,4889
1788003720,power_usage_w,downstream-gpu-worker-0,0,NVIDIA L4,suse-ai,39.8
1788003720,gpu_temp_c,downstream-gpu-worker-0,0,NVIDIA L4,suse-ai,39.9
1788003780,gpu_util_pct,downstream-gpu-worker-0,0,NVIDIA L4,suse-ai,52
1788003780,tensor_active_fraction,downstream-gpu-worker-0,0,NVIDIA L4,suse-ai,0.385
1788003780,fb_used_mib,downstream-gpu-worker-0,0,NVIDIA L4,suse-ai,10802
1788003780,power_usage_w,downstream-gpu-worker-0,0,NVIDIA L4,suse-ai,61.6
1788003780,gpu_temp_c,downstream-gpu-worker-0,0,NVIDIA L4,suse-ai,49.3
1788003840,gpu_util_pct,downstream-gpu-worker-0,0,NVIDIA L4,suse-ai,50
1788003840,tensor_active_fraction,downstream-gpu-worker-0,0,NVIDIA L4,suse-ai,0.403
1788003840,fb_used_mib,downstream-gpu-worker-0,0,NVIDIA L4,suse-ai,10614
1788003840,power_usage_w,downstream-gpu-worker-0,0,NVIDIA L4,suse-ai,55.6
1788003840,gpu_temp_c,downstream-gpu-worker-0,0,NVIDIA L4,suse-ai,49.0
1788003900,gpu_util_pct,downstream-gpu-worker-0,0,NVIDIA L4,suse-ai,17
1788003900,tensor_active_fraction,downstream-gpu-worker-0,0,NVIDIA L4,suse-ai,0.092
1788003900,fb_used_mib,downstream-gpu-worker-0,0,NVIDIA L4,suse-ai,4423
1788003900,power_usage_w,downstream-gpu-worker-0,0,NVIDIA L4,suse-ai,36.5
1788003900,gpu_temp_c,downstream-gpu-worker-0,0,NVIDIA L4,suse-ai,37.9
1788003960,gpu_util_pct,downstream-gpu-worker-0,0,NVIDIA L4,suse-ai,11
1788003960,tensor_active_fraction,downstream-gpu-worker-0,0,NVIDIA L4,suse-ai,0.134
1788003960,fb_used_mib,downstream-gpu-worker-0,0,NVIDIA L4,suse-ai,3952
1788003960,power_usage_w,downstream-gpu-worker-0,0,NVIDIA L4,suse-ai,34.0
1788003960,gpu_temp_c,downstream-gpu-worker-0,0,NVIDIA L4,suse-ai,39.1
1788004020,gpu_util_pct,downstream-gpu-worker-0,0,NVIDIA L4,suse-ai,37
1788004020,tensor_active_fraction,downstream-gpu-worker-0,0,NVIDIA L4,suse-ai,0.297
1788004020,fb_used_mib,downstream-gpu-worker-0,0,NVIDIA L4,suse-ai,8196
1788004020,power_usage_w,downstream-gpu-worker-0,0,NVIDIA L4,suse-ai,52.8
1788004020,gpu_temp_c,downstream-gpu-worker-0,0,NVIDIA L4,suse-ai,44.4
1788004080,gpu_util_pct,downstream-gpu-worker-0,0,NVIDIA L4,suse-ai,35
1788004080,tensor_active_fraction,downstream-gpu-worker-0,0,NVIDIA L4,suse-ai,0.309
1788004080,fb_used_mib,downstream-gpu-worker-0,0,NVIDIA L4,suse-ai,8041
1788004080,power_usage_w,downstream-gpu-worker-0,0,NVIDIA L4,suse-ai,50.0
1788004080,gpu_temp_c,downstream-gpu-worker-0,0,NVIDIA L4,suse-ai,45.9
1788004140,gpu_util_pct,downstream-gpu-worker-0,0,NVIDIA L4,suse-ai,33
1788004140,tensor_active_fraction,downstream-gpu-worker-0,0,NVIDIA L4,suse-ai,0.278
1788004140,fb_used_mib,downstream-gpu-worker-0,0,NVIDIA L4,suse-ai,7275
1788004140,power_usage_w,downstream-gpu-worker-0,0,NVIDIA L4,suse-ai,46.7
1788004140,gpu_temp_c,downstream-gpu-worker-0,0,NVIDIA L4,suse-ai,42.7
1788004200,gpu_util_pct,downstream-gpu-worker-0,0,NVIDIA L4,suse-ai,13
1788004200,tensor_active_fraction,downstream-gpu-worker-0,0,NVIDIA L4,suse-ai,0.134
1788004200,fb_used_mib,downstream-gpu-worker-0,0,NVIDIA L4,suse-ai,4437
1788004200,power_usage_w,downstream-gpu-worker-0,0,NVIDIA L4,suse-ai,36.1
1788004200,gpu_temp_c,downstream-gpu-worker-0,0,NVIDIA L4,suse-ai,39.4
1788004260,gpu_util_pct,downstream-gpu-worker-0,0,NVIDIA L4,suse-ai,22
1788004260,tensor_active_fraction,downstream-gpu-worker-0,0,NVIDIA L4,suse-ai,0.194
1788004260,fb_used_mib,downstream-gpu-worker-0,0,NVIDIA L4,suse-ai,6835
1788004260,power_usage_w,downstream-gpu-worker-0,0,NVIDIA L4,suse-ai,44.0
1788004260,gpu_temp_c,downstream-gpu-worker-0,0,NVIDIA L4,suse-ai,43.4
1788004320,gpu_util_pct,downstream-gpu-worker-0,0,NVIDIA L4,suse-ai,36
1788004320,tensor_active_fraction,downstream-gpu-worker-0,0,NVIDIA L4,suse-ai,0.265
1788004320,fb_used_mib,downstream-gpu-worker-0,0,NVIDIA L4,suse-ai,8859
1788004320,power_usage_w,downstream-gpu-worker-0,0,NVIDIA L4,suse-ai,53.4
1788004320,gpu_temp_c,downstream-gpu-worker-0,0,NVIDIA L4,suse-ai,47.6
1788004380,gpu_util_pct,downstream-gpu-worker-0,0,NVIDIA L4,suse-ai,11
1788004380,tensor_active_fraction,downstream-gpu-worker-0,0,NVIDIA L4,suse-ai,0.09
1788004380,fb_used_mib,downstream-gpu-worker-0,0,NVIDIA L4,suse-ai,4282
1788004380,power_usage_w,downstream-gpu-worker-0,0,NVIDIA L4,suse-ai,40.3
1788004380,gpu_temp_c,downstream-gpu-worker-0,0,NVIDIA L4,suse-ai,40.1
1788004440,gpu_util_pct,downstream-gpu-worker-0,0,NVIDIA L4,suse-ai,19
1788004440,tensor_active_fraction,downstream-gpu-worker-0,0,NVIDIA L4,suse-ai,0.171
1788004440,fb_used_mib,downstream-gpu-worker-0,0,NVIDIA L4,suse-ai,4886
1788004440,power_usage_w,downstream-gpu-worker-0,0,NVIDIA L4,suse-ai,39.5
1788004440,gpu_temp_c,downstream-gpu-worker-0,0,NVIDIA L4,suse-ai,38.0
1788004500,gpu_util_pct,downstream-gpu-worker-0,0,NVIDIA L4,suse-ai,10
1788004500,tensor_active_fraction,downstream-gpu-worker-0,0,NVIDIA L4,suse-ai,0.103
1788004500,fb_used_mib,downstream-gpu-worker-0,0,NVIDIA L4,suse-ai,4547
1788004500,power_usage_w,downstream-gpu-worker-0,0,NVIDIA L4,suse-ai,40.4
1788004500,gpu_temp_c,downstream-gpu-worker-0,0,NVIDIA L4,suse-ai,38.9
1788004560,gpu_util_pct,downstream-gpu-worker-0,0,NVIDIA L4,suse-ai,49
1788004560,tensor_active_fraction,downstream-gpu-worker-0,0,NVIDIA L4,suse-ai,0.311
1788004560,fb_used_mib,downstream-gpu-worker-0,0,NVIDIA L4,suse-ai,10010
1788004560,power_usage_w,downstream-gpu-worker-0,0,NVIDIA L4,suse-ai,57.1
1788004560,gpu_temp_c,downstream-gpu-worker-0,0,NVIDIA L4,suse-ai,49.0
1788004620,gpu_util_pct,downstream-gpu-worker-0,0,NVIDIA L4,suse-ai,28
1788004620,tensor_active_fraction,downstream-gpu-worker-0,0,NVIDIA L4,suse-ai,0.268
1788004620,fb_used_mib,downstream-gpu-worker-0,0,NVIDIA L4,suse-ai,7792
1788004620,power_usage_w,downstream-gpu-worker-0,0,NVIDIA L4,suse-ai,52.0
1788004620,gpu_temp_c,downstream-gpu-worker-0,0,NVIDIA L4,suse-ai,45.9
1788004680,gpu_util_pct,downstream-gpu-worker-0,0,NVIDIA L4,suse-ai,6
1788004680,tensor_active_fraction,downstream-gpu-worker-0,0,NVIDIA L4,suse-ai,0.113
1788004680,fb_used_mib,downstream-gpu-worker-0,0,NVIDIA L4,suse-ai,3705
1788004680,power_usage_w,downstream-gpu-worker-0,0,NVIDIA L4,suse-ai,35.1
1788004680,gpu_temp_c,downstream-gpu-worker-0,0,NVIDIA L4,suse-ai,38.1
1788004740,gpu_util_pct,downstream-gpu-worker-0,0,NVIDIA L4,suse-ai,15
1788004740,tensor_active_fraction,downstream-gpu-worker-0,0,NVIDIA L4,suse-ai,0.084
1788004740,fb_used_mib,downstream-gpu-worker-0,0,NVIDIA L4,suse-ai,4436
1788004740,power_usage_w,downstream-gpu-worker-0,0,NVIDIA L4,suse-ai,40.3
1788004740,gpu_temp_c,downstream-gpu-worker-0,0,NVIDIA L4,suse-ai,38.5
1788004800,gpu_util_pct,downstream-gpu-worker-0,0,NVIDIA L4,suse-ai,49
1788004800,tensor_active_fraction,downstream-gpu-worker-0,0,NVIDIA L4,suse-ai,0.352
1788004800,fb_used_mib,downstream-gpu-worker-0,0,NVIDIA L4,suse-ai,10262
1788004800,power_usage_w,downstream-gpu-worker-0,0,NVIDIA L4,suse-ai,60.4
1788004800,gpu_temp_c,downstream-gpu-worker-0,0,NVIDIA L4,suse-ai,48.5
1788004860,gpu_util_pct,downstream-gpu-worker-0,0,NVIDIA L4,suse-ai,44
1788004860,tensor_active_fraction,downstream-gpu-worker-0,0,NVIDIA L4,suse-ai,0.367
1788004860,fb_used_mib,downstream-gpu-worker-0,0,NVIDIA L4,suse-ai,10072
1788004860,power_usage_w,downstream-gpu-worker-0,0,NVIDIA L4,suse-ai,56.6
1788004860,gpu_temp_c,downstream-gpu-worker-0,0,NVIDIA L4,suse-ai,46.8
1788004920,gpu_util_pct,downstream-gpu-worker-0,0,NVIDIA L4,suse-ai,12
1788004920,tensor_active_fraction,downstream-gpu-worker-0,0,NVIDIA L4,suse-ai,0.127
1788004920,fb_used_mib,downstream-gpu-worker-0,0,NVIDIA L4,suse-ai,4973
1788004920,power_usage_w,downstream-gpu-worker-0,0,NVIDIA L4,suse-ai,41.9
1788004920,gpu_temp_c,downstream-gpu-worker-0,0,NVIDIA L4,suse-ai,38.4
1788004980,gpu_util_pct,downstream-gpu-worker-0,0,NVIDIA L4,suse-ai,22
1788004980,tensor_active_fraction,downstream-gpu-worker-0,0,NVIDIA L4,suse-ai,0.216
1788004980,fb_used_mib,downstream-gpu-worker-0,0,NVIDIA L4,suse-ai,5950
1788004980,power_usage_w,downstream-gpu-worker-0,0,NVIDIA L4,suse-ai,42.4
1788004980,gpu_temp_c,downstream-gpu-worker-0,0,NVIDIA L4,suse-ai,42.8
1788005040,gpu_util_pct,downstream-gpu-worker-0,0,NVIDIA L4,suse-ai,16
1788005040,tensor_active_fraction,downstream-gpu-worker-0,0,NVIDIA L4,suse-ai,0.087
1788005040,fb_used_mib,downstream-gpu-worker-0,0,NVIDIA L4,suse-ai,4126
1788005040,power_usage_w,downstream-gpu-worker-0,0,NVIDIA L4,suse-ai,34.7
1788005040,gpu_temp_c,downstream-gpu-worker-0,0,NVIDIA L4,suse-ai,36.4
1788005100,gpu_util_pct,downstream-gpu-worker-0,0,NVIDIA L4,suse-ai,28
1788005100,tensor_active_fraction,downstream-gpu-worker-0,0,NVIDIA L4,suse-ai,0.158
1788005100,fb_used_mib,downstream-gpu-worker-0,0,NVIDIA L4,suse-ai,6348
1788005100,power_usage_w,downstream-gpu-worker-0,0,NVIDIA L4,suse-ai,42.0
1788005100,gpu_temp_c,downstream-gpu-worker-0,0,NVIDIA L4,suse-ai,43.8
1788005160,gpu_util_pct,downstream-gpu-worker-0,0,NVIDIA L4,suse-ai,46
1788005160,tensor_active_fraction,downstream-gpu-worker-0,0,NVIDIA L4,suse-ai,0.423
1788005160,fb_used_mib,downstream-gpu-worker-0,0,NVIDIA L4,suse-ai,10488
1788005160,power_usage_w,downstream-gpu-worker-0,0,NVIDIA L4,suse-ai,60.4
1788005160,gpu_temp_c,downstream-gpu-worker-0,0,NVIDIA L4,suse-ai,50.4
1788005220,gpu_util_pct,downstream-gpu-worker-0,0,NVIDIA L4,suse-ai,9
1788005220,tensor_active_fraction,downstream-gpu-worker-0,0,NVIDIA L4,suse-ai,0.068
1788005220,fb_used_mib,downstream-gpu-worker-0,0,NVIDIA L4,suse-ai,3094
1788005220,power_usage_w,downstream-gpu-worker-0,0,NVIDIA L4,suse-ai,32.2
1788005220,gpu_temp_c,downstream-gpu-worker-0,0,NVIDIA L4,suse-ai,36.2
1788005280,gpu_util_pct,downstream-gpu-worker-0,0,NVIDIA L4,suse-ai,34
1788005280,tensor_active_fraction,downstream-gpu-worker-0,0,NVIDIA L4,suse-ai,0.27
1788005280,fb_used_mib,downstream-gpu-worker-0,0,NVIDIA L4,suse-ai,7594
1788005280,power_usage_w,downstream-gpu-worker-0,0,NVIDIA L4,suse-ai,46.9
1788005280,gpu_temp_c,downstream-gpu-worker-0,0,NVIDIA L4,suse-ai,42.9
1788005340,gpu_util_pct,downstream-gpu-worker-0,0,NVIDIA L4,suse-ai,53
1788005340,tensor_active_fraction,downstream-gpu-worker-0,0,NVIDIA L4,suse-ai,0.381
1788005340,fb_used_mib,downstream-gpu-worker-0,0,NVIDIA L4,suse-ai,11480
1788005340,power_usage_w,downstream-gpu-worker-0,0,NVIDIA L4,suse-ai,61.8
1788005340,gpu_temp_c,downstream-gpu-worker-0,0,NVIDIA L4,suse-ai,49.9
1788005400,gpu_util_pct,downstream-gpu-worker-0,0,NVIDIA L4,suse-ai,55
1788005400,tensor_active_fraction,downstream-gpu-worker-0,0,NVIDIA L4,suse-ai,0.423
1788005400,fb_used_mib,downstream-gpu-worker-0,0,NVIDIA L4,suse-ai,11218
1788005400,power_usage_w,downstream-gpu-worker-0,0,NVIDIA L4,suse-ai,60.0
1788005400,gpu_temp_c,downstream-gpu-worker-0,0,NVIDIA L4,suse-ai,52.2
1788005460,gpu_util_pct,downstream-gpu-worker-0,0,NVIDIA L4,suse-ai,28
1788005460,tensor_active_fraction,downstream-gpu-worker-0,0,NVIDIA L4,suse-ai,0.209
1788005460,fb_used_mib,downstream-gpu-worker-0,0,NVIDIA L4,suse-ai,7925
1788005460,power_usage_w,downstream-gpu-worker-0,0,NVIDIA L4,suse-ai,46.5
1788005460,gpu_temp_c,downstream-gpu-worker-0,0,NVIDIA L4,suse-ai,44.1
1788005520,gpu_util_pct,downstream-gpu-worker-0,0,NVIDIA L4,suse-ai,8
1788005520,tensor_active_fraction,downstream-gpu-worker-0,0,NVIDIA L4,suse-ai,0.095
1788005520,fb_used_mib,downstream-gpu-worker-0,0,NVIDIA L4,suse-ai,3832
1788005520,power_usage_w,downstream-gpu-worker-0,0,NVIDIA L4,suse-ai,36.4
1788005520,gpu_temp_c,downstream-gpu-worker-0,0,NVIDIA L4,suse-ai,38.6
1788005580,gpu_util_pct,downstream-gpu-worker-0,0,NVIDIA L4,suse-ai,26
1788005580,tensor_active_fraction,downstream-gpu-worker-0,0,NVIDIA L4,suse-ai,0.201
1788005580,fb_used_mib,downstream-gpu-worker-0,0,NVIDIA L4,suse-ai,6789
1788005580,power_usage_w,downstream-gpu-worker-0,0,NVIDIA L4,suse-ai,47.9
1788005580,gpu_temp_c,downstream-gpu-worker-0,0,NVIDIA L4,suse-ai,44.4
1788005640,gpu_util_pct,downstream-gpu-worker-0,0,NVIDIA L4,suse-ai,13
1788005640,tensor_active_fraction,downstream-gpu-worker-0,0,NVIDIA L4,suse-ai,0.096
1788005640,fb_used_mib,downstream-gpu-worker-0,0,NVIDIA L4,suse-ai,3596
1788005640,power_usage_w,downstream-gpu-worker-0,0,NVIDIA L4,suse-ai,32.8
1788005640,gpu_temp_c,downstream-gpu-worker-0,0,NVIDIA L4,suse-ai,38.8
1788005700,gpu_util_pct,downstream-gpu-worker-0,0,NVIDIA L4,suse-ai,36
1788005700,tensor_active_fraction,downstream-gpu-worker-0,0,NVIDIA L4,suse-ai,0.302
1788005700,fb_used_mib,downstream-gpu-worker-0,0,NVIDIA L4,suse-ai,9272
1788005700,power_usage_w,downstream-gpu-worker-0,0,NVIDIA L4,suse-ai,55.6
1788005700,gpu_temp_c,downstream-gpu-worker-0,0,NVIDIA L4,suse-ai,46.9
1788005760,gpu_util_pct,downstream-gpu-worker-0,0,NVIDIA L4,suse-ai,49
1788005760,tensor_active_fraction,downstream-gpu-worker-0,0,NVIDIA L4,suse-ai,0.462
1788005760,fb_used_mib,downstream-gpu-worker-0,0,NVIDIA L4,suse-ai,11411
1788005760,power_usage_w,downstream-gpu-worker-0,0,NVIDIA L4,suse-ai,60.9
1788005760,gpu_temp_c,downstream-gpu-worker-0,0,NVIDIA L4,suse-ai,49.6
1788005820,gpu_util_pct,downstream-gpu-worker-0,0,NVIDIA L4,suse-ai,50
1788005820,tensor_active_fraction,downstream-gpu-worker-0,0,NVIDIA L4,suse-ai,0.447
1788005820,fb_used_mib,downstream-gpu-worker-0,0,NVIDIA L4,suse-ai,11179
1788005820,power_usage_w,downstream-gpu-worker-0,0,NVIDIA L4,suse-ai,60.8
1788005820,gpu_temp_c,downstream-gpu-worker-0,0,NVIDIA L4,suse-ai,48.7
1788005880,gpu_util_pct,downstream-gpu-worker-0,0,NVIDIA L4,suse-ai,10
1788005880,tensor_active_fraction,downstream-gpu-worker-0,0,NVIDIA L4,suse-ai,0.115
1788005880,fb_used_mib,downstream-gpu-worker-0,0,NVIDIA L4,suse-ai,3724
1788005880,power_usage_w,downstream-gpu-worker-0,0,NVIDIA L4,suse-ai,35.1
1788005880,gpu_temp_c,downstream-gpu-worker-0,0,NVIDIA L4,suse-ai,38.3
1788005940,gpu_util_pct,downstream-gpu-worker-0,0,NVIDIA L4,suse-ai,29
1788005940,tensor_active_fraction,downstream-gpu-worker-0,0,NVIDIA L4,suse-ai,0.265
1788005940,fb_used_mib,downstream-gpu-worker-0,0,NVIDIA L4,suse-ai,7317
1788005940,power_usage_w,downstream-gpu-worker-0,0,NVIDIA L4,suse-ai,48.6
1788005940,gpu_temp_c,downstream-gpu-worker-0,0,NVIDIA L4,suse-ai,42.4
1788006000,gpu_util_pct,downstream-gpu-worker-0,0,NVIDIA L4,suse-ai,19
1788006000,tensor_active_fraction,downstream-gpu-worker-0,0,NVIDIA L4,suse-ai,0.167
1788006000,fb_used_mib,downstream-gpu-worker-0,0,NVIDIA L4,suse-ai,5443
1788006000,power_usage_w,downstream-gpu-worker-0,0,NVIDIA L4,suse-ai,40.3
1788006000,gpu_temp_c,downstream-gpu-worker-0,0,NVIDIA L4,suse-ai,39.5
1788006060,gpu_util_pct,downstream-gpu-worker-0,0,NVIDIA L4,suse-ai,25
1788006060,tensor_active_fraction,downstream-gpu-worker-0,0,NVIDIA L4,suse-ai,0.203
1788006060,fb_used_mib,downstream-gpu-worker-0,0,NVIDIA L4,suse-ai,7312
1788006060,power_usage_w,downstream-gpu-worker-0,0,NVIDIA L4,suse-ai,47.0
1788006060,gpu_temp_c,downstream-gpu-worker-0,0,NVIDIA L4,suse-ai,45.6
1788006120,gpu_util_pct,downstream-gpu-worker-0,0,NVIDIA L4,suse-ai,32
1788006120,tensor_active_fraction,downstream-gpu-worker-0,0,NVIDIA L4,suse-ai,0.288
1788006120,fb_used_mib,downstream-gpu-worker-0,0,NVIDIA L4,suse-ai,7904
1788006120,power_usage_w,downstream-gpu-worker-0,0,NVIDIA L4,suse-ai,51.1
1788006120,gpu_temp_c,downstream-gpu-worker-0,0,NVIDIA L4,suse-ai,46.0
1788006180,gpu_util_pct,downstream-gpu-worker-0,0,NVIDIA L4,suse-ai,45
1788006180,tensor_active_fraction,downstream-gpu-worker-0,0,NVIDIA L4,suse-ai,0.291
1788006180,fb_used_mib,downstream-gpu-worker-0,0,NVIDIA L4,suse-ai,9451
1788006180,power_usage_w,downstream-gpu-worker-0,0,NVIDIA L4,suse-ai,53.7
1788006180,gpu_temp_c,downstream-gpu-worker-0,0,NVIDIA L4,suse-ai,45.7
1788006240,gpu_util_pct,downstream-gpu-worker-0,0,NVIDIA L4,suse-ai,25
1788006240,tensor_active_fraction,downstream-gpu-worker-0,0,NVIDIA L4,suse-ai,0.207
1788006240,fb_used_mib,downstream-gpu-worker-0,0,NVIDIA L4,suse-ai,6917
1788006240,power_usage_w,downstream-gpu-worker-0,0,NVIDIA L4,suse-ai,47.4
1788006240,gpu_temp_c,downstream-gpu-worker-0,0,NVIDIA L4,suse-ai,43.5
1788006300,gpu_util_pct,downstream-gpu-worker-0,0,NVIDIA L4,suse-ai,45
1788006300,tensor_active_fraction,downstream-gpu-worker-0,0,NVIDIA L4,suse-ai,0.391
1788006300,fb_used_mib,downstream-gpu-worker-0,0,NVIDIA L4,suse-ai,10291
1788006300,power_usage_w,downstream-gpu-worker-0,0,NVIDIA L4,suse-ai,56.5
1788006300,gpu_temp_c,downstream-gpu-worker-0,0,NVIDIA L4,suse-ai,47.7
1788006360,gpu_util_pct,downstream-gpu-worker-0,0,NVIDIA L4,suse-ai,37
1788006360,tensor_active_fraction,downstream-gpu-worker-0,0,NVIDIA L4,suse-ai,0.306
1788006360,fb_used_mib,downstream-gpu-worker-0,0,NVIDIA L4,suse-ai,8281
1788006360,power_usage_w,downstream-gpu-worker-0,0,NVIDIA L4,suse-ai,51.6
1788006360,gpu_temp_c,downstream-gpu-worker-0,0,NVIDIA L4,suse-ai,45.1
1788006420,gpu_util_pct,downstream-gpu-worker-0,0,NVIDIA L4,suse-ai,20
1788006420,tensor_active_fraction,downstream-gpu-worker-0,0,NVIDIA L4,suse-ai,0.145
1788006420,fb_used_mib,downstream-gpu-worker-0,0,NVIDIA L4,suse-ai,5265
1788006420,power_usage_w,downstream-gpu-worker-0,0,NVIDIA L4,suse-ai,43.5
1788006420,gpu_temp_c,downstream-gpu-worker-0,0,NVIDIA L4,suse-ai,39.8
1788006480,gpu_util_pct,downstream-gpu-worker-0,0,NVIDIA L4,suse-ai,48
1788006480,tensor_active_fraction,downstream-gpu-worker-0,0,NVIDIA L4,suse-ai,0.409
1788006480,fb_used_mib,downstream-gpu-worker-0,0,NVIDIA L4,suse-ai,10436
1788006480,power_usage_w,downstream-gpu-worker-0,0,NVIDIA L4,suse-ai,58.8
1788006480,gpu_temp_c,downstream-gpu-worker-0,0,NVIDIA L4,suse-ai,50.4
1788006540,gpu_util_pct,downstream-gpu-worker-0,0,NVIDIA L4,suse-ai,57
1788006540,tensor_active_fraction,downstream-gpu-worker-0,0,NVIDIA L4,suse-ai,0.464
1788006540,fb_used_mib,downstream-gpu-worker-0,0,NVIDIA L4,suse-ai,12192
1788006540,power_usage_w,downstream-gpu-worker-0,0,NVIDIA L4,suse-ai,66.0
1788006540,gpu_temp_c,downstream-gpu-worker-0,0,NVIDIA L4,suse-ai,53.4
1788006600,gpu_util_pct,downstream-gpu-worker-0,0,NVIDIA L4,suse-ai,10
1788006600,tensor_active_fraction,downstream-gpu-worker-0,0,NVIDIA L4,suse-ai,0.096
1788006600,fb_used_mib,downstream-gpu-worker-0,0,NVIDIA L4,suse-ai,2908
1788006600,power_usage_w,downstream-gpu-worker-0,0,NVIDIA L4,suse-ai,34.1
1788006600,gpu_temp_c,downstream-gpu-worker-0,0,NVIDIA L4,suse-ai,38.8
1788006660,gpu_util_pct,downstream-gpu-worker-0,0,NVIDIA L4,suse-ai,6
1788006660,tensor_active_fraction,downstream-gpu-worker-0,0,NVIDIA L4,suse-ai,0.022
1788006660,fb_used_mib,downstream-gpu-worker-0,0,NVIDIA L4,suse-ai,3526
1788006660,power_usage_w,downstream-gpu-worker-0,0,NVIDIA L4,suse-ai,35.7
1788006660,gpu_temp_c,downstream-gpu-worker-0,0,NVIDIA L4,suse-ai,38.1
1788006720,gpu_util_pct,downstream-gpu-worker-0,0,NVIDIA L4,suse-ai,41
1788006720,tensor_active_fraction,downstream-gpu-worker-0,0,NVIDIA L4,suse-ai,0.327
1788006720,fb_used_mib,downstream-gpu-worker-0,0,NVIDIA L4,suse-ai,9381
1788006720,power_usage_w,downstream-gpu-worker-0,0,NVIDIA L4,suse-ai,53.0
1788006720,gpu_temp_c,downstream-gpu-worker-0,0,NVIDIA L4,suse-ai,46.1
1788006780,gpu_util_pct,downstream-gpu-worker-0,0,NVIDIA L4,suse-ai,36
1788006780,tensor_active_fraction,downstream-gpu-worker-0,0,NVIDIA L4,suse-ai,0.251
1788006780,fb_used_mib,downstream-gpu-worker-0,0,NVIDIA L4,suse-ai,7918
1788006780,power_usage_w,downstream-gpu-worker-0,0,NVIDIA L4,suse-ai,48.6
1788006780,gpu_temp_c,downstream-gpu-worker-0,0,NVIDIA L4,suse-ai,46.4
1788006840,gpu_util_pct,downstream-gpu-worker-0,0,NVIDIA L4,suse-ai,4
1788006840,tensor_active_fraction,downstream-gpu-worker-0,0,NVIDIA L4,suse-ai,0.089
1788006840,fb_used_mib,downstream-gpu-worker-0,0,NVIDIA L4,suse-ai,3517
1788006840,power_usage_w,downstream-gpu-worker-0,0,NVIDIA L4,suse-ai,37.8
1788006840,gpu_temp_c,downstream-gpu-worker-0,0,NVIDIA L4,suse-ai,38.4
1788006900,gpu_util_pct,downstream-gpu-worker-0,0,NVIDIA L4,suse-ai,53
1788006900,tensor_active_fraction,downstream-gpu-worker-0,0,NVIDIA L4,suse-ai,0.416
1788006900,fb_used_mib,downstream-gpu-worker-0,0,NVIDIA L4,suse-ai,12289
1788006900,power_usage_w,downstream-gpu-worker-0,0,NVIDIA L4,suse-ai,66.0
1788006900,gpu_temp_c,downstream-gpu-worker-0,0,NVIDIA L4,suse-ai,53.5
1788006960,gpu_util_pct,downstream-gpu-worker-0,0,NVIDIA L4,suse-ai,45
1788006960,tensor_active_fraction,downstream-gpu-worker-0,0,NVIDIA L4,suse-ai,0.34
1788006960,fb_used_mib,downstream-gpu-worker-0,0,NVIDIA L4,suse-ai,9351
1788006960,power_usage_w,downstream-gpu-worker-0,0,NVIDIA L4,suse-ai,54.1
1788006960,gpu_temp_c,downstream-gpu-worker-0,0,NVIDIA L4,suse-ai,48.6
1788007020,gpu_util_pct,downstream-gpu-worker-0,0,NVIDIA L4,suse-ai,21
1788007020,tensor_active_fraction,downstream-gpu-worker-0,0,NVIDIA L4,suse-ai,0.181
1788007020,fb_used_mib,downstream-gpu-worker-0,0,NVIDIA L4,suse-ai,6036
1788007020,power_usage_w,downstream-gpu-worker-0,0,NVIDIA L4,suse-ai,44.1
1788007020,gpu_temp_c,downstream-gpu-worker-0,0,NVIDIA L4,suse-ai,43.0
1788007080,gpu_util_pct,downstream-gpu-worker-0,0,NVIDIA L4,suse-ai,40
1788007080,tensor_active_fraction,downstream-gpu-worker-0,0,NVIDIA L4,suse-ai,0.379
1788007080,fb_used_mib,downstream-gpu-worker-0,0,NVIDIA L4,suse-ai,9588
1788007080,power_usage_w,downstream-gpu-worker-0,0,NVIDIA L4,suse-ai,52.4
1788007080,gpu_temp_c,downstream-gpu-worker-0,0,NVIDIA L4,suse-ai,45.7
1788007140,gpu_util_pct,downstream-gpu-worker-0,0,NVIDIA L4,suse-ai,28
1788007140,tensor_active_fraction,downstream-gpu-worker-0,0,NVIDIA L4,suse-ai,0.24
1788007140,fb_used_mib,downstream-gpu-worker-0,0,NVIDIA L4,suse-ai,7414
1788007140,power_usage_w,downstream-gpu-worker-0,0,NVIDIA L4,suse-ai,44.9
1788007140,gpu_temp_c,downstream-gpu-worker-0,0,NVIDIA L4,suse-ai,44.6
1788007200,gpu_util_pct,downstream-gpu-worker-0,0,NVIDIA L4,suse-ai,35
1788007200,tensor_active_fraction,downstream-gpu-worker-0,0,NVIDIA L4,suse-ai,0.277
1788007200,fb_used_mib,downstream-gpu-worker-0,0,NVIDIA L4,suse-ai,7583
1788007200,power_usage_w,downstream-gpu-worker-0,0,NVIDIA L4,suse-ai,49.0
1788007200,gpu_temp_c,downstream-gpu-worker-0,0,NVIDIA L4,suse-ai,44.5
1788007260,gpu_util_pct,downstream-gpu-worker-0,0,NVIDIA L4,suse-ai,34
1788007260,tensor_active_fraction,downstream-gpu-worker-0,0,NVIDIA L4,suse-ai,0.303
1788007260,fb_used_mib,downstream-gpu-worker-0,0,NVIDIA L4,suse-ai,8600
1788007260,power_usage_w,downstream-gpu-worker-0,0,NVIDIA L4,suse-ai,52.8
1788007260,gpu_temp_c,downstream-gpu-worker-0,0,NVIDIA L4,suse-ai,46.6
1788007320,gpu_util_pct,downstream-gpu-worker-0,0,NVIDIA L4,suse-ai,33
1788007320,tensor_active_fraction,downstream-gpu-worker-0,0,NVIDIA L4,suse-ai,0.269
1788007320,fb_used_mib,downstream-gpu-worker-0,0,NVIDIA L4,suse-ai,7967
1788007320,power_usage_w,downstream-gpu-worker-0,0,NVIDIA L4,suse-ai,49.6
1788007320,gpu_temp_c,downstream-gpu-worker-0,0,NVIDIA L4,suse-ai,42.7
1788007380,gpu_util_pct,downstream-gpu-worker-0,0,NVIDIA L4,suse-ai,31
1788007380,tensor_active_fraction,downstream-gpu-worker-0,0,NVIDIA L4,suse-ai,0.226
1788007380,fb_used_mib,downstream-gpu-worker-0,0,NVIDIA L4,suse-ai,6855
1788007380,power_usage_w,downstream-gpu-worker-0,0,NVIDIA L4,suse-ai,45.5
1788007380,gpu_temp_c,downstream-gpu-worker-0,0,NVIDIA L4,suse-ai,45.1
1788007440,gpu_util_pct,downstream-gpu-worker-0,0,NVIDIA L4,suse-ai,15
1788007440,tensor_active_fraction,downstream-gpu-worker-0,0,NVIDIA L4,suse-ai,0.164
1788007440,fb_used_mib,downstream-gpu-worker-0,0,NVIDIA L4,suse-ai,5295
1788007440,power_usage_w,downstream-gpu-worker-0,0,NVIDIA L4,suse-ai,39.7
1788007440,gpu_temp_c,downstream-gpu-worker-0,0,NVIDIA L4,suse-ai,41.6
1788007500,gpu_util_pct,downstream-gpu-worker-0,0,NVIDIA L4,suse-ai,17
1788007500,tensor_active_fraction,downstream-gpu-worker-0,0,NVIDIA L4,suse-ai,0.136
1788007500,fb_used_mib,downstream-gpu-worker-0,0,NVIDIA L4,suse-ai,4917
1788007500,power_usage_w,downstream-gpu-worker-0,0,NVIDIA L4,suse-ai,40.6
1788007500,gpu_temp_c,downstream-gpu-worker-0,0,NVIDIA L4,suse-ai,39.0
1788007560,gpu_util_pct,downstream-gpu-worker-0,0,NVIDIA L4,suse-ai,39
1788007560,tensor_active_fraction,downstream-gpu-worker-0,0,NVIDIA L4,suse-ai,0.35
1788007560,fb_used_mib,downstream-gpu-worker-0,0,NVIDIA L4,suse-ai,9750
1788007560,power_usage_w,downstream-gpu-worker-0,0,NVIDIA L4,suse-ai,53.8
1788007560,gpu_temp_c,downstream-gpu-worker-0,0,NVIDIA L4,suse-ai,49.3
1788007620,gpu_util_pct,downstream-gpu-worker-0,0,NVIDIA L4,suse-ai,17
1788007620,tensor_active_fraction,downstream-gpu-worker-0,0,NVIDIA L4,suse-ai,0.101
1788007620,fb_used_mib,downstream-gpu-worker-0,0,NVIDIA L4,suse-ai,4681
1788007620,power_usage_w,downstream-gpu-worker-0,0,NVIDIA L4,suse-ai,40.7
1788007620,gpu_temp_c,downstream-gpu-worker-0,0,NVIDIA L4,suse-ai,40.0
1788007680,gpu_util_pct,downstream-gpu-worker-0,0,NVIDIA L4,suse-ai,57
1788007680,tensor_active_fraction,downstream-gpu-worker-0,0,NVIDIA L4,suse-ai,0.449
1788007680,fb_used_mib,downstream-gpu-worker-0,0,NVIDIA L4,suse-ai,11704
1788007680,power_usage_w,downstream-gpu-worker-0,0,NVIDIA L4,suse-ai,60.6
1788007680,gpu_temp_c,downstream-gpu-worker-0,0,NVIDIA L4,suse-ai,52.4
1788007740,gpu_util_pct,downstream-gpu-worker-0,0,NVIDIA L4,suse-ai,11
1788007740,tensor_active_fraction,downstream-gpu-worker-0,0,NVIDIA L4,suse-ai,0.118
1788007740,fb_used_mib,downstream-gpu-worker-0,0,NVIDIA L4,suse-ai,4400
1788007740,power_usage_w,downstream-gpu-worker-0,0,NVIDIA L4,suse-ai,41.5
1788007740,gpu_temp_c,downstream-gpu-worker-0,0,NVIDIA L4,suse-ai,41.2
1788007800,gpu_util_pct,downstream-gpu-worker-0,0,NVIDIA L4,suse-ai,39
1788007800,tensor_active_fraction,downstream-gpu-worker-0,0,NVIDIA L4,suse-ai,0.319
1788007800,fb_used_mib,downstream-gpu-worker-0,0,NVIDIA L4,suse-ai,8524
1788007800,power_usage_w,downstream-gpu-worker-0,0,NVIDIA L4,suse-ai,50.9
1788007800,gpu_temp_c,downstream-gpu-worker-0,0,NVIDIA L4,suse-ai,45.2
1788007860,gpu_util_pct,downstream-gpu-worker-0,0,NVIDIA L4,suse-ai,42
1788007860,tensor_active_fraction,downstream-gpu-worker-0,0,NVIDIA L4,suse-ai,0.284
1788007860,fb_used_mib,downstream-gpu-worker-0,0,NVIDIA L4,suse-ai,9159
1788007860,power_usage_w,downstream-gpu-worker-0,0,NVIDIA L4,suse-ai,55.8
1788007860,gpu_temp_c,downstream-gpu-worker-0,0,NVIDIA L4,suse-ai,45.1
1788007920,gpu_util_pct,downstream-gpu-worker-0,0,NVIDIA L4,suse-ai,19
1788007920,tensor_active_fraction,downstream-gpu-worker-0,0,NVIDIA L4,suse-ai,0.082
1788007920,fb_used_mib,downstream-gpu-worker-0,0,NVIDIA L4,suse-ai,4841
1788007920,power_usage_w,downstream-gpu-worker-0,0,NVIDIA L4,suse-ai,39.4
1788007920,gpu_temp_c,downstream-gpu-worker-0,0,NVIDIA L4,suse-ai,39.7
1788007980,gpu_util_pct,downstream-gpu-worker-0,0,NVIDIA L4,suse-ai,61
1788007980,tensor_active_fraction,downstream-gpu-worker-0,0,NVIDIA L4,suse-ai,0.429
1788007980,fb_used_mib,downstream-gpu-worker-0,0,NVIDIA L4,suse-ai,12335
1788007980,power_usage_w,downstream-gpu-worker-0,0,NVIDIA L4,suse-ai,63.5
1788007980,gpu_temp_c,downstream-gpu-worker-0,0,NVIDIA L4,suse-ai,51.2
1788008040,gpu_util_pct,downstream-gpu-worker-0,0,NVIDIA L4,suse-ai,31
1788008040,tensor_active_fraction,downstream-gpu-worker-0,0,NVIDIA L4,suse-ai,0.234
1788008040,fb_used_mib,downstream-gpu-worker-0,0,NVIDIA L4,suse-ai,7850
1788008040,power_usage_w,downstream-gpu-worker-0,0,NVIDIA L4,suse-ai,48.4
1788008040,gpu_temp_c,downstream-gpu-worker-0,0,NVIDIA L4,suse-ai,43.8
1788008100,gpu_util_pct,downstream-gpu-worker-0,0,NVIDIA L4,suse-ai,36
1788008100,tensor_active_fraction,downstream-gpu-worker-0,0,NVIDIA L4,suse-ai,0.214
1788008100,fb_used_mib,downstream-gpu-worker-0,0,NVIDIA L4,suse-ai,7743
1788008100,power_usage_w,downstream-gpu-worker-0,0,NVIDIA L4,suse-ai,48.2
1788008100,gpu_temp_c,downstream-gpu-worker-0,0,NVIDIA L4,suse-ai,45.9
1788008160,gpu_util_pct,downstream-gpu-worker-0,0,NVIDIA L4,suse-ai,38
1788008160,tensor_active_fraction,downstream-gpu-worker-0,0,NVIDIA L4,suse-ai,0.271
1788008160,fb_used_mib,downstream-gpu-worker-0,0,NVIDIA L4,suse-ai,8521
1788008160,power_usage_w,downstream-gpu-worker-0,0,NVIDIA L4,suse-ai,53.9
1788008160,gpu_temp_c,downstream-gpu-worker-0,0,NVIDIA L4,suse-ai,45.0
1788008220,gpu_util_pct,downstream-gpu-worker-0,0,NVIDIA L4,suse-ai,35
1788008220,tensor_active_fraction,downstream-gpu-worker-0,0,NVIDIA L4,suse-ai,0.299
1788008220,fb_used_mib,downstream-gpu-worker-0,0,NVIDIA L4,suse-ai,8225
1788008220,power_usage_w,downstream-gpu-worker-0,0,NVIDIA L4,suse-ai,52.1
1788008220,gpu_temp_c,downstream-gpu-worker-0,0,NVIDIA L4,suse-ai,46.6
1788008280,gpu_util_pct,downstream-gpu-worker-0,0,NVIDIA L4,suse-ai,33
1788008280,tensor_active_fraction,downstream-gpu-worker-0,0,NVIDIA L4,suse-ai,0.299
1788008280,fb_used_mib,downstream-gpu-worker-0,0,NVIDIA L4,suse-ai,7546
1788008280,power_usage_w,downstream-gpu-worker-0,0,NVIDIA L4,suse-ai,45.8
1788008280,gpu_temp_c,downstream-gpu-worker-0,0,NVIDIA L4,suse-ai,42.4
1788008340,gpu_util_pct,downstream-gpu-worker-0,0,NVIDIA L4,suse-ai,2
1788008340,tensor_active_fraction,downstream-gpu-worker-0,0,NVIDIA L4,suse-ai,0.029
1788008340,fb_used_mib,downstream-gpu-worker-0,0,NVIDIA L4,suse-ai,2672
1788008340,power_usage_w,downstream-gpu-worker-0,0,NVIDIA L4,suse-ai,31.1
1788008340,gpu_temp_c,downstream-gpu-worker-0,0,NVIDIA L4,suse-ai,36.9
1788008400,gpu_util_pct,downstream-gpu-worker-0,0,NVIDIA L4,suse-ai,10
1788008400,tensor_active_fraction,downstream-gpu-worker-0,0,NVIDIA L4,suse-ai,0.129
1788008400,fb_used_mib,downstream-gpu-worker-0,0,NVIDIA L4,suse-ai,4454
1788008400,power_usage_w,downstream-gpu-worker-0,0,NVIDIA L4,suse-ai,39.3
1788008400,gpu_temp_c,downstream-gpu-worker-0,0,NVIDIA L4,suse-ai,41.0
1788008460,gpu_util_pct,downstream-gpu-worker-0,0,NVIDIA L4,suse-ai,13
1788008460,tensor_active_fraction,downstream-gpu-worker-0,0,NVIDIA L4,suse-ai,0.061
1788008460,fb_used_mib,downstream-gpu-worker-0,0,NVIDIA L4,suse-ai,4410
1788008460,power_usage_w,downstream-gpu-worker-0,0,NVIDIA L4,suse-ai,34.9
1788008460,gpu_temp_c,downstream-gpu-worker-0,0,NVIDIA L4,suse-ai,39.1
1788008520,gpu_util_pct,downstream-gpu-worker-0,0,NVIDIA L4,suse-ai,25
1788008520,tensor_active_fraction,downstream-gpu-worker-0,0,NVIDIA L4,suse-ai,0.193
1788008520,fb_used_mib,downstream-gpu-worker-0,0,NVIDIA L4,suse-ai,6126
1788008520,power_usage_w,downstream-gpu-worker-0,0,NVIDIA L4,suse-ai,41.5
1788008520,gpu_temp_c,downstream-gpu-worker-0,0,NVIDIA L4,suse-ai,40.1
1788008580,gpu_util_pct,downstream-gpu-worker-0,0,NVIDIA L4,suse-ai,8
1788008580,tensor_active_fraction,downstream-gpu-worker-0,0,NVIDIA L4,suse-ai,0.098
1788008580,fb_used_mib,downstream-gpu-worker-0,0,NVIDIA L4,suse-ai,3664
1788008580,power_usage_w,downstream-gpu-worker-0,0,NVIDIA L4,suse-ai,35.8
1788008580,gpu_temp_c,downstream-gpu-worker-0,0,NVIDIA L4,suse-ai,40.0
1788008640,gpu_util_pct,downstream-gpu-worker-0,0,NVIDIA L4,suse-ai,49
1788008640,tensor_active_fraction,downstream-gpu-worker-0,0,NVIDIA L4,suse-ai,0.393
1788008640,fb_used_mib,downstream-gpu-worker-0,0,NVIDIA L4,suse-ai,10563
1788008640,power_usage_w,downstream-gpu-worker-0,0,NVIDIA L4,suse-ai,56.7
1788008640,gpu_temp_c,downstream-gpu-worker-0,0,NVIDIA L4,suse-ai,50.2
1788008700,gpu_util_pct,downstream-gpu-worker-0,0,NVIDIA L4,suse-ai,12
1788008700,tensor_active_fraction,downstream-gpu-worker-0,0,NVIDIA L4,suse-ai,0.116
1788008700,fb_used_mib,downstream-gpu-worker-0,0,NVIDIA L4,suse-ai,5063
1788008700,power_usage_w,downstream-gpu-worker-0,0,NVIDIA L4,suse-ai,38.1
1788008700,gpu_temp_c,downstream-gpu-worker-0,0,NVIDIA L4,suse-ai,41.0
1788008760,gpu_util_pct,downstream-gpu-worker-0,0,NVIDIA L4,suse-ai,5
1788008760,tensor_active_fraction,downstream-gpu-worker-0,0,NVIDIA L4,suse-ai,0.124
1788008760,fb_used_mib,downstream-gpu-worker-0,0,NVIDIA L4,suse-ai,3599
1788008760,power_usage_w,downstream-gpu-worker-0,0,NVIDIA L4,suse-ai,35.1
1788008760,gpu_temp_c,downstream-gpu-worker-0,0,NVIDIA L4,suse-ai,38.4
1788008820,gpu_util_pct,downstream-gpu-worker-0,0,NVIDIA L4,suse-ai,5
1788008820,tensor_active_fraction,downstream-gpu-worker-0,0,NVIDIA L4,suse-ai,0.033
1788008820,fb_used_mib,downstream-gpu-worker-0,0,NVIDIA L4,suse-ai,2952
1788008820,power_usage_w,downstream-gpu-worker-0,0,NVIDIA L4,suse-ai,30.7
1788008820,gpu_temp_c,downstream-gpu-worker-0,0,NVIDIA L4,suse-ai,36.3
1788008880,gpu_util_pct,downstream-gpu-worker-0,0,NVIDIA L4,suse-ai,10
1788008880,tensor_active_fraction,downstream-gpu-worker-0,0,NVIDIA L4,suse-ai,0.074
1788008880,fb_used_mib,downstream-gpu-worker-0,0,NVIDIA L4,suse-ai,4715
1788008880,power_usage_w,downstream-gpu-worker-0,0,NVIDIA L4,suse-ai,40.4
1788008880,gpu_temp_c,downstream-gpu-worker-0,0,NVIDIA L4,suse-ai,37.4
1788008940,gpu_util_pct,downstream-gpu-worker-0,0,NVIDIA L4,suse-ai,31
1788008940,tensor_active_fraction,downstream-gpu-worker-0,0,NVIDIA L4,suse-ai,0.189
1788008940,fb_used_mib,downstream-gpu-worker-0,0,NVIDIA L4,suse-ai,7189
1788008940,power_usage_w,downstream-gpu-worker-0,0,NVIDIA L4,suse-ai,47.3
1788008940,gpu_temp_c,downstream-gpu-worker-0,0,NVIDIA L4,suse-ai,42.6
1788009000,gpu_util_pct,downstream-gpu-worker-0,0,NVIDIA L4,suse-ai,18
1788009000,tensor_active_fraction,downstream-gpu-worker-0,0,NVIDIA L4,suse-ai,0.103
1788009000,fb_used_mib,downstream-gpu-worker-0,0,NVIDIA L4,suse-ai,5507
1788009000,power_usage_w,downstream-gpu-worker-0,0,NVIDIA L4,suse-ai,43.0
1788009000,gpu_temp_c,downstream-gpu-worker-0,0,NVIDIA L4,suse-ai,40.6
1788009060,gpu_util_pct,downstream-gpu-worker-0,0,NVIDIA L4,suse-ai,26
1788009060,tensor_active_fraction,downstream-gpu-worker-0,0,NVIDIA L4,suse-ai,0.221
1788009060,fb_used_mib,downstream-gpu-worker-0,0,NVIDIA L4,suse-ai,6108
1788009060,power_usage_w,downstream-gpu-worker-0,0,NVIDIA L4,suse-ai,42.6
1788009060,gpu_temp_c,downstream-gpu-worker-0,0,NVIDIA L4,suse-ai,41.7
1788009120,gpu_util_pct,downstream-gpu-worker-0,0,NVIDIA L4,suse-ai,45
1788009120,tensor_active_fraction,downstream-gpu-worker-0,0,NVIDIA L4,suse-ai,0.301
1788009120,fb_used_mib,downstream-gpu-worker-0,0,NVIDIA L4,suse-ai,9628
1788009120,power_usage_w,downstream-gpu-worker-0,0,NVIDIA L4,suse-ai,58.3
1788009120,gpu_temp_c,downstream-gpu-worker-0,0,NVIDIA L4,suse-ai,47.0
1788009180,gpu_util_pct,downstream-gpu-worker-0,0,NVIDIA L4,suse-ai,13
1788009180,tensor_active_fraction,downstream-gpu-worker-0,0,NVIDIA L4,suse-ai,0.187
1788009180,fb_used_mib,downstream-gpu-worker-0,0,NVIDIA L4,suse-ai,5143
1788009180,power_usage_w,downstream-gpu-worker-0,0,NVIDIA L4,suse-ai,39.5
1788009180,gpu_temp_c,downstream-gpu-worker-0,0,NVIDIA L4,suse-ai,41.6
1788009240,gpu_util_pct,downstream-gpu-worker-0,0,NVIDIA L4,suse-ai,23
1788009240,tensor_active_fraction,downstream-gpu-worker-0,0,NVIDIA L4,suse-ai,0.182
1788009240,fb_used_mib,downstream-gpu-worker-0,0,NVIDIA L4,suse-ai,5430
1788009240,power_usage_w,downstream-gpu-worker-0,0,NVIDIA L4,suse-ai,39.9
1788009240,gpu_temp_c,downstream-gpu-worker-0,0,NVIDIA L4,suse-ai,41.1
1788009300,gpu_util_pct,downstream-gpu-worker-0,0,NVIDIA L4,suse-ai,62
1788009300,tensor_active_fraction,downstream-gpu-worker-0,0,NVIDIA L4,suse-ai,0.466
1788009300,fb_used_mib,downstream-gpu-worker-0,0,NVIDIA L4,suse-ai,12889
1788009300,power_usage_w,downstream-gpu-worker-0,0,NVIDIA L4,suse-ai,64.1
1788009300,gpu_temp_c,downstream-gpu-worker-0,0,NVIDIA L4,suse-ai,54.0
1788009360,gpu_util_pct,downstream-gpu-worker-0,0,NVIDIA L4,suse-ai,33
1788009360,tensor_active_fraction,downstream-gpu-worker-0,0,NVIDIA L4,suse-ai,0.227
1788009360,fb_used_mib,downstream-gpu-worker-0,0,NVIDIA L4,suse-ai,7115
1788009360,power_usage_w,downstream-gpu-worker-0,0,NVIDIA L4,suse-ai,44.7
1788009360,gpu_temp_c,downstream-gpu-worker-0,0,NVIDIA L4,suse-ai,41.8
1788009420,gpu_util_pct,downstream-gpu-worker-0,0,NVIDIA L4,suse-ai,60
1788009420,tensor_active_fraction,downstream-gpu-worker-0,0,NVIDIA L4,suse-ai,0.492
1788009420,fb_used_mib,downstream-gpu-worker-0,0,NVIDIA L4,suse-ai,13436
1788009420,power_usage_w,downstream-gpu-worker-0,0,NVIDIA L4,suse-ai,68.6
1788009420,gpu_temp_c,downstream-gpu-worker-0,0,NVIDIA L4,suse-ai,53.9
1788009480,gpu_util_pct,downstream-gpu-worker-0,0,NVIDIA L4,suse-ai,64
1788009480,tensor_active_fraction,downstream-gpu-worker-0,0,NVIDIA L4,suse-ai,0.534
1788009480,fb_used_mib,downstream-gpu-worker-0,0,NVIDIA L4,suse-ai,12772
1788009480,power_usage_w,downstream-gpu-worker-0,0,NVIDIA L4,suse-ai,65.6
1788009480,gpu_temp_c,downstream-gpu-worker-0,0,NVIDIA L4,suse-ai,52.6
1788009540,gpu_util_pct,downstream-gpu-worker-0,0,NVIDIA L4,suse-ai,44
1788009540,tensor_active_fraction,downstream-gpu-worker-0,0,NVIDIA L4,suse-ai,0.329
1788009540,fb_used_mib,downstream-gpu-worker-0,0,NVIDIA L4,suse-ai,10117
1788009540,power_usage_w,downstream-gpu-worker-0,0,NVIDIA L4,suse-ai,57.0
1788009540,gpu_temp_c,downstream-gpu-worker-0,0,NVIDIA L4,suse-ai,50.2
1788009600,gpu_util_pct,downstream-gpu-worker-0,0,NVIDIA L4,suse-ai,55
1788009600,tensor_active_fraction,downstream-gpu-worker-0,0,NVIDIA L4,suse-ai,0.463
1788009600,fb_used_mib,downstream-gpu-worker-0,0,NVIDIA L4,suse-ai,11758
1788009600,power_usage_w,downstream-gpu-worker-0,0,NVIDIA L4,suse-ai,60.3
1788009600,gpu_temp_c,downstream-gpu-worker-0,0,NVIDIA L4,suse-ai,52.4
1788009660,gpu_util_pct,downstream-gpu-worker-0,0,NVIDIA L4,suse-ai,24
1788009660,tensor_active_fraction,downstream-gpu-worker-0,0,NVIDIA L4,suse-ai,0.275
1788009660,fb_used_mib,downstream-gpu-worker-0,0,NVIDIA L4,suse-ai,7313
1788009660,power_usage_w,downstream-gpu-worker-0,0,NVIDIA L4,suse-ai,46.0
1788009660,gpu_temp_c,downstream-gpu-worker-0,0,NVIDIA L4,suse-ai,44.4
1788009720,gpu_util_pct,downstream-gpu-worker-0,0,NVIDIA L4,suse-ai,1
1788009720,tensor_active_fraction,downstream-gpu-worker-0,0,NVIDIA L4,suse-ai,0.04
1788009720,fb_used_mib,downstream-gpu-worker-0,0,NVIDIA L4,suse-ai,2128
1788009720,power_usage_w,downstream-gpu-worker-0,0,NVIDIA L4,suse-ai,27.6
1788009720,gpu_temp_c,downstream-gpu-worker-0,0,NVIDIA L4,suse-ai,35.4
1788009780,gpu_util_pct,downstream-gpu-worker-0,0,NVIDIA L4,suse-ai,48
1788009780,tensor_active_fraction,downstream-gpu-worker-0,0,NVIDIA L4,suse-ai,0.454
1788009780,fb_used_mib,downstream-gpu-worker-0,0,NVIDIA L4,suse-ai,11335
1788009780,power_usage_w,downstream-gpu-worker-0,0,NVIDIA L4,suse-ai,62.2
1788009780,gpu_temp_c,downstream-gpu-worker-0,0,NVIDIA L4,suse-ai,51.3
1788009840,gpu_util_pct,downstream-gpu-worker-0,0,NVIDIA L4,suse-ai,0
1788009840,tensor_active_fraction,downstream-gpu-worker-0,0,NVIDIA L4,suse-ai,0.0
1788009840,fb_used_mib,downstream-gpu-worker-0,0,NVIDIA L4,suse-ai,2187
1788009840,power_usage_w,downstream-gpu-worker-0,0,NVIDIA L4,suse-ai,31.6
1788009840,gpu_temp_c,downstream-gpu-worker-0,0,NVIDIA L4,suse-ai,34.7
1788009900,gpu_util_pct,downstream-gpu-worker-0,0,NVIDIA L4,suse-ai,6
1788009900,tensor_active_fraction,downstream-gpu-worker-0,0,NVIDIA L4,suse-ai,0.038
1788009900,fb_used_mib,downstream-gpu-worker-0,0,NVIDIA L4,suse-ai,2670
1788009900,power_usage_w,downstream-gpu-worker-0,0,NVIDIA L4,suse-ai,35.3
1788009900,gpu_temp_c,downstream-gpu-worker-0,0,NVIDIA L4,suse-ai,35.1
1788009960,gpu_util_pct,downstream-gpu-worker-0,0,NVIDIA L4,suse-ai,0
1788009960,tensor_active_fraction,downstream-gpu-worker-0,0,NVIDIA L4,suse-ai,0.0
1788009960,fb_used_mib,downstream-gpu-worker-0,0,NVIDIA L4,suse-ai,1910
1788009960,power_usage_w,downstream-gpu-worker-0,0,NVIDIA L4,suse-ai,31.5
1788009960,gpu_temp_c,downstream-gpu-worker-0,0,NVIDIA L4,suse-ai,33.7
1788010020,gpu_util_pct,downstream-gpu-worker-0,0,NVIDIA L4,suse-ai,18
1788010020,tensor_active_fraction,downstream-gpu-worker-0,0,NVIDIA L4,suse-ai,0.143
1788010020,fb_used_mib,downstream-gpu-worker-0,0,NVIDIA L4,suse-ai,5823
1788010020,power_usage_w,downstream-gpu-worker-0,0,NVIDIA L4,suse-ai,40.4
1788010020,gpu_temp_c,downstream-gpu-worker-0,0,NVIDIA L4,suse-ai,42.5
1788010080,gpu_util_pct,downstream-gpu-worker-0,0,NVIDIA L4,suse-ai,38
1788010080,tensor_active_fraction,downstream-gpu-worker-0,0,NVIDIA L4,suse-ai,0.279
1788010080,fb_used_mib,downstream-gpu-worker-0,0,NVIDIA L4,suse-ai,9194
1788010080,power_usage_w,downstream-gpu-worker-0,0,NVIDIA L4,suse-ai,51.0
1788010080,gpu_temp_c,downstream-gpu-worker-0,0,NVIDIA L4,suse-ai,44.8
1788010140,gpu_util_pct,downstream-gpu-worker-0,0,NVIDIA L4,suse-ai,62
1788010140,tensor_active_fraction,downstream-gpu-worker-0,0,NVIDIA L4,suse-ai,0.485
1788010140,fb_used_mib,downstream-gpu-worker-0,0,NVIDIA L4,suse-ai,12625
1788010140,power_usage_w,downstream-gpu-worker-0,0,NVIDIA L4,suse-ai,66.9
1788010140,gpu_temp_c,downstream-gpu-worker-0,0,NVIDIA L4,suse-ai,54.0
1788010200,gpu_util_pct,downstream-gpu-worker-0,0,NVIDIA L4,suse-ai,25
1788010200,tensor_active_fraction,downstream-gpu-worker-0,0,NVIDIA L4,suse-ai,0.191
1788010200,fb_used_mib,downstream-gpu-worker-0,0,NVIDIA L4,suse-ai,7008
1788010200,power_usage_w,downstream-gpu-worker-0,0,NVIDIA L4,suse-ai,46.7
1788010200,gpu_temp_c,downstream-gpu-worker-0,0,NVIDIA L4,suse-ai,42.5
1788010260,gpu_util_pct,downstream-gpu-worker-0,0,NVIDIA L4,suse-ai,9
1788010260,tensor_active_fraction,downstream-gpu-worker-0,0,NVIDIA L4,suse-ai,0.068
1788010260,fb_used_mib,downstream-gpu-worker-0,0,NVIDIA L4,suse-ai,3401
1788010260,power_usage_w,downstream-gpu-worker-0,0,NVIDIA L4,suse-ai,35.1
1788010260,gpu_temp_c,downstream-gpu-worker-0,0,NVIDIA L4,suse-ai,35.5
1788010320,gpu_util_pct,downstream-gpu-worker-0,0,NVIDIA L4,suse-ai,51
1788010320,tensor_active_fraction,downstream-gpu-worker-0,0,NVIDIA L4,suse-ai,0.415
1788010320,fb_used_mib,downstream-gpu-worker-0,0,NVIDIA L4,suse-ai,11537
1788010320,power_usage_w,downstream-gpu-worker-0,0,NVIDIA L4,suse-ai,59.9
1788010320,gpu_temp_c,downstream-gpu-worker-0,0,NVIDIA L4,suse-ai,52.8
1788010380,gpu_util_pct,downstream-gpu-worker-0,0,NVIDIA L4,suse-ai,65
1788010380,tensor_active_fraction,downstream-gpu-worker-0,0,NVIDIA L4,suse-ai,0.544
1788010380,fb_used_mib,downstream-gpu-worker-0,0,NVIDIA L4,suse-ai,13624
1788010380,power_usage_w,downstream-gpu-worker-0,0,NVIDIA L4,suse-ai,68.1
1788010380,gpu_temp_c,downstream-gpu-worker-0,0,NVIDIA L4,suse-ai,53.9
1788010440,gpu_util_pct,downstream-gpu-worker-0,0,NVIDIA L4,suse-ai,36
1788010440,tensor_active_fraction,downstream-gpu-worker-0,0,NVIDIA L4,suse-ai,0.267
1788010440,fb_used_mib,downstream-gpu-worker-0,0,NVIDIA L4,suse-ai,8850
1788010440,power_usage_w,downstream-gpu-worker-0,0,NVIDIA L4,suse-ai,51.2
1788010440,gpu_temp_c,downstream-gpu-worker-0,0,NVIDIA L4,suse-ai,48.0
1788010500,gpu_util_pct,downstream-gpu-worker-0,0,NVIDIA L4,suse-ai,59
1788010500,tensor_active_fraction,downstream-gpu-worker-0,0,NVIDIA L4,suse-ai,0.439
1788010500,fb_used_mib,downstream-gpu-worker-0,0,NVIDIA L4,suse-ai,12809
1788010500,power_usage_w,downstream-gpu-worker-0,0,NVIDIA L4,suse-ai,62.8
1788010500,gpu_temp_c,downstream-gpu-worker-0,0,NVIDIA L4,suse-ai,52.2
1788010560,gpu_util_pct,downstream-gpu-worker-0,0,NVIDIA L4,suse-ai,7
1788010560,tensor_active_fraction,downstream-gpu-worker-0,0,NVIDIA L4,suse-ai,0.087
1788010560,fb_used_mib,downstream-gpu-worker-0,0,NVIDIA L4,suse-ai,3845
1788010560,power_usage_w,downstream-gpu-worker-0,0,NVIDIA L4,suse-ai,35.3
1788010560,gpu_temp_c,downstream-gpu-worker-0,0,NVIDIA L4,suse-ai,36.2
1788010620,gpu_util_pct,downstream-gpu-worker-0,0,NVIDIA L4,suse-ai,0
1788010620,tensor_active_fraction,downstream-gpu-worker-0,0,NVIDIA L4,suse-ai,0.0
1788010620,fb_used_mib,downstream-gpu-worker-0,0,NVIDIA L4,suse-ai,1812
1788010620,power_usage_w,downstream-gpu-worker-0,0,NVIDIA L4,suse-ai,30.1
1788010620,gpu_temp_c,downstream-gpu-worker-0,0,NVIDIA L4,suse-ai,33.3
1788010680,gpu_util_pct,downstream-gpu-worker-0,0,NVIDIA L4,suse-ai,11
1788010680,tensor_active_fraction,downstream-gpu-worker-0,0,NVIDIA L4,suse-ai,0.097
1788010680,fb_used_mib,downstream-gpu-worker-0,0,NVIDIA L4,suse-ai,3961
1788010680,power_usage_w,downstream-gpu-worker-0,0,NVIDIA L4,suse-ai,38.1
1788010680,gpu_temp_c,downstream-gpu-worker-0,0,NVIDIA L4,suse-ai,39.9
1788010740,gpu_util_pct,downstream-gpu-worker-0,0,NVIDIA L4,suse-ai,7
1788010740,tensor_active_fraction,downstream-gpu-worker-0,0,NVIDIA L4,suse-ai,0.058
1788010740,fb_used_mib,downstream-gpu-worker-0,0,NVIDIA L4,suse-ai,3809
1788010740,power_usage_w,downstream-gpu-worker-0,0,NVIDIA L4,suse-ai,35.9
1788010740,gpu_temp_c,downstream-gpu-worker-0,0,NVIDIA L4,suse-ai,37.0
1788010800,gpu_util_pct,downstream-gpu-worker-0,0,NVIDIA L4,suse-ai,54
1788010800,tensor_active_fraction,downstream-gpu-worker-0,0,NVIDIA L4,suse-ai,0.474
1788010800,fb_used_mib,downstream-gpu-worker-0,0,NVIDIA L4,suse-ai,12294
1788010800,power_usage_w,downstream-gpu-worker-0,0,NVIDIA L4,suse-ai,64.5
1788010800,gpu_temp_c,downstream-gpu-worker-0,0,NVIDIA L4,suse-ai,51.3
1788010860,gpu_util_pct,downstream-gpu-worker-0,0,NVIDIA L4,suse-ai,35
1788010860,tensor_active_fraction,downstream-gpu-worker-0,0,NVIDIA L4,suse-ai,0.291
1788010860,fb_used_mib,downstream-gpu-worker-0,0,NVIDIA L4,suse-ai,8806
1788010860,power_usage_w,downstream-gpu-worker-0,0,NVIDIA L4,suse-ai,50.9
1788010860,gpu_temp_c,downstream-gpu-worker-0,0,NVIDIA L4,suse-ai,45.8
1788010920,gpu_util_pct,downstream-gpu-worker-0,0,NVIDIA L4,suse-ai,12
1788010920,tensor_active_fraction,downstream-gpu-worker-0,0,NVIDIA L4,suse-ai,0.06
1788010920,fb_used_mib,downstream-gpu-worker-0,0,NVIDIA L4,suse-ai,4422
1788010920,power_usage_w,downstream-gpu-worker-0,0,NVIDIA L4,suse-ai,36.7
1788010920,gpu_temp_c,downstream-gpu-worker-0,0,NVIDIA L4,suse-ai,37.4
1788010980,gpu_util_pct,downstream-gpu-worker-0,0,NVIDIA L4,suse-ai,27
1788010980,tensor_active_fraction,downstream-gpu-worker-0,0,NVIDIA L4,suse-ai,0.246
1788010980,fb_used_mib,downstream-gpu-worker-0,0,NVIDIA L4,suse-ai,6837
1788010980,power_usage_w,downstream-gpu-worker-0,0,NVIDIA L4,suse-ai,45.3
1788010980,gpu_temp_c,downstream-gpu-worker-0,0,NVIDIA L4,suse-ai,41.9
1788011040,gpu_util_pct,downstream-gpu-worker-0,0,NVIDIA L4,suse-ai,56
1788011040,tensor_active_fraction,downstream-gpu-worker-0,0,NVIDIA L4,suse-ai,0.453
1788011040,fb_used_mib,downstream-gpu-worker-0,0,NVIDIA L4,suse-ai,11302
1788011040,power_usage_w,downstream-gpu-worker-0,0,NVIDIA L4,suse-ai,61.2
1788011040,gpu_temp_c,downstream-gpu-worker-0,0,NVIDIA L4,suse-ai,49.4
1788011100,gpu_util_pct,downstream-gpu-worker-0,0,NVIDIA L4,suse-ai,24
1788011100,tensor_active_fraction,downstream-gpu-worker-0,0,NVIDIA L4,suse-ai,0.224
1788011100,fb_used_mib,downstream-gpu-worker-0,0,NVIDIA L4,suse-ai,6122
1788011100,power_usage_w,downstream-gpu-worker-0,0,NVIDIA L4,suse-ai,44.0
1788011100,gpu_temp_c,downstream-gpu-worker-0,0,NVIDIA L4,suse-ai,41.9
1788011160,gpu_util_pct,downstream-gpu-worker-0,0,NVIDIA L4,suse-ai,0
1788011160,tensor_active_fraction,downstream-gpu-worker-0,0,NVIDIA L4,suse-ai,0.037
1788011160,fb_used_mib,downstream-gpu-worker-0,0,NVIDIA L4,suse-ai,1899
1788011160,power_usage_w,downstream-gpu-worker-0,0,NVIDIA L4,suse-ai,29.6
1788011160,gpu_temp_c,downstream-gpu-worker-0,0,NVIDIA L4,suse-ai,33.9
1788011220,gpu_util_pct,downstream-gpu-worker-0,0,NVIDIA L4,suse-ai,66
1788011220,tensor_active_fraction,downstream-gpu-worker-0,0,NVIDIA L4,suse-ai,0.534
1788011220,fb_used_mib,downstream-gpu-worker-0,0,NVIDIA L4,suse-ai,13234
1788011220,power_usage_w,downstream-gpu-worker-0,0,NVIDIA L4,suse-ai,66.4
1788011220,gpu_temp_c,downstream-gpu-worker-0,0,NVIDIA L4,suse-ai,51.6
1788011280,gpu_util_pct,downstream-gpu-worker-0,0,NVIDIA L4,suse-ai,69
1788011280,tensor_active_fraction,downstream-gpu-worker-0,0,NVIDIA L4,suse-ai,0.531
1788011280,fb_used_mib,downstream-gpu-worker-0,0,NVIDIA L4,suse-ai,13914
1788011280,power_usage_w,downstream-gpu-worker-0,0,NVIDIA L4,suse-ai,69.2
1788011280,gpu_temp_c,downstream-gpu-worker-0,0,NVIDIA L4,suse-ai,56.1
1788011340,gpu_util_pct,downstream-gpu-worker-0,0,NVIDIA L4,suse-ai,41
1788011340,tensor_active_fraction,downstream-gpu-worker-0,0,NVIDIA L4,suse-ai,0.356
1788011340,fb_used_mib,downstream-gpu-worker-0,0,NVIDIA L4,suse-ai,9862
1788011340,power_usage_w,downstream-gpu-worker-0,0,NVIDIA L4,suse-ai,58.3
1788011340,gpu_temp_c,downstream-gpu-worker-0,0,NVIDIA L4,suse-ai,49.2
1788011400,gpu_util_pct,downstream-gpu-worker-0,0,NVIDIA L4,suse-ai,20
1788011400,tensor_active_fraction,downstream-gpu-worker-0,0,NVIDIA L4,suse-ai,0.17
1788011400,fb_used_mib,downstream-gpu-worker-0,0,NVIDIA L4,suse-ai,6043
1788011400,power_usage_w,downstream-gpu-worker-0,0,NVIDIA L4,suse-ai,46.8
1788011400,gpu_temp_c,downstream-gpu-worker-0,0,NVIDIA L4,suse-ai,40.0
1788011460,gpu_util_pct,downstream-gpu-worker-0,0,NVIDIA L4,suse-ai,39
1788011460,tensor_active_fraction,downstream-gpu-worker-0,0,NVIDIA L4,suse-ai,0.337
1788011460,fb_used_mib,downstream-gpu-worker-0,0,NVIDIA L4,suse-ai,9703
1788011460,power_usage_w,downstream-gpu-worker-0,0,NVIDIA L4,suse-ai,56.1
1788011460,gpu_temp_c,downstream-gpu-worker-0,0,NVIDIA L4,suse-ai,49.7
1788011520,gpu_util_pct,downstream-gpu-worker-0,0,NVIDIA L4,suse-ai,24
1788011520,tensor_active_fraction,downstream-gpu-worker-0,0,NVIDIA L4,suse-ai,0.239
1788011520,fb_used_mib,downstream-gpu-worker-0,0,NVIDIA L4,suse-ai,6785
1788011520,power_usage_w,downstream-gpu-worker-0,0,NVIDIA L4,suse-ai,48.6
1788011520,gpu_temp_c,downstream-gpu-worker-0,0,NVIDIA L4,suse-ai,43.7
1788011580,gpu_util_pct,downstream-gpu-worker-0,0,NVIDIA L4,suse-ai,40
1788011580,tensor_active_fraction,downstream-gpu-worker-0,0,NVIDIA L4,suse-ai,0.375
1788011580,fb_used_mib,downstream-gpu-worker-0,0,NVIDIA L4,suse-ai,10116
1788011580,power_usage_w,downstream-gpu-worker-0,0,NVIDIA L4,suse-ai,58.4
1788011580,gpu_temp_c,downstream-gpu-worker-0,0,NVIDIA L4,suse-ai,48.7
1788011640,gpu_util_pct,downstream-gpu-worker-0,0,NVIDIA L4,suse-ai,17
1788011640,tensor_active_fraction,downstream-gpu-worker-0,0,NVIDIA L4,suse-ai,0.137
1788011640,fb_used_mib,downstream-gpu-worker-0,0,NVIDIA L4,suse-ai,4681
1788011640,power_usage_w,downstream-gpu-worker-0,0,NVIDIA L4,suse-ai,39.2
1788011640,gpu_temp_c,downstream-gpu-worker-0,0,NVIDIA L4,suse-ai,38.2
1788011700,gpu_util_pct,downstream-gpu-worker-0,0,NVIDIA L4,suse-ai,45
1788011700,tensor_active_fraction,downstream-gpu-worker-0,0,NVIDIA L4,suse-ai,0.335
1788011700,fb_used_mib,downstream-gpu-worker-0,0,NVIDIA L4,suse-ai,10091
1788011700,power_usage_w,downstream-gpu-worker-0,0,NVIDIA L4,suse-ai,56.5
1788011700,gpu_temp_c,downstream-gpu-worker-0,0,NVIDIA L4,suse-ai,49.8
1788011760,gpu_util_pct,downstream-gpu-worker-0,0,NVIDIA L4,suse-ai,15
1788011760,tensor_active_fraction,downstream-gpu-worker-0,0,NVIDIA L4,suse-ai,0.146
1788011760,fb_used_mib,downstream-gpu-worker-0,0,NVIDIA L4,suse-ai,5526
1788011760,power_usage_w,downstream-gpu-worker-0,0,NVIDIA L4,suse-ai,39.0
1788011760,gpu_temp_c,downstream-gpu-worker-0,0,NVIDIA L4,suse-ai,40.4
1788011820,gpu_util_pct,downstream-gpu-worker-0,0,NVIDIA L4,suse-ai,43
1788011820,tensor_active_fraction,downstream-gpu-worker-0,0,NVIDIA L4,suse-ai,0.336
1788011820,fb_used_mib,downstream-gpu-worker-0,0,NVIDIA L4,suse-ai,9543
1788011820,power_usage_w,downstream-gpu-worker-0,0,NVIDIA L4,suse-ai,52.6
1788011820,gpu_temp_c,downstream-gpu-worker-0,0,NVIDIA L4,suse-ai,46.7
1788011880,gpu_util_pct,downstream-gpu-worker-0,0,NVIDIA L4,suse-ai,35
1788011880,tensor_active_fraction,downstream-gpu-worker-0,0,NVIDIA L4,suse-ai,0.288
1788011880,fb_used_mib,downstream-gpu-worker-0,0,NVIDIA L4,suse-ai,8047
1788011880,power_usage_w,downstream-gpu-worker-0,0,NVIDIA L4,suse-ai,52.0
1788011880,gpu_temp_c,downstream-gpu-worker-0,0,NVIDIA L4,suse-ai,45.7
1788011940,gpu_util_pct,downstream-gpu-worker-0,0,NVIDIA L4,suse-ai,52
1788011940,tensor_active_fraction,downstream-gpu-worker-0,0,NVIDIA L4,suse-ai,0.377
1788011940,fb_used_mib,downstream-gpu-worker-0,0,NVIDIA L4,suse-ai,11057
1788011940,power_usage_w,downstream-gpu-worker-0,0,NVIDIA L4,suse-ai,59.7
1788011940,gpu_temp_c,downstream-gpu-worker-0,0,NVIDIA L4,suse-ai,49.5
1788012000,gpu_util_pct,downstream-gpu-worker-0,0,NVIDIA L4,suse-ai,0
1788012000,tensor_active_fraction,downstream-gpu-worker-0,0,NVIDIA L4,suse-ai,0.0
1788012000,fb_used_mib,downstream-gpu-worker-0,0,NVIDIA L4,suse-ai,2001
1788012000,power_usage_w,downstream-gpu-worker-0,0,NVIDIA L4,suse-ai,32.0
1788012000,gpu_temp_c,downstream-gpu-worker-0,0,NVIDIA L4,suse-ai,34.9
1788012060,gpu_util_pct,downstream-gpu-worker-0,0,NVIDIA L4,suse-ai,36
1788012060,tensor_active_fraction,downstream-gpu-worker-0,0,NVIDIA L4,suse-ai,0.3
1788012060,fb_used_mib,downstream-gpu-worker-0,0,NVIDIA L4,suse-ai,7824
1788012060,power_usage_w,downstream-gpu-worker-0,0,NVIDIA L4,suse-ai,48.7
1788012060,gpu_temp_c,downstream-gpu-worker-0,0,NVIDIA L4,suse-ai,45.4
1788012120,gpu_util_pct,downstream-gpu-worker-0,0,NVIDIA L4,suse-ai,50
1788012120,tensor_active_fraction,downstream-gpu-worker-0,0,NVIDIA L4,suse-ai,0.398
1788012120,fb_used_mib,downstream-gpu-worker-0,0,NVIDIA L4,suse-ai,9971
1788012120,power_usage_w,downstream-gpu-worker-0,0,NVIDIA L4,suse-ai,59.3
1788012120,gpu_temp_c,downstream-gpu-worker-0,0,NVIDIA L4,suse-ai,46.8
1788012180,gpu_util_pct,downstream-gpu-worker-0,0,NVIDIA L4,suse-ai,18
1788012180,tensor_active_fraction,downstream-gpu-worker-0,0,NVIDIA L4,suse-ai,0.218
1788012180,fb_used_mib,downstream-gpu-worker-0,0,NVIDIA L4,suse-ai,5701
1788012180,power_usage_w,downstream-gpu-worker-0,0,NVIDIA L4,suse-ai,40.9
1788012180,gpu_temp_c,downstream-gpu-worker-0,0,NVIDIA L4,suse-ai,39.9
1788012240,gpu_util_pct,downstream-gpu-worker-0,0,NVIDIA L4,suse-ai,0
1788012240,tensor_active_fraction,downstream-gpu-worker-0,0,NVIDIA L4,suse-ai,0.0
1788012240,fb_used_mib,downstream-gpu-worker-0,0,NVIDIA L4,suse-ai,2638
1788012240,power_usage_w,downstream-gpu-worker-0,0,NVIDIA L4,suse-ai,28.7
1788012240,gpu_temp_c,downstream-gpu-worker-0,0,NVIDIA L4,suse-ai,35.4
1788012300,gpu_util_pct,downstream-gpu-worker-0,0,NVIDIA L4,suse-ai,49
1788012300,tensor_active_fraction,downstream-gpu-worker-0,0,NVIDIA L4,suse-ai,0.352
1788012300,fb_used_mib,downstream-gpu-worker-0,0,NVIDIA L4,suse-ai,9937
1788012300,power_usage_w,downstream-gpu-worker-0,0,NVIDIA L4,suse-ai,58.0
1788012300,gpu_temp_c,downstream-gpu-worker-0,0,NVIDIA L4,suse-ai,46.4
1788012360,gpu_util_pct,downstream-gpu-worker-0,0,NVIDIA L4,suse-ai,1
1788012360,tensor_active_fraction,downstream-gpu-worker-0,0,NVIDIA L4,suse-ai,0.075
1788012360,fb_used_mib,downstream-gpu-worker-0,0,NVIDIA L4,suse-ai,3140
1788012360,power_usage_w,downstream-gpu-worker-0,0,NVIDIA L4,suse-ai,33.5
1788012360,gpu_temp_c,downstream-gpu-worker-0,0,NVIDIA L4,suse-ai,36.0
1788012420,gpu_util_pct,downstream-gpu-worker-0,0,NVIDIA L4,suse-ai,38
1788012420,tensor_active_fraction,downstream-gpu-worker-0,0,NVIDIA L4,suse-ai,0.318
1788012420,fb_used_mib,downstream-gpu-worker-0,0,NVIDIA L4,suse-ai,8510
1788012420,power_usage_w,downstream-gpu-worker-0,0,NVIDIA L4,suse-ai,52.7
1788012420,gpu_temp_c,downstream-gpu-worker-0,0,NVIDIA L4,suse-ai,46.0
1788012480,gpu_util_pct,downstream-gpu-worker-0,0,NVIDIA L4,suse-ai,33
1788012480,tensor_active_fraction,downstream-gpu-worker-0,0,NVIDIA L4,suse-ai,0.277
1788012480,fb_used_mib,downstream-gpu-worker-0,0,NVIDIA L4,suse-ai,8249
1788012480,power_usage_w,downstream-gpu-worker-0,0,NVIDIA L4,suse-ai,49.1
1788012480,gpu_temp_c,downstream-gpu-worker-0,0,NVIDIA L4,suse-ai,46.3
1788012540,gpu_util_pct,downstream-gpu-worker-0,0,NVIDIA L4,suse-ai,7
1788012540,tensor_active_fraction,downstream-gpu-worker-0,0,NVIDIA L4,suse-ai,0.046
1788012540,fb_used_mib,downstream-gpu-worker-0,0,NVIDIA L4,suse-ai,3641
1788012540,power_usage_w,downstream-gpu-worker-0,0,NVIDIA L4,suse-ai,32.9
1788012540,gpu_temp_c,downstream-gpu-worker-0,0,NVIDIA L4,suse-ai,36.6
1788012600,gpu_util_pct,downstream-gpu-worker-0,0,NVIDIA L4,suse-ai,67
1788012600,tensor_active_fraction,downstream-gpu-worker-0,0,NVIDIA L4,suse-ai,0.496
1788012600,fb_used_mib,downstream-gpu-worker-0,0,NVIDIA L4,suse-ai,13943
1788012600,power_usage_w,downstream-gpu-worker-0,0,NVIDIA L4,suse-ai,67.9
1788012600,gpu_temp_c,downstream-gpu-worker-0,0,NVIDIA L4,suse-ai,53.6
1788012660,gpu_util_pct,downstream-gpu-worker-0,0,NVIDIA L4,suse-ai,51
1788012660,tensor_active_fraction,downstream-gpu-worker-0,0,NVIDIA L4,suse-ai,0.402
1788012660,fb_used_mib,downstream-gpu-worker-0,0,NVIDIA L4,suse-ai,10252
1788012660,power_usage_w,downstream-gpu-worker-0,0,NVIDIA L4,suse-ai,55.7
1788012660,gpu_temp_c,downstream-gpu-worker-0,0,NVIDIA L4,suse-ai,51.0
1788012720,gpu_util_pct,downstream-gpu-worker-0,0,NVIDIA L4,suse-ai,35
1788012720,tensor_active_fraction,downstream-gpu-worker-0,0,NVIDIA L4,suse-ai,0.275
1788012720,fb_used_mib,downstream-gpu-worker-0,0,NVIDIA L4,suse-ai,8355
1788012720,power_usage_w,downstream-gpu-worker-0,0,NVIDIA L4,suse-ai,52.8
1788012720,gpu_temp_c,downstream-gpu-worker-0,0,NVIDIA L4,suse-ai,46.5
1788012780,gpu_util_pct,downstream-gpu-worker-0,0,NVIDIA L4,suse-ai,65
1788012780,tensor_active_fraction,downstream-gpu-worker-0,0,NVIDIA L4,suse-ai,0.542
1788012780,fb_used_mib,downstream-gpu-worker-0,0,NVIDIA L4,suse-ai,14495
1788012780,power_usage_w,downstream-gpu-worker-0,0,NVIDIA L4,suse-ai,71.2
1788012780,gpu_temp_c,downstream-gpu-worker-0,0,NVIDIA L4,suse-ai,54.0
1788012840,gpu_util_pct,downstream-gpu-worker-0,0,NVIDIA L4,suse-ai,4
1788012840,tensor_active_fraction,downstream-gpu-worker-0,0,NVIDIA L4,suse-ai,0.027
1788012840,fb_used_mib,downstream-gpu-worker-0,0,NVIDIA L4,suse-ai,2179
1788012840,power_usage_w,downstream-gpu-worker-0,0,NVIDIA L4,suse-ai,32.6
1788012840,gpu_temp_c,downstream-gpu-worker-0,0,NVIDIA L4,suse-ai,33.6
1788012900,gpu_util_pct,downstream-gpu-worker-0,0,NVIDIA L4,suse-ai,68
1788012900,tensor_active_fraction,downstream-gpu-worker-0,0,NVIDIA L4,suse-ai,0.544
1788012900,fb_used_mib,downstream-gpu-worker-0,0,NVIDIA L4,suse-ai,14293
1788012900,power_usage_w,downstream-gpu-worker-0,0,NVIDIA L4,suse-ai,69.6
1788012900,gpu_temp_c,downstream-gpu-worker-0,0,NVIDIA L4,suse-ai,57.0
1788012960,gpu_util_pct,downstream-gpu-worker-0,0,NVIDIA L4,suse-ai,71
1788012960,tensor_active_fraction,downstream-gpu-worker-0,0,NVIDIA L4,suse-ai,0.594
1788012960,fb_used_mib,downstream-gpu-worker-0,0,NVIDIA L4,suse-ai,14314
1788012960,power_usage_w,downstream-gpu-worker-0,0,NVIDIA L4,suse-ai,72.6
1788012960,gpu_temp_c,downstream-gpu-worker-0,0,NVIDIA L4,suse-ai,56.3
1788013020,gpu_util_pct,downstream-gpu-worker-0,0,NVIDIA L4,suse-ai,63
1788013020,tensor_active_fraction,downstream-gpu-worker-0,0,NVIDIA L4,suse-ai,0.476
1788013020,fb_used_mib,downstream-gpu-worker-0,0,NVIDIA L4,suse-ai,13568
1788013020,power_usage_w,downstream-gpu-worker-0,0,NVIDIA L4,suse-ai,65.8
1788013020,gpu_temp_c,downstream-gpu-worker-0,0,NVIDIA L4,suse-ai,55.0
1788013080,gpu_util_pct,downstream-gpu-worker-0,0,NVIDIA L4,suse-ai,0
1788013080,tensor_active_fraction,downstream-gpu-worker-0,0,NVIDIA L4,suse-ai,0.012
1788013080,fb_used_mib,downstream-gpu-worker-0,0,NVIDIA L4,suse-ai,1888
1788013080,power_usage_w,downstream-gpu-worker-0,0,NVIDIA L4,suse-ai,29.1
1788013080,gpu_temp_c,downstream-gpu-worker-0,0,NVIDIA L4,suse-ai,34.3
1788013140,gpu_util_pct,downstream-gpu-worker-0,0,NVIDIA L4,suse-ai,36
1788013140,tensor_active_fraction,downstream-gpu-worker-0,0,NVIDIA L4,suse-ai,0.313
1788013140,fb_used_mib,downstream-gpu-worker-0,0,NVIDIA L4,suse-ai,9104
1788013140,power_usage_w,downstream-gpu-worker-0,0,NVIDIA L4,suse-ai,54.9
1788013140,gpu_temp_c,downstream-gpu-worker-0,0,NVIDIA L4,suse-ai,45.4
1788013200,gpu_util_pct,downstream-gpu-worker-0,0,NVIDIA L4,suse-ai,3
1788013200,tensor_active_fraction,downstream-gpu-worker-0,0,NVIDIA L4,suse-ai,0.018
1788013200,fb_used_mib,downstream-gpu-worker-0,0,NVIDIA L4,suse-ai,2183
1788013200,power_usage_w,downstream-gpu-worker-0,0,NVIDIA L4,suse-ai,32.9
1788013200,gpu_temp_c,downstream-gpu-worker-0,0,NVIDIA L4,suse-ai,34.6
1788013260,gpu_util_pct,downstream-gpu-worker-0,0,NVIDIA L4,suse-ai,30
1788013260,tensor_active_fraction,downstream-gpu-worker-0,0,NVIDIA L4,suse-ai,0.235
1788013260,fb_used_mib,downstream-gpu-worker-0,0,NVIDIA L4,suse-ai,7081
1788013260,power_usage_w,downstream-gpu-worker-0,0,NVIDIA L4,suse-ai,48.5
1788013260,gpu_temp_c,downstream-gpu-worker-0,0,NVIDIA L4,suse-ai,43.4
1788013320,gpu_util_pct,downstream-gpu-worker-0,0,NVIDIA L4,suse-ai,47
1788013320,tensor_active_fraction,downstream-gpu-worker-0,0,NVIDIA L4,suse-ai,0.371
1788013320,fb_used_mib,downstream-gpu-worker-0,0,NVIDIA L4,suse-ai,10412
1788013320,power_usage_w,downstream-gpu-worker-0,0,NVIDIA L4,suse-ai,57.8
1788013320,gpu_temp_c,downstream-gpu-worker-0,0,NVIDIA L4,suse-ai,48.6
1788013380,gpu_util_pct,downstream-gpu-worker-0,0,NVIDIA L4,suse-ai,26
1788013380,tensor_active_fraction,downstream-gpu-worker-0,0,NVIDIA L4,suse-ai,0.176
1788013380,fb_used_mib,downstream-gpu-worker-0,0,NVIDIA L4,suse-ai,6744
1788013380,power_usage_w,downstream-gpu-worker-0,0,NVIDIA L4,suse-ai,46.7
1788013380,gpu_temp_c,downstream-gpu-worker-0,0,NVIDIA L4,suse-ai,42.3
1788013440,gpu_util_pct,downstream-gpu-worker-0,0,NVIDIA L4,suse-ai,22
1788013440,tensor_active_fraction,downstream-gpu-worker-0,0,NVIDIA L4,suse-ai,0.225
1788013440,fb_used_mib,downstream-gpu-worker-0,0,NVIDIA L4,suse-ai,6700
1788013440,power_usage_w,downstream-gpu-worker-0,0,NVIDIA L4,suse-ai,46.5
1788013440,gpu_temp_c,downstream-gpu-worker-0,0,NVIDIA L4,suse-ai,42.2
1788013500,gpu_util_pct,downstream-gpu-worker-0,0,NVIDIA L4,suse-ai,59
1788013500,tensor_active_fraction,downstream-gpu-worker-0,0,NVIDIA L4,suse-ai,0.428
1788013500,fb_used_mib,downstream-gpu-worker-0,0,NVIDIA L4,suse-ai,12349
1788013500,power_usage_w,downstream-gpu-worker-0,0,NVIDIA L4,suse-ai,67.7
1788013500,gpu_temp_c,downstream-gpu-worker-0,0,NVIDIA L4,suse-ai,52.5
1788013560,gpu_util_pct,downstream-gpu-worker-0,0,NVIDIA L4,suse-ai,21
1788013560,tensor_active_fraction,downstream-gpu-worker-0,0,NVIDIA L4,suse-ai,0.139
1788013560,fb_used_mib,downstream-gpu-worker-0,0,NVIDIA L4,suse-ai,4877
1788013560,power_usage_w,downstream-gpu-worker-0,0,NVIDIA L4,suse-ai,36.8
1788013560,gpu_temp_c,downstream-gpu-worker-0,0,NVIDIA L4,suse-ai,40.4
1788013620,gpu_util_pct,downstream-gpu-worker-0,0,NVIDIA L4,suse-ai,8
1788013620,tensor_active_fraction,downstream-gpu-worker-0,0,NVIDIA L4,suse-ai,0.084
1788013620,fb_used_mib,downstream-gpu-worker-0,0,NVIDIA L4,suse-ai,4010
1788013620,power_usage_w,downstream-gpu-worker-0,0,NVIDIA L4,suse-ai,39.1
1788013620,gpu_temp_c,downstream-gpu-worker-0,0,NVIDIA L4,suse-ai,37.1
1788013680,gpu_util_pct,downstream-gpu-worker-0,0,NVIDIA L4,suse-ai,56
1788013680,tensor_active_fraction,downstream-gpu-worker-0,0,NVIDIA L4,suse-ai,0.462
1788013680,fb_used_mib,downstream-gpu-worker-0,0,NVIDIA L4,suse-ai,12553
1788013680,power_usage_w,downstream-gpu-worker-0,0,NVIDIA L4,suse-ai,63.6
1788013680,gpu_temp_c,downstream-gpu-worker-0,0,NVIDIA L4,suse-ai,52.7
1788013740,gpu_util_pct,downstream-gpu-worker-0,0,NVIDIA L4,suse-ai,32
1788013740,tensor_active_fraction,downstream-gpu-worker-0,0,NVIDIA L4,suse-ai,0.208
1788013740,fb_used_mib,downstream-gpu-worker-0,0,NVIDIA L4,suse-ai,7427
1788013740,power_usage_w,downstream-gpu-worker-0,0,NVIDIA L4,suse-ai,45.6
1788013740,gpu_temp_c,downstream-gpu-worker-0,0,NVIDIA L4,suse-ai,43.1
1788013800,gpu_util_pct,downstream-gpu-worker-0,0,NVIDIA L4,suse-ai,43
1788013800,tensor_active_fraction,downstream-gpu-worker-0,0,NVIDIA L4,suse-ai,0.297
1788013800,fb_used_mib,downstream-gpu-worker-0,0,NVIDIA L4,suse-ai,9604
1788013800,power_usage_w,downstream-gpu-worker-0,0,NVIDIA L4,suse-ai,53.9
1788013800,gpu_temp_c,downstream-gpu-worker-0,0,NVIDIA L4,suse-ai,46.3
1788013860,gpu_util_pct,downstream-gpu-worker-0,0,NVIDIA L4,suse-ai,66
1788013860,tensor_active_fraction,downstream-gpu-worker-0,0,NVIDIA L4,suse-ai,0.469
1788013860,fb_used_mib,downstream-gpu-worker-0,0,NVIDIA L4,suse-ai,13712
1788013860,power_usage_w,downstream-gpu-worker-0,0,NVIDIA L4,suse-ai,68.6
1788013860,gpu_temp_c,downstream-gpu-worker-0,0,NVIDIA L4,suse-ai,56.2
1788013920,gpu_util_pct,downstream-gpu-worker-0,0,NVIDIA L4,suse-ai,37
1788013920,tensor_active_fraction,downstream-gpu-worker-0,0,NVIDIA L4,suse-ai,0.305
1788013920,fb_used_mib,downstream-gpu-worker-0,0,NVIDIA L4,suse-ai,8887
1788013920,power_usage_w,downstream-gpu-worker-0,0,NVIDIA L4,suse-ai,51.6
1788013920,gpu_temp_c,downstream-gpu-worker-0,0,NVIDIA L4,suse-ai,47.3
1788013980,gpu_util_pct,downstream-gpu-worker-0,0,NVIDIA L4,suse-ai,74
1788013980,tensor_active_fraction,downstream-gpu-worker-0,0,NVIDIA L4,suse-ai,0.551
1788013980,fb_used_mib,downstream-gpu-worker-0,0,NVIDIA L4,suse-ai,14771
1788013980,power_usage_w,downstream-gpu-worker-0,0,NVIDIA L4,suse-ai,69.4
1788013980,gpu_temp_c,downstream-gpu-worker-0,0,NVIDIA L4,suse-ai,55.2
1788014040,gpu_util_pct,downstream-gpu-worker-0,0,NVIDIA L4,suse-ai,33
1788014040,tensor_active_fraction,downstream-gpu-worker-0,0,NVIDIA L4,suse-ai,0.292
1788014040,fb_used_mib,downstream-gpu-worker-0,0,NVIDIA L4,suse-ai,8734
1788014040,power_usage_w,downstream-gpu-worker-0,0,NVIDIA L4,suse-ai,51.3
1788014040,gpu_temp_c,downstream-gpu-worker-0,0,NVIDIA L4,suse-ai,44.3
1788014100,gpu_util_pct,downstream-gpu-worker-0,0,NVIDIA L4,suse-ai,19
1788014100,tensor_active_fraction,downstream-gpu-worker-0,0,NVIDIA L4,suse-ai,0.19
1788014100,fb_used_mib,downstream-gpu-worker-0,0,NVIDIA L4,suse-ai,5077
1788014100,power_usage_w,downstream-gpu-worker-0,0,NVIDIA L4,suse-ai,39.6
1788014100,gpu_temp_c,downstream-gpu-worker-0,0,NVIDIA L4,suse-ai,41.0
1788014160,gpu_util_pct,downstream-gpu-worker-0,0,NVIDIA L4,suse-ai,0
1788014160,tensor_active_fraction,downstream-gpu-worker-0,0,NVIDIA L4,suse-ai,0.013
1788014160,fb_used_mib,downstream-gpu-worker-0,0,NVIDIA L4,suse-ai,2106
1788014160,power_usage_w,downstream-gpu-worker-0,0,NVIDIA L4,suse-ai,30.6
1788014160,gpu_temp_c,downstream-gpu-worker-0,0,NVIDIA L4,suse-ai,33.7
1788014220,gpu_util_pct,downstream-gpu-worker-0,0,NVIDIA L4,suse-ai,13
1788014220,tensor_active_fraction,downstream-gpu-worker-0,0,NVIDIA L4,suse-ai,0.152
1788014220,fb_used_mib,downstream-gpu-worker-0,0,NVIDIA L4,suse-ai,4766
1788014220,power_usage_w,downstream-gpu-worker-0,0,NVIDIA L4,suse-ai,37.4
1788014220,gpu_temp_c,downstream-gpu-worker-0,0,NVIDIA L4,suse-ai,40.2
1788014280,gpu_util_pct,downstream-gpu-worker-0,0,NVIDIA L4,suse-ai,18
1788014280,tensor_active_fraction,downstream-gpu-worker-0,0,NVIDIA L4,suse-ai,0.13
1788014280,fb_used_mib,downstream-gpu-worker-0,0,NVIDIA L4,suse-ai,5117
1788014280,power_usage_w,downstream-gpu-worker-0,0,NVIDIA L4,suse-ai,38.7
1788014280,gpu_temp_c,downstream-gpu-worker-0,0,NVIDIA L4,suse-ai,39.6
1788014340,gpu_util_pct,downstream-gpu-worker-0,0,NVIDIA L4,suse-ai,53
1788014340,tensor_active_fraction,downstream-gpu-worker-0,0,NVIDIA L4,suse-ai,0.476
1788014340,fb_used_mib,downstream-gpu-worker-0,0,NVIDIA L4,suse-ai,11619
1788014340,power_usage_w,downstream-gpu-worker-0,0,NVIDIA L4,suse-ai,60.8
1788014340,gpu_temp_c,downstream-gpu-worker-0,0,NVIDIA L4,suse-ai,51.3
1788014400,gpu_util_pct,downstream-gpu-worker-0,0,NVIDIA L4,suse-ai,62
1788014400,tensor_active_fraction,downstream-gpu-worker-0,0,NVIDIA L4,suse-ai,0.477
1788014400,fb_used_mib,downstream-gpu-worker-0,0,NVIDIA L4,suse-ai,12668
1788014400,power_usage_w,downstream-gpu-worker-0,0,NVIDIA L4,suse-ai,68.0
1788014400,gpu_temp_c,downstream-gpu-worker-0,0,NVIDIA L4,suse-ai,54.0
1788014460,gpu_util_pct,downstream-gpu-worker-0,0,NVIDIA L4,suse-ai,51
1788014460,tensor_active_fraction,downstream-gpu-worker-0,0,NVIDIA L4,suse-ai,0.419
1788014460,fb_used_mib,downstream-gpu-worker-0,0,NVIDIA L4,suse-ai,10705
1788014460,power_usage_w,downstream-gpu-worker-0,0,NVIDIA L4,suse-ai,61.6
1788014460,gpu_temp_c,downstream-gpu-worker-0,0,NVIDIA L4,suse-ai,48.0
1788014520,gpu_util_pct,downstream-gpu-worker-0,0,NVIDIA L4,suse-ai,0
1788014520,tensor_active_fraction,downstream-gpu-worker-0,0,NVIDIA L4,suse-ai,0.0
1788014520,fb_used_mib,downstream-gpu-worker-0,0,NVIDIA L4,suse-ai,2076
1788014520,power_usage_w,downstream-gpu-worker-0,0,NVIDIA L4,suse-ai,27.8
1788014520,gpu_temp_c,downstream-gpu-worker-0,0,NVIDIA L4,suse-ai,34.8
1788014580,gpu_util_pct,downstream-gpu-worker-0,0,NVIDIA L4,suse-ai,73
1788014580,tensor_active_fraction,downstream-gpu-worker-0,0,NVIDIA L4,suse-ai,0.629
1788014580,fb_used_mib,downstream-gpu-worker-0,0,NVIDIA L4,suse-ai,14970
1788014580,power_usage_w,downstream-gpu-worker-0,0,NVIDIA L4,suse-ai,72.5
1788014580,gpu_temp_c,downstream-gpu-worker-0,0,NVIDIA L4,suse-ai,57.8
1788014640,gpu_util_pct,downstream-gpu-worker-0,0,NVIDIA L4,suse-ai,0
1788014640,tensor_active_fraction,downstream-gpu-worker-0,0,NVIDIA L4,suse-ai,0.019
1788014640,fb_used_mib,downstream-gpu-worker-0,0,NVIDIA L4,suse-ai,2075
1788014640,power_usage_w,downstream-gpu-worker-0,0,NVIDIA L4,suse-ai,28.8
1788014640,gpu_temp_c,downstream-gpu-worker-0,0,NVIDIA L4,suse-ai,33.8
1788014700,gpu_util_pct,downstream-gpu-worker-0,0,NVIDIA L4,suse-ai,72
1788014700,tensor_active_fraction,downstream-gpu-worker-0,0,NVIDIA L4,suse-ai,0.606
1788014700,fb_used_mib,downstream-gpu-worker-0,0,NVIDIA L4,suse-ai,14887
1788014700,power_usage_w,downstream-gpu-worker-0,0,NVIDIA L4,suse-ai,70.6
1788014700,gpu_temp_c,downstream-gpu-worker-0,0,NVIDIA L4,suse-ai,56.7
1788014760,gpu_util_pct,downstream-gpu-worker-0,0,NVIDIA L4,suse-ai,21
1788014760,tensor_active_fraction,downstream-gpu-worker-0,0,NVIDIA L4,suse-ai,0.145
1788014760,fb_used_mib,downstream-gpu-worker-0,0,NVIDIA L4,suse-ai,6369
1788014760,power_usage_w,downstream-gpu-worker-0,0,NVIDIA L4,suse-ai,44.9
1788014760,gpu_temp_c,downstream-gpu-worker-0,0,NVIDIA L4,suse-ai,42.1
1788014820,gpu_util_pct,downstream-gpu-worker-0,0,NVIDIA L4,suse-ai,62
1788014820,tensor_active_fraction,downstream-gpu-worker-0,0,NVIDIA L4,suse-ai,0.51
1788014820,fb_used_mib,downstream-gpu-worker-0,0,NVIDIA L4,suse-ai,13730
1788014820,power_usage_w,downstream-gpu-worker-0,0,NVIDIA L4,suse-ai,67.3
1788014820,gpu_temp_c,downstream-gpu-worker-0,0,NVIDIA L4,suse-ai,53.4
1788014880,gpu_util_pct,downstream-gpu-worker-0,0,NVIDIA L4,suse-ai,40
1788014880,tensor_active_fraction,downstream-gpu-worker-0,0,NVIDIA L4,suse-ai,0.282
1788014880,fb_used_mib,downstream-gpu-worker-0,0,NVIDIA L4,suse-ai,9099
1788014880,power_usage_w,downstream-gpu-worker-0,0,NVIDIA L4,suse-ai,50.6
1788014880,gpu_temp_c,downstream-gpu-worker-0,0,NVIDIA L4,suse-ai,45.3
1788014940,gpu_util_pct,downstream-gpu-worker-0,0,NVIDIA L4,suse-ai,50
1788014940,tensor_active_fraction,downstream-gpu-worker-0,0,NVIDIA L4,suse-ai,0.424
1788014940,fb_used_mib,downstream-gpu-worker-0,0,NVIDIA L4,suse-ai,11296
1788014940,power_usage_w,downstream-gpu-worker-0,0,NVIDIA L4,suse-ai,63.3
1788014940,gpu_temp_c,downstream-gpu-worker-0,0,NVIDIA L4,suse-ai,51.7
1788015000,gpu_util_pct,downstream-gpu-worker-0,0,NVIDIA L4,suse-ai,40
1788015000,tensor_active_fraction,downstream-gpu-worker-0,0,NVIDIA L4,suse-ai,0.278
1788015000,fb_used_mib,downstream-gpu-worker-0,0,NVIDIA L4,suse-ai,9348
1788015000,power_usage_w,downstream-gpu-worker-0,0,NVIDIA L4,suse-ai,55.6
1788015000,gpu_temp_c,downstream-gpu-worker-0,0,NVIDIA L4,suse-ai,47.1
1788015060,gpu_util_pct,downstream-gpu-worker-0,0,NVIDIA L4,suse-ai,54
1788015060,tensor_active_fraction,downstream-gpu-worker-0,0,NVIDIA L4,suse-ai,0.362
1788015060,fb_used_mib,downstream-gpu-worker-0,0,NVIDIA L4,suse-ai,10988
1788015060,power_usage_w,downstream-gpu-worker-0,0,NVIDIA L4,suse-ai,56.6
1788015060,gpu_temp_c,downstream-gpu-worker-0,0,NVIDIA L4,suse-ai,50.7
1788015120,gpu_util_pct,downstream-gpu-worker-0,0,NVIDIA L4,suse-ai,72
1788015120,tensor_active_fraction,downstream-gpu-worker-0,0,NVIDIA L4,suse-ai,0.581
1788015120,fb_used_mib,downstream-gpu-worker-0,0,NVIDIA L4,suse-ai,14262
1788015120,power_usage_w,downstream-gpu-worker-0,0,NVIDIA L4,suse-ai,72.1
1788015120,gpu_temp_c,downstream-gpu-worker-0,0,NVIDIA L4,suse-ai,54.2
1788015180,gpu_util_pct,downstream-gpu-worker-0,0,NVIDIA L4,suse-ai,42
1788015180,tensor_active_fraction,downstream-gpu-worker-0,0,NVIDIA L4,suse-ai,0.399
1788015180,fb_used_mib,downstream-gpu-worker-0,0,NVIDIA L4,suse-ai,10411
1788015180,power_usage_w,downstream-gpu-worker-0,0,NVIDIA L4,suse-ai,56.9
1788015180,gpu_temp_c,downstream-gpu-worker-0,0,NVIDIA L4,suse-ai,48.8
1788015240,gpu_util_pct,downstream-gpu-worker-0,0,NVIDIA L4,suse-ai,24
1788015240,tensor_active_fraction,downstream-gpu-worker-0,0,NVIDIA L4,suse-ai,0.155
1788015240,fb_used_mib,downstream-gpu-worker-0,0,NVIDIA L4,suse-ai,5881
1788015240,power_usage_w,downstream-gpu-worker-0,0,NVIDIA L4,suse-ai,43.1
1788015240,gpu_temp_c,downstream-gpu-worker-0,0,NVIDIA L4,suse-ai,41.5
1788015300,gpu_util_pct,downstream-gpu-worker-0,0,NVIDIA L4,suse-ai,15
1788015300,tensor_active_fraction,downstream-gpu-worker-0,0,NVIDIA L4,suse-ai,0.161
1788015300,fb_used_mib,downstream-gpu-worker-0,0,NVIDIA L4,suse-ai,4966
1788015300,power_usage_w,downstream-gpu-worker-0,0,NVIDIA L4,suse-ai,40.4
1788015300,gpu_temp_c,downstream-gpu-worker-0,0,NVIDIA L4,suse-ai,39.8
1788015360,gpu_util_pct,downstream-gpu-worker-0,0,NVIDIA L4,suse-ai,28
1788015360,tensor_active_fraction,downstream-gpu-worker-0,0,NVIDIA L4,suse-ai,0.227
1788015360,fb_used_mib,downstream-gpu-worker-0,0,NVIDIA L4,suse-ai,6831
1788015360,power_usage_w,downstream-gpu-worker-0,0,NVIDIA L4,suse-ai,44.0
1788015360,gpu_temp_c,downstream-gpu-worker-0,0,NVIDIA L4,suse-ai,42.5
1788015420,gpu_util_pct,downstream-gpu-worker-0,0,NVIDIA L4,suse-ai,74
1788015420,tensor_active_fraction,downstream-gpu-worker-0,0,NVIDIA L4,suse-ai,0.63
1788015420,fb_used_mib,downstream-gpu-worker-0,0,NVIDIA L4,suse-ai,15523
1788015420,power_usage_w,downstream-gpu-worker-0,0,NVIDIA L4,suse-ai,76.4
1788015420,gpu_temp_c,downstream-gpu-worker-0,0,NVIDIA L4,suse-ai,59.0
1788015480,gpu_util_pct,downstream-gpu-worker-0,0,NVIDIA L4,suse-ai,13
1788015480,tensor_active_fraction,downstream-gpu-worker-0,0,NVIDIA L4,suse-ai,0.16
1788015480,fb_used_mib,downstream-gpu-worker-0,0,NVIDIA L4,suse-ai,5286
1788015480,power_usage_w,downstream-gpu-worker-0,0,NVIDIA L4,suse-ai,40.1
1788015480,gpu_temp_c,downstream-gpu-worker-0,0,NVIDIA L4,suse-ai,40.5
1788015540,gpu_util_pct,downstream-gpu-worker-0,0,NVIDIA L4,suse-ai,42
1788015540,tensor_active_fraction,downstream-gpu-worker-0,0,NVIDIA L4,suse-ai,0.359
1788015540,fb_used_mib,downstream-gpu-worker-0,0,NVIDIA L4,suse-ai,10393
1788015540,power_usage_w,downstream-gpu-worker-0,0,NVIDIA L4,suse-ai,60.6
1788015540,gpu_temp_c,downstream-gpu-worker-0,0,NVIDIA L4,suse-ai,49.8
1788015600,gpu_util_pct,downstream-gpu-worker-0,0,NVIDIA L4,suse-ai,63
1788015600,tensor_active_fraction,downstream-gpu-worker-0,0,NVIDIA L4,suse-ai,0.515
1788015600,fb_used_mib,downstream-gpu-worker-0,0,NVIDIA L4,suse-ai,13778
1788015600,power_usage_w,downstream-gpu-worker-0,0,NVIDIA L4,suse-ai,67.9
1788015600,gpu_temp_c,downstream-gpu-worker-0,0,NVIDIA L4,suse-ai,56.2
1788015660,gpu_util_pct,downstream-gpu-worker-0,0,NVIDIA L4,suse-ai,18
1788015660,tensor_active_fraction,downstream-gpu-worker-0,0,NVIDIA L4,suse-ai,0.162
1788015660,fb_used_mib,downstream-gpu-worker-0,0,NVIDIA L4,suse-ai,5810
1788015660,power_usage_w,downstream-gpu-worker-0,0,NVIDIA L4,suse-ai,44.3
1788015660,gpu_temp_c,downstream-gpu-worker-0,0,NVIDIA L4,suse-ai,42.4
1788015720,gpu_util_pct,downstream-gpu-worker-0,0,NVIDIA L4,suse-ai,41
1788015720,tensor_active_fraction,downstream-gpu-worker-0,0,NVIDIA L4,suse-ai,0.339
1788015720,fb_used_mib,downstream-gpu-worker-0,0,NVIDIA L4,suse-ai,9137
1788015720,power_usage_w,downstream-gpu-worker-0,0,NVIDIA L4,suse-ai,52.3
1788015720,gpu_temp_c,downstream-gpu-worker-0,0,NVIDIA L4,suse-ai,47.3
1788015780,gpu_util_pct,downstream-gpu-worker-0,0,NVIDIA L4,suse-ai,77
1788015780,tensor_active_fraction,downstream-gpu-worker-0,0,NVIDIA L4,suse-ai,0.575
1788015780,fb_used_mib,downstream-gpu-worker-0,0,NVIDIA L4,suse-ai,14774
1788015780,power_usage_w,downstream-gpu-worker-0,0,NVIDIA L4,suse-ai,72.8
1788015780,gpu_temp_c,downstream-gpu-worker-0,0,NVIDIA L4,suse-ai,55.0
1788015840,gpu_util_pct,downstream-gpu-worker-0,0,NVIDIA L4,suse-ai,26
1788015840,tensor_active_fraction,downstream-gpu-worker-0,0,NVIDIA L4,suse-ai,0.276
1788015840,fb_used_mib,downstream-gpu-worker-0,0,NVIDIA L4,suse-ai,7033
1788015840,power_usage_w,downstream-gpu-worker-0,0,NVIDIA L4,suse-ai,48.8
1788015840,gpu_temp_c,downstream-gpu-worker-0,0,NVIDIA L4,suse-ai,45.0
1788015900,gpu_util_pct,downstream-gpu-worker-0,0,NVIDIA L4,suse-ai,25
1788015900,tensor_active_fraction,downstream-gpu-worker-0,0,NVIDIA L4,suse-ai,0.207
1788015900,fb_used_mib,downstream-gpu-worker-0,0,NVIDIA L4,suse-ai,7411
1788015900,power_usage_w,downstream-gpu-worker-0,0,NVIDIA L4,suse-ai,46.9
1788015900,gpu_temp_c,downstream-gpu-worker-0,0,NVIDIA L4,suse-ai,43.2
1788015960,gpu_util_pct,downstream-gpu-worker-0,0,NVIDIA L4,suse-ai,44
1788015960,tensor_active_fraction,downstream-gpu-worker-0,0,NVIDIA L4,suse-ai,0.348
1788015960,fb_used_mib,downstream-gpu-worker-0,0,NVIDIA L4,suse-ai,9482
1788015960,power_usage_w,downstream-gpu-worker-0,0,NVIDIA L4,suse-ai,54.9
1788015960,gpu_temp_c,downstream-gpu-worker-0,0,NVIDIA L4,suse-ai,47.3
1788016020,gpu_util_pct,downstream-gpu-worker-0,0,NVIDIA L4,suse-ai,11
1788016020,tensor_active_fraction,downstream-gpu-worker-0,0,NVIDIA L4,suse-ai,0.086
1788016020,fb_used_mib,downstream-gpu-worker-0,0,NVIDIA L4,suse-ai,3933
1788016020,power_usage_w,downstream-gpu-worker-0,0,NVIDIA L4,suse-ai,38.2
1788016020,gpu_temp_c,downstream-gpu-worker-0,0,NVIDIA L4,suse-ai,38.4
1788016080,gpu_util_pct,downstream-gpu-worker-0,0,NVIDIA L4,suse-ai,3
1788016080,tensor_active_fraction,downstream-gpu-worker-0,0,NVIDIA L4,suse-ai,0.049
1788016080,fb_used_mib,downstream-gpu-worker-0,0,NVIDIA L4,suse-ai,2152
1788016080,power_usage_w,downstream-gpu-worker-0,0,NVIDIA L4,suse-ai,27.7
1788016080,gpu_temp_c,downstream-gpu-worker-0,0,NVIDIA L4,suse-ai,34.8
1788016140,gpu_util_pct,downstream-gpu-worker-0,0,NVIDIA L4,suse-ai,63
1788016140,tensor_active_fraction,downstream-gpu-worker-0,0,NVIDIA L4,suse-ai,0.46
1788016140,fb_used_mib,downstream-gpu-worker-0,0,NVIDIA L4,suse-ai,13257
1788016140,power_usage_w,downstream-gpu-worker-0,0,NVIDIA L4,suse-ai,68.9
1788016140,gpu_temp_c,downstream-gpu-worker-0,0,NVIDIA L4,suse-ai,55.1
1788016200,gpu_util_pct,downstream-gpu-worker-0,0,NVIDIA L4,suse-ai,63
1788016200,tensor_active_fraction,downstream-gpu-worker-0,0,NVIDIA L4,suse-ai,0.524
1788016200,fb_used_mib,downstream-gpu-worker-0,0,NVIDIA L4,suse-ai,13869
1788016200,power_usage_w,downstream-gpu-worker-0,0,NVIDIA L4,suse-ai,69.1
1788016200,gpu_temp_c,downstream-gpu-worker-0,0,NVIDIA L4,suse-ai,56.0
1788016260,gpu_util_pct,downstream-gpu-worker-0,0,NVIDIA L4,suse-ai,36
1788016260,tensor_active_fraction,downstream-gpu-worker-0,0,NVIDIA L4,suse-ai,0.298
1788016260,fb_used_mib,downstream-gpu-worker-0,0,NVIDIA L4,suse-ai,8590
1788016260,power_usage_w,downstream-gpu-worker-0,0,NVIDIA L4,suse-ai,51.7
1788016260,gpu_temp_c,downstream-gpu-worker-0,0,NVIDIA L4,suse-ai,46.2
1788016320,gpu_util_pct,downstream-gpu-worker-0,0,NVIDIA L4,suse-ai,0
1788016320,tensor_active_fraction,downstream-gpu-worker-0,0,NVIDIA L4,suse-ai,0.0
1788016320,fb_used_mib,downstream-gpu-worker-0,0,NVIDIA L4,suse-ai,2036
1788016320,power_usage_w,downstream-gpu-worker-0,0,NVIDIA L4,suse-ai,29.3
1788016320,gpu_temp_c,downstream-gpu-worker-0,0,NVIDIA L4,suse-ai,35.7
1788016380,gpu_util_pct,downstream-gpu-worker-0,0,NVIDIA L4,suse-ai,53
1788016380,tensor_active_fraction,downstream-gpu-worker-0,0,NVIDIA L4,suse-ai,0.399
1788016380,fb_used_mib,downstream-gpu-worker-0,0,NVIDIA L4,suse-ai,12005
1788016380,power_usage_w,downstream-gpu-worker-0,0,NVIDIA L4,suse-ai,61.0
1788016380,gpu_temp_c,downstream-gpu-worker-0,0,NVIDIA L4,suse-ai,51.1
1788016440,gpu_util_pct,downstream-gpu-worker-0,0,NVIDIA L4,suse-ai,60
1788016440,tensor_active_fraction,downstream-gpu-worker-0,0,NVIDIA L4,suse-ai,0.503
1788016440,fb_used_mib,downstream-gpu-worker-0,0,NVIDIA L4,suse-ai,12771
1788016440,power_usage_w,downstream-gpu-worker-0,0,NVIDIA L4,suse-ai,65.0
1788016440,gpu_temp_c,downstream-gpu-worker-0,0,NVIDIA L4,suse-ai,52.6
1788016500,gpu_util_pct,downstream-gpu-worker-0,0,NVIDIA L4,suse-ai,76
1788016500,tensor_active_fraction,downstream-gpu-worker-0,0,NVIDIA L4,suse-ai,0.572
1788016500,fb_used_mib,downstream-gpu-worker-0,0,NVIDIA L4,suse-ai,15776
1788016500,power_usage_w,downstream-gpu-worker-0,0,NVIDIA L4,suse-ai,74.7
1788016500,gpu_temp_c,downstream-gpu-worker-0,0,NVIDIA L4,suse-ai,57.4
1788016560,gpu_util_pct,downstream-gpu-worker-0,0,NVIDIA L4,suse-ai,2
1788016560,tensor_active_fraction,downstream-gpu-worker-0,0,NVIDIA L4,suse-ai,0.037
1788016560,fb_used_mib,downstream-gpu-worker-0,0,NVIDIA L4,suse-ai,1846
1788016560,power_usage_w,downstream-gpu-worker-0,0,NVIDIA L4,suse-ai,28.0
1788016560,gpu_temp_c,downstream-gpu-worker-0,0,NVIDIA L4,suse-ai,35.2
1788016620,gpu_util_pct,downstream-gpu-worker-0,0,NVIDIA L4,suse-ai,2
1788016620,tensor_active_fraction,downstream-gpu-worker-0,0,NVIDIA L4,suse-ai,0.0
1788016620,fb_used_mib,downstream-gpu-worker-0,0,NVIDIA L4,suse-ai,2006
1788016620,power_usage_w,downstream-gpu-worker-0,0,NVIDIA L4,suse-ai,29.5
1788016620,gpu_temp_c,downstream-gpu-worker-0,0,NVIDIA L4,suse-ai,33.1
1788016680,gpu_util_pct,downstream-gpu-worker-0,0,NVIDIA L4,suse-ai,22
1788016680,tensor_active_fraction,downstream-gpu-worker-0,0,NVIDIA L4,suse-ai,0.198
1788016680,fb_used_mib,downstream-gpu-worker-0,0,NVIDIA L4,suse-ai,6902
1788016680,power_usage_w,downstream-gpu-worker-0,0,NVIDIA L4,suse-ai,45.2
1788016680,gpu_temp_c,downstream-gpu-worker-0,0,NVIDIA L4,suse-ai,41.5
1788016740,gpu_util_pct,downstream-gpu-worker-0,0,NVIDIA L4,suse-ai,31
1788016740,tensor_active_fraction,downstream-gpu-worker-0,0,NVIDIA L4,suse-ai,0.202
1788016740,fb_used_mib,downstream-gpu-worker-0,0,NVIDIA L4,suse-ai,7196
1788016740,power_usage_w,downstream-gpu-worker-0,0,NVIDIA L4,suse-ai,49.2
1788016740,gpu_temp_c,downstream-gpu-worker-0,0,NVIDIA L4,suse-ai,44.3
1788016800,gpu_util_pct,downstream-gpu-worker-0,0,NVIDIA L4,suse-ai,0
1788016800,tensor_active_fraction,downstream-gpu-worker-0,0,NVIDIA L4,suse-ai,0.047
1788016800,fb_used_mib,downstream-gpu-worker-0,0,NVIDIA L4,suse-ai,1881
1788016800,power_usage_w,downstream-gpu-worker-0,0,NVIDIA L4,suse-ai,30.8
1788016800,gpu_temp_c,downstream-gpu-worker-0,0,NVIDIA L4,suse-ai,36.9
1788016860,gpu_util_pct,downstream-gpu-worker-0,0,NVIDIA L4,suse-ai,4
1788016860,tensor_active_fraction,downstream-gpu-worker-0,0,NVIDIA L4,suse-ai,0.0
1788016860,fb_used_mib,downstream-gpu-worker-0,0,NVIDIA L4,suse-ai,1906
1788016860,power_usage_w,downstream-gpu-worker-0,0,NVIDIA L4,suse-ai,28.8
1788016860,gpu_temp_c,downstream-gpu-worker-0,0,NVIDIA L4,suse-ai,35.3
1788016920,gpu_util_pct,downstream-gpu-worker-0,0,NVIDIA L4,suse-ai,61
1788016920,tensor_active_fraction,downstream-gpu-worker-0,0,NVIDIA L4,suse-ai,0.523
1788016920,fb_used_mib,downstream-gpu-worker-0,0,NVIDIA L4,suse-ai,12833
1788016920,power_usage_w,downstream-gpu-worker-0,0,NVIDIA L4,suse-ai,66.3
1788016920,gpu_temp_c,downstream-gpu-worker-0,0,NVIDIA L4,suse-ai,53.3
1788016980,gpu_util_pct,downstream-gpu-worker-0,0,NVIDIA L4,suse-ai,9
1788016980,tensor_active_fraction,downstream-gpu-worker-0,0,NVIDIA L4,suse-ai,0.066
1788016980,fb_used_mib,downstream-gpu-worker-0,0,NVIDIA L4,suse-ai,3383
1788016980,power_usage_w,downstream-gpu-worker-0,0,NVIDIA L4,suse-ai,33.8
1788016980,gpu_temp_c,downstream-gpu-worker-0,0,NVIDIA L4,suse-ai,35.7
1788017040,gpu_util_pct,downstream-gpu-worker-0,0,NVIDIA L4,suse-ai,62
1788017040,tensor_active_fraction,downstream-gpu-worker-0,0,NVIDIA L4,suse-ai,0.474
1788017040,fb_used_mib,downstream-gpu-worker-0,0,NVIDIA L4,suse-ai,13176
1788017040,power_usage_w,downstream-gpu-worker-0,0,NVIDIA L4,suse-ai,65.9
1788017040,gpu_temp_c,downstream-gpu-worker-0,0,NVIDIA L4,suse-ai,53.2
1788017100,gpu_util_pct,downstream-gpu-worker-0,0,NVIDIA L4,suse-ai,6
1788017100,tensor_active_fraction,downstream-gpu-worker-0,0,NVIDIA L4,suse-ai,0.062
1788017100,fb_used_mib,downstream-gpu-worker-0,0,NVIDIA L4,suse-ai,3020
1788017100,power_usage_w,downstream-gpu-worker-0,0,NVIDIA L4,suse-ai,35.6
1788017100,gpu_temp_c,downstream-gpu-worker-0,0,NVIDIA L4,suse-ai,37.2
1788017160,gpu_util_pct,downstream-gpu-worker-0,0,NVIDIA L4,suse-ai,28
1788017160,tensor_active_fraction,downstream-gpu-worker-0,0,NVIDIA L4,suse-ai,0.253
1788017160,fb_used_mib,downstream-gpu-worker-0,0,NVIDIA L4,suse-ai,7752
1788017160,power_usage_w,downstream-gpu-worker-0,0,NVIDIA L4,suse-ai,50.9
1788017160,gpu_temp_c,downstream-gpu-worker-0,0,NVIDIA L4,suse-ai,46.2
1788017220,gpu_util_pct,downstream-gpu-worker-0,0,NVIDIA L4,suse-ai,8
1788017220,tensor_active_fraction,downstream-gpu-worker-0,0,NVIDIA L4,suse-ai,0.088
1788017220,fb_used_mib,downstream-gpu-worker-0,0,NVIDIA L4,suse-ai,3416
1788017220,power_usage_w,downstream-gpu-worker-0,0,NVIDIA L4,suse-ai,36.7
1788017220,gpu_temp_c,downstream-gpu-worker-0,0,NVIDIA L4,suse-ai,38.9
1788017280,gpu_util_pct,downstream-gpu-worker-0,0,NVIDIA L4,suse-ai,48
1788017280,tensor_active_fraction,downstream-gpu-worker-0,0,NVIDIA L4,suse-ai,0.39
1788017280,fb_used_mib,downstream-gpu-worker-0,0,NVIDIA L4,suse-ai,11423
1788017280,power_usage_w,downstream-gpu-worker-0,0,NVIDIA L4,suse-ai,59.9
1788017280,gpu_temp_c,downstream-gpu-worker-0,0,NVIDIA L4,suse-ai,51.7
1788017340,gpu_util_pct,downstream-gpu-worker-0,0,NVIDIA L4,suse-ai,60
1788017340,tensor_active_fraction,downstream-gpu-worker-0,0,NVIDIA L4,suse-ai,0.442
1788017340,fb_used_mib,downstream-gpu-worker-0,0,NVIDIA L4,suse-ai,12288
1788017340,power_usage_w,downstream-gpu-worker-0,0,NVIDIA L4,suse-ai,66.3
1788017340,gpu_temp_c,downstream-gpu-worker-0,0,NVIDIA L4,suse-ai,52.4
1788017400,gpu_util_pct,downstream-gpu-worker-0,0,NVIDIA L4,suse-ai,62
1788017400,tensor_active_fraction,downstream-gpu-worker-0,0,NVIDIA L4,suse-ai,0.494
1788017400,fb_used_mib,downstream-gpu-worker-0,0,NVIDIA L4,suse-ai,13461
1788017400,power_usage_w,downstream-gpu-worker-0,0,NVIDIA L4,suse-ai,69.8
1788017400,gpu_temp_c,downstream-gpu-worker-0,0,NVIDIA L4,suse-ai,53.3
1788017460,gpu_util_pct,downstream-gpu-worker-0,0,NVIDIA L4,suse-ai,0
1788017460,tensor_active_fraction,downstream-gpu-worker-0,0,NVIDIA L4,suse-ai,0.0
1788017460,fb_used_mib,downstream-gpu-worker-0,0,NVIDIA L4,suse-ai,2823
1788017460,power_usage_w,downstream-gpu-worker-0,0,NVIDIA L4,suse-ai,31.2
1788017460,gpu_temp_c,downstream-gpu-worker-0,0,NVIDIA L4,suse-ai,36.1
1788017520,gpu_util_pct,downstream-gpu-worker-0,0,NVIDIA L4,suse-ai,78
1788017520,tensor_active_fraction,downstream-gpu-worker-0,0,NVIDIA L4,suse-ai,0.674
1788017520,fb_used_mib,downstream-gpu-worker-0,0,NVIDIA L4,suse-ai,16124
1788017520,power_usage_w,downstream-gpu-worker-0,0,NVIDIA L4,suse-ai,76.1
1788017520,gpu_temp_c,downstream-gpu-worker-0,0,NVIDIA L4,suse-ai,56.9
1788017580,gpu_util_pct,downstream-gpu-worker-0,0,NVIDIA L4,suse-ai,57
1788017580,tensor_active_fraction,downstream-gpu-worker-0,0,NVIDIA L4,suse-ai,0.477
1788017580,fb_used_mib,downstream-gpu-worker-0,0,NVIDIA L4,suse-ai,12685
1788017580,power_usage_w,downstream-gpu-worker-0,0,NVIDIA L4,suse-ai,62.7
1788017580,gpu_temp_c,downstream-gpu-worker-0,0,NVIDIA L4,suse-ai,53.6
1788017640,gpu_util_pct,downstream-gpu-worker-0,0,NVIDIA L4,suse-ai,54
1788017640,tensor_active_fraction,downstream-gpu-worker-0,0,NVIDIA L4,suse-ai,0.507
1788017640,fb_used_mib,downstream-gpu-worker-0,0,NVIDIA L4,suse-ai,12431
1788017640,power_usage_w,downstream-gpu-worker-0,0,NVIDIA L4,suse-ai,63.8
1788017640,gpu_temp_c,downstream-gpu-worker-0,0,NVIDIA L4,suse-ai,50.8
1788017700,gpu_util_pct,downstream-gpu-worker-0,0,NVIDIA L4,suse-ai,80
1788017700,tensor_active_fraction,downstream-gpu-worker-0,0,NVIDIA L4,suse-ai,0.624
1788017700,fb_used_mib,downstream-gpu-worker-0,0,NVIDIA L4,suse-ai,15807
1788017700,power_usage_w,downstream-gpu-worker-0,0,NVIDIA L4,suse-ai,74.9
1788017700,gpu_temp_c,downstream-gpu-worker-0,0,NVIDIA L4,suse-ai,59.1
1788017760,gpu_util_pct,downstream-gpu-worker-0,0,NVIDIA L4,suse-ai,62
1788017760,tensor_active_fraction,downstream-gpu-worker-0,0,NVIDIA L4,suse-ai,0.524
1788017760,fb_used_mib,downstream-gpu-worker-0,0,NVIDIA L4,suse-ai,13631
1788017760,power_usage_w,downstream-gpu-worker-0,0,NVIDIA L4,suse-ai,66.5
1788017760,gpu_temp_c,downstream-gpu-worker-0,0,NVIDIA L4,suse-ai,55.0
1788017820,gpu_util_pct,downstream-gpu-worker-0,0,NVIDIA L4,suse-ai,41
1788017820,tensor_active_fraction,downstream-gpu-worker-0,0,NVIDIA L4,suse-ai,0.308
1788017820,fb_used_mib,downstream-gpu-worker-0,0,NVIDIA L4,suse-ai,8864
1788017820,power_usage_w,downstream-gpu-worker-0,0,NVIDIA L4,suse-ai,50.4
1788017820,gpu_temp_c,downstream-gpu-worker-0,0,NVIDIA L4,suse-ai,46.8
1788017880,gpu_util_pct,downstream-gpu-worker-0,0,NVIDIA L4,suse-ai,56
1788017880,tensor_active_fraction,downstream-gpu-worker-0,0,NVIDIA L4,suse-ai,0.495
1788017880,fb_used_mib,downstream-gpu-worker-0,0,NVIDIA L4,suse-ai,12486
1788017880,power_usage_w,downstream-gpu-worker-0,0,NVIDIA L4,suse-ai,66.5
1788017880,gpu_temp_c,downstream-gpu-worker-0,0,NVIDIA L4,suse-ai,53.3
1788017940,gpu_util_pct,downstream-gpu-worker-0,0,NVIDIA L4,suse-ai,71
1788017940,tensor_active_fraction,downstream-gpu-worker-0,0,NVIDIA L4,suse-ai,0.555
1788017940,fb_used_mib,downstream-gpu-worker-0,0,NVIDIA L4,suse-ai,15262
1788017940,power_usage_w,downstream-gpu-worker-0,0,NVIDIA L4,suse-ai,73.2
1788017940,gpu_temp_c,downstream-gpu-worker-0,0,NVIDIA L4,suse-ai,56.9
1788018000,gpu_util_pct,downstream-gpu-worker-0,0,NVIDIA L4,suse-ai,63
1788018000,tensor_active_fraction,downstream-gpu-worker-0,0,NVIDIA L4,suse-ai,0.539
1788018000,fb_used_mib,downstream-gpu-worker-0,0,NVIDIA L4,suse-ai,14143
1788018000,power_usage_w,downstream-gpu-worker-0,0,NVIDIA L4,suse-ai,67.9
1788018000,gpu_temp_c,downstream-gpu-worker-0,0,NVIDIA L4,suse-ai,55.3
1788018060,gpu_util_pct,downstream-gpu-worker-0,0,NVIDIA L4,suse-ai,25
1788018060,tensor_active_fraction,downstream-gpu-worker-0,0,NVIDIA L4,suse-ai,0.197
1788018060,fb_used_mib,downstream-gpu-worker-0,0,NVIDIA L4,suse-ai,7051
1788018060,power_usage_w,downstream-gpu-worker-0,0,NVIDIA L4,suse-ai,44.3
1788018060,gpu_temp_c,downstream-gpu-worker-0,0,NVIDIA L4,suse-ai,43.1
1788018120,gpu_util_pct,downstream-gpu-worker-0,0,NVIDIA L4,suse-ai,15
1788018120,tensor_active_fraction,downstream-gpu-worker-0,0,NVIDIA L4,suse-ai,0.146
1788018120,fb_used_mib,downstream-gpu-worker-0,0,NVIDIA L4,suse-ai,5122
1788018120,power_usage_w,downstream-gpu-worker-0,0,NVIDIA L4,suse-ai,37.1
1788018120,gpu_temp_c,downstream-gpu-worker-0,0,NVIDIA L4,suse-ai,40.9
1788018180,gpu_util_pct,downstream-gpu-worker-0,0,NVIDIA L4,suse-ai,56
1788018180,tensor_active_fraction,downstream-gpu-worker-0,0,NVIDIA L4,suse-ai,0.527
1788018180,fb_used_mib,downstream-gpu-worker-0,0,NVIDIA L4,suse-ai,12998
1788018180,power_usage_w,downstream-gpu-worker-0,0,NVIDIA L4,suse-ai,64.9
1788018180,gpu_temp_c,downstream-gpu-worker-0,0,NVIDIA L4,suse-ai,52.8
1788018240,gpu_util_pct,downstream-gpu-worker-0,0,NVIDIA L4,suse-ai,46
1788018240,tensor_active_fraction,downstream-gpu-worker-0,0,NVIDIA L4,suse-ai,0.395
1788018240,fb_used_mib,downstream-gpu-worker-0,0,NVIDIA L4,suse-ai,10050
1788018240,power_usage_w,downstream-gpu-worker-0,0,NVIDIA L4,suse-ai,56.8
1788018240,gpu_temp_c,downstream-gpu-worker-0,0,NVIDIA L4,suse-ai,47.2
1788018300,gpu_util_pct,downstream-gpu-worker-0,0,NVIDIA L4,suse-ai,19
1788018300,tensor_active_fraction,downstream-gpu-worker-0,0,NVIDIA L4,suse-ai,0.238
1788018300,fb_used_mib,downstream-gpu-worker-0,0,NVIDIA L4,suse-ai,6501
1788018300,power_usage_w,downstream-gpu-worker-0,0,NVIDIA L4,suse-ai,46.9
1788018300,gpu_temp_c,downstream-gpu-worker-0,0,NVIDIA L4,suse-ai,41.4
1788018360,gpu_util_pct,downstream-gpu-worker-0,0,NVIDIA L4,suse-ai,78
1788018360,tensor_active_fraction,downstream-gpu-worker-0,0,NVIDIA L4,suse-ai,0.581
1788018360,fb_used_mib,downstream-gpu-worker-0,0,NVIDIA L4,suse-ai,15672
1788018360,power_usage_w,downstream-gpu-worker-0,0,NVIDIA L4,suse-ai,73.1
1788018360,gpu_temp_c,downstream-gpu-worker-0,0,NVIDIA L4,suse-ai,57.3
1788018420,gpu_util_pct,downstream-gpu-worker-0,0,NVIDIA L4,suse-ai,14
1788018420,tensor_active_fraction,downstream-gpu-worker-0,0,NVIDIA L4,suse-ai,0.103
1788018420,fb_used_mib,downstream-gpu-worker-0,0,NVIDIA L4,suse-ai,4102
1788018420,power_usage_w,downstream-gpu-worker-0,0,NVIDIA L4,suse-ai,35.3
1788018420,gpu_temp_c,downstream-gpu-worker-0,0,NVIDIA L4,suse-ai,36.6
1788018480,gpu_util_pct,downstream-gpu-worker-0,0,NVIDIA L4,suse-ai,59
1788018480,tensor_active_fraction,downstream-gpu-worker-0,0,NVIDIA L4,suse-ai,0.496
1788018480,fb_used_mib,downstream-gpu-worker-0,0,NVIDIA L4,suse-ai,12802
1788018480,power_usage_w,downstream-gpu-worker-0,0,NVIDIA L4,suse-ai,64.4
1788018480,gpu_temp_c,downstream-gpu-worker-0,0,NVIDIA L4,suse-ai,52.4
1788018540,gpu_util_pct,downstream-gpu-worker-0,0,NVIDIA L4,suse-ai,70
1788018540,tensor_active_fraction,downstream-gpu-worker-0,0,NVIDIA L4,suse-ai,0.555
1788018540,fb_used_mib,downstream-gpu-worker-0,0,NVIDIA L4,suse-ai,15158
1788018540,power_usage_w,downstream-gpu-worker-0,0,NVIDIA L4,suse-ai,71.6
1788018540,gpu_temp_c,downstream-gpu-worker-0,0,NVIDIA L4,suse-ai,56.8
1788018600,gpu_util_pct,downstream-gpu-worker-0,0,NVIDIA L4,suse-ai,54
1788018600,tensor_active_fraction,downstream-gpu-worker-0,0,NVIDIA L4,suse-ai,0.414
1788018600,fb_used_mib,downstream-gpu-worker-0,0,NVIDIA L4,suse-ai,11790
1788018600,power_usage_w,downstream-gpu-worker-0,0,NVIDIA L4,suse-ai,63.9
1788018600,gpu_temp_c,downstream-gpu-worker-0,0,NVIDIA L4,suse-ai,51.8
1788018660,gpu_util_pct,downstream-gpu-worker-0,0,NVIDIA L4,suse-ai,0
1788018660,tensor_active_fraction,downstream-gpu-worker-0,0,NVIDIA L4,suse-ai,0.014
1788018660,fb_used_mib,downstream-gpu-worker-0,0,NVIDIA L4,suse-ai,1801
1788018660,power_usage_w,downstream-gpu-worker-0,0,NVIDIA L4,suse-ai,28.2
1788018660,gpu_temp_c,downstream-gpu-worker-0,0,NVIDIA L4,suse-ai,34.2
1788018720,gpu_util_pct,downstream-gpu-worker-0,0,NVIDIA L4,suse-ai,34
1788018720,tensor_active_fraction,downstream-gpu-worker-0,0,NVIDIA L4,suse-ai,0.279
1788018720,fb_used_mib,downstream-gpu-worker-0,0,NVIDIA L4,suse-ai,8918
1788018720,power_usage_w,downstream-gpu-worker-0,0,NVIDIA L4,suse-ai,54.4
1788018720,gpu_temp_c,downstream-gpu-worker-0,0,NVIDIA L4,suse-ai,47.0
1788018780,gpu_util_pct,downstream-gpu-worker-0,0,NVIDIA L4,suse-ai,1
1788018780,tensor_active_fraction,downstream-gpu-worker-0,0,NVIDIA L4,suse-ai,0.0
1788018780,fb_used_mib,downstream-gpu-worker-0,0,NVIDIA L4,suse-ai,2176
1788018780,power_usage_w,downstream-gpu-worker-0,0,NVIDIA L4,suse-ai,29.7
1788018780,gpu_temp_c,downstream-gpu-worker-0,0,NVIDIA L4,suse-ai,36.5
1788018840,gpu_util_pct,downstream-gpu-worker-0,0,NVIDIA L4,suse-ai,0
1788018840,tensor_active_fraction,downstream-gpu-worker-0,0,NVIDIA L4,suse-ai,0.009
1788018840,fb_used_mib,downstream-gpu-worker-0,0,NVIDIA L4,suse-ai,1931
1788018840,power_usage_w,downstream-gpu-worker-0,0,NVIDIA L4,suse-ai,28.7
1788018840,gpu_temp_c,downstream-gpu-worker-0,0,NVIDIA L4,suse-ai,33.3
1788018900,gpu_util_pct,downstream-gpu-worker-0,0,NVIDIA L4,suse-ai,15
1788018900,tensor_active_fraction,downstream-gpu-worker-0,0,NVIDIA L4,suse-ai,0.116
1788018900,fb_used_mib,downstream-gpu-worker-0,0,NVIDIA L4,suse-ai,5014
1788018900,power_usage_w,downstream-gpu-worker-0,0,NVIDIA L4,suse-ai,40.0
1788018900,gpu_temp_c,downstream-gpu-worker-0,0,NVIDIA L4,suse-ai,37.9
1788018960,gpu_util_pct,downstream-gpu-worker-0,0,NVIDIA L4,suse-ai,1
1788018960,tensor_active_fraction,downstream-gpu-worker-0,0,NVIDIA L4,suse-ai,0.011
1788018960,fb_used_mib,downstream-gpu-worker-0,0,NVIDIA L4,suse-ai,1891
1788018960,power_usage_w,downstream-gpu-worker-0,0,NVIDIA L4,suse-ai,27.5
1788018960,gpu_temp_c,downstream-gpu-worker-0,0,NVIDIA L4,suse-ai,34.8
1788019020,gpu_util_pct,downstream-gpu-worker-0,0,NVIDIA L4,suse-ai,8
1788019020,tensor_active_fraction,downstream-gpu-worker-0,0,NVIDIA L4,suse-ai,0.0
1788019020,fb_used_mib,downstream-gpu-worker-0,0,NVIDIA L4,suse-ai,2891
1788019020,power_usage_w,downstream-gpu-worker-0,0,NVIDIA L4,suse-ai,33.4
1788019020,gpu_temp_c,downstream-gpu-worker-0,0,NVIDIA L4,suse-ai,35.0
1788019080,gpu_util_pct,downstream-gpu-worker-0,0,NVIDIA L4,suse-ai,75
1788019080,tensor_active_fraction,downstream-gpu-worker-0,0,NVIDIA L4,suse-ai,0.637
1788019080,fb_used_mib,downstream-gpu-worker-0,0,NVIDIA L4,suse-ai,15986
1788019080,power_usage_w,downstream-gpu-worker-0,0,NVIDIA L4,suse-ai,77.4
1788019080,gpu_temp_c,downstream-gpu-worker-0,0,NVIDIA L4,suse-ai,59.7
1788019140,gpu_util_pct,downstream-gpu-worker-0,0,NVIDIA L4,suse-ai,79
1788019140,tensor_active_fraction,downstream-gpu-worker-0,0,NVIDIA L4,suse-ai,0.605
1788019140,fb_used_mib,downstream-gpu-worker-0,0,NVIDIA L4,suse-ai,15519
1788019140,power_usage_w,downstream-gpu-worker-0,0,NVIDIA L4,suse-ai,73.7
1788019140,gpu_temp_c,downstream-gpu-worker-0,0,NVIDIA L4,suse-ai,59.5
1788019200,gpu_util_pct,downstream-gpu-worker-0,0,NVIDIA L4,suse-ai,61
1788019200,tensor_active_fraction,downstream-gpu-worker-0,0,NVIDIA L4,suse-ai,0.533
1788019200,fb_used_mib,downstream-gpu-worker-0,0,NVIDIA L4,suse-ai,13389
1788019200,power_usage_w,downstream-gpu-worker-0,0,NVIDIA L4,suse-ai,67.7
1788019200,gpu_temp_c,downstream-gpu-worker-0,0,NVIDIA L4,suse-ai,52.9
1788019260,gpu_util_pct,downstream-gpu-worker-0,0,NVIDIA L4,suse-ai,3
1788019260,tensor_active_fraction,downstream-gpu-worker-0,0,NVIDIA L4,suse-ai,0.023
1788019260,fb_used_mib,downstream-gpu-worker-0,0,NVIDIA L4,suse-ai,1876
1788019260,power_usage_w,downstream-gpu-worker-0,0,NVIDIA L4,suse-ai,28.1
1788019260,gpu_temp_c,downstream-gpu-worker-0,0,NVIDIA L4,suse-ai,36.2
1788019320,gpu_util_pct,downstream-gpu-worker-0,0,NVIDIA L4,suse-ai,5
1788019320,tensor_active_fraction,downstream-gpu-worker-0,0,NVIDIA L4,suse-ai,0.0
1788019320,fb_used_mib,downstream-gpu-worker-0,0,NVIDIA L4,suse-ai,1980
1788019320,power_usage_w,downstream-gpu-worker-0,0,NVIDIA L4,suse-ai,28.5
1788019320,gpu_temp_c,downstream-gpu-worker-0,0,NVIDIA L4,suse-ai,35.3
1788019380,gpu_util_pct,downstream-gpu-worker-0,0,NVIDIA L4,suse-ai,42
1788019380,tensor_active_fraction,downstream-gpu-worker-0,0,NVIDIA L4,suse-ai,0.364
1788019380,fb_used_mib,downstream-gpu-worker-0,0,NVIDIA L4,suse-ai,10404
1788019380,power_usage_w,downstream-gpu-worker-0,0,NVIDIA L4,suse-ai,60.4
1788019380,gpu_temp_c,downstream-gpu-worker-0,0,NVIDIA L4,suse-ai,48.3
1788019440,gpu_util_pct,downstream-gpu-worker-0,0,NVIDIA L4,suse-ai,0
1788019440,tensor_active_fraction,downstream-gpu-worker-0,0,NVIDIA L4,suse-ai,0.0
1788019440,fb_used_mib,downstream-gpu-worker-0,0,NVIDIA L4,suse-ai,2039
1788019440,power_usage_w,downstream-gpu-worker-0,0,NVIDIA L4,suse-ai,27.4
1788019440,gpu_temp_c,downstream-gpu-worker-0,0,NVIDIA L4,suse-ai,35.2
1788019500,gpu_util_pct,downstream-gpu-worker-0,0,NVIDIA L4,suse-ai,4
1788019500,tensor_active_fraction,downstream-gpu-worker-0,0,NVIDIA L4,suse-ai,0.0
1788019500,fb_used_mib,downstream-gpu-worker-0,0,NVIDIA L4,suse-ai,1942
1788019500,power_usage_w,downstream-gpu-worker-0,0,NVIDIA L4,suse-ai,30.6
1788019500,gpu_temp_c,downstream-gpu-worker-0,0,NVIDIA L4,suse-ai,35.7
1788019560,gpu_util_pct,downstream-gpu-worker-0,0,NVIDIA L4,suse-ai,65
1788019560,tensor_active_fraction,downstream-gpu-worker-0,0,NVIDIA L4,suse-ai,0.533
1788019560,fb_used_mib,downstream-gpu-worker-0,0,NVIDIA L4,suse-ai,13105
1788019560,power_usage_w,downstream-gpu-worker-0,0,NVIDIA L4,suse-ai,67.7
1788019560,gpu_temp_c,downstream-gpu-worker-0,0,NVIDIA L4,suse-ai,53.4
1788019620,gpu_util_pct,downstream-gpu-worker-0,0,NVIDIA L4,suse-ai,84
1788019620,tensor_active_fraction,downstream-gpu-worker-0,0,NVIDIA L4,suse-ai,0.619
1788019620,fb_used_mib,downstream-gpu-worker-0,0,NVIDIA L4,suse-ai,16904
1788019620,power_usage_w,downstream-gpu-worker-0,0,NVIDIA L4,suse-ai,76.4
1788019620,gpu_temp_c,downstream-gpu-worker-0,0,NVIDIA L4,suse-ai,58.3
1788019680,gpu_util_pct,downstream-gpu-worker-0,0,NVIDIA L4,suse-ai,0
1788019680,tensor_active_fraction,downstream-gpu-worker-0,0,NVIDIA L4,suse-ai,0.0
1788019680,fb_used_mib,downstream-gpu-worker-0,0,NVIDIA L4,suse-ai,1987
1788019680,power_usage_w,downstream-gpu-worker-0,0,NVIDIA L4,suse-ai,27.5
1788019680,gpu_temp_c,downstream-gpu-worker-0,0,NVIDIA L4,suse-ai,35.8
1788019740,gpu_util_pct,downstream-gpu-worker-0,0,NVIDIA L4,suse-ai,20
1788019740,tensor_active_fraction,downstream-gpu-worker-0,0,NVIDIA L4,suse-ai,0.163
1788019740,fb_used_mib,downstream-gpu-worker-0,0,NVIDIA L4,suse-ai,6272
1788019740,power_usage_w,downstream-gpu-worker-0,0,NVIDIA L4,suse-ai,43.6
1788019740,gpu_temp_c,downstream-gpu-worker-0,0,NVIDIA L4,suse-ai,43.7
1788019800,gpu_util_pct,downstream-gpu-worker-0,0,NVIDIA L4,suse-ai,5
1788019800,tensor_active_fraction,downstream-gpu-worker-0,0,NVIDIA L4,suse-ai,0.041
1788019800,fb_used_mib,downstream-gpu-worker-0,0,NVIDIA L4,suse-ai,3245
1788019800,power_usage_w,downstream-gpu-worker-0,0,NVIDIA L4,suse-ai,32.2
1788019800,gpu_temp_c,downstream-gpu-worker-0,0,NVIDIA L4,suse-ai,38.1
1788019860,gpu_util_pct,downstream-gpu-worker-0,0,NVIDIA L4,suse-ai,77
1788019860,tensor_active_fraction,downstream-gpu-worker-0,0,NVIDIA L4,suse-ai,0.608
1788019860,fb_used_mib,downstream-gpu-worker-0,0,NVIDIA L4,suse-ai,15696
1788019860,power_usage_w,downstream-gpu-worker-0,0,NVIDIA L4,suse-ai,77.5
1788019860,gpu_temp_c,downstream-gpu-worker-0,0,NVIDIA L4,suse-ai,58.0
1788019920,gpu_util_pct,downstream-gpu-worker-0,0,NVIDIA L4,suse-ai,80
1788019920,tensor_active_fraction,downstream-gpu-worker-0,0,NVIDIA L4,suse-ai,0.678
1788019920,fb_used_mib,downstream-gpu-worker-0,0,NVIDIA L4,suse-ai,16366
1788019920,power_usage_w,downstream-gpu-worker-0,0,NVIDIA L4,suse-ai,77.3
1788019920,gpu_temp_c,downstream-gpu-worker-0,0,NVIDIA L4,suse-ai,57.6
1788019980,gpu_util_pct,downstream-gpu-worker-0,0,NVIDIA L4,suse-ai,0
1788019980,tensor_active_fraction,downstream-gpu-worker-0,0,NVIDIA L4,suse-ai,0.0
1788019980,fb_used_mib,downstream-gpu-worker-0,0,NVIDIA L4,suse-ai,1865
1788019980,power_usage_w,downstream-gpu-worker-0,0,NVIDIA L4,suse-ai,29.8
1788019980,gpu_temp_c,downstream-gpu-worker-0,0,NVIDIA L4,suse-ai,33.5
1788020040,gpu_util_pct,downstream-gpu-worker-0,0,NVIDIA L4,suse-ai,74
1788020040,tensor_active_fraction,downstream-gpu-worker-0,0,NVIDIA L4,suse-ai,0.583
1788020040,fb_used_mib,downstream-gpu-worker-0,0,NVIDIA L4,suse-ai,15456
1788020040,power_usage_w,downstream-gpu-worker-0,0,NVIDIA L4,suse-ai,74.6
1788020040,gpu_temp_c,downstream-gpu-worker-0,0,NVIDIA L4,suse-ai,56.9
1788020100,gpu_util_pct,downstream-gpu-worker-0,0,NVIDIA L4,suse-ai,2
1788020100,tensor_active_fraction,downstream-gpu-worker-0,0,NVIDIA L4,suse-ai,0.0
1788020100,fb_used_mib,downstream-gpu-worker-0,0,NVIDIA L4,suse-ai,1940
1788020100,power_usage_w,downstream-gpu-worker-0,0,NVIDIA L4,suse-ai,28.2
1788020100,gpu_temp_c,downstream-gpu-worker-0,0,NVIDIA L4,suse-ai,34.1
1788020160,gpu_util_pct,downstream-gpu-worker-0,0,NVIDIA L4,suse-ai,70
1788020160,tensor_active_fraction,downstream-gpu-worker-0,0,NVIDIA L4,suse-ai,0.57
1788020160,fb_used_mib,downstream-gpu-worker-0,0,NVIDIA L4,suse-ai,14118
1788020160,power_usage_w,downstream-gpu-worker-0,0,NVIDIA L4,suse-ai,71.3
1788020160,gpu_temp_c,downstream-gpu-worker-0,0,NVIDIA L4,suse-ai,54.0
1788020220,gpu_util_pct,downstream-gpu-worker-0,0,NVIDIA L4,suse-ai,80
1788020220,tensor_active_fraction,downstream-gpu-worker-0,0,NVIDIA L4,suse-ai,0.71
1788020220,fb_used_mib,downstream-gpu-worker-0,0,NVIDIA L4,suse-ai,17245
1788020220,power_usage_w,downstream-gpu-worker-0,0,NVIDIA L4,suse-ai,83.8
1788020220,gpu_temp_c,downstream-gpu-worker-0,0,NVIDIA L4,suse-ai,59.6
1788020280,gpu_util_pct,downstream-gpu-worker-0,0,NVIDIA L4,suse-ai,26
1788020280,tensor_active_fraction,downstream-gpu-worker-0,0,NVIDIA L4,suse-ai,0.221
1788020280,fb_used_mib,downstream-gpu-worker-0,0,NVIDIA L4,suse-ai,7276
1788020280,power_usage_w,downstream-gpu-worker-0,0,NVIDIA L4,suse-ai,50.8
1788020280,gpu_temp_c,downstream-gpu-worker-0,0,NVIDIA L4,suse-ai,42.4
1788020340,gpu_util_pct,downstream-gpu-worker-0,0,NVIDIA L4,suse-ai,20
1788020340,tensor_active_fraction,downstream-gpu-worker-0,0,NVIDIA L4,suse-ai,0.088
1788020340,fb_used_mib,downstream-gpu-worker-0,0,NVIDIA L4,suse-ai,4786
1788020340,power_usage_w,downstream-gpu-worker-0,0,NVIDIA L4,suse-ai,36.7
1788020340,gpu_temp_c,downstream-gpu-worker-0,0,NVIDIA L4,suse-ai,39.6
1788020400,gpu_util_pct,downstream-gpu-worker-0,0,NVIDIA L4,suse-ai,53
1788020400,tensor_active_fraction,downstream-gpu-worker-0,0,NVIDIA L4,suse-ai,0.439
1788020400,fb_used_mib,downstream-gpu-worker-0,0,NVIDIA L4,suse-ai,11495
1788020400,power_usage_w,downstream-gpu-worker-0,0,NVIDIA L4,suse-ai,62.9
1788020400,gpu_temp_c,downstream-gpu-worker-0,0,NVIDIA L4,suse-ai,50.3
1788020460,gpu_util_pct,downstream-gpu-worker-0,0,NVIDIA L4,suse-ai,1
1788020460,tensor_active_fraction,downstream-gpu-worker-0,0,NVIDIA L4,suse-ai,0.0
1788020460,fb_used_mib,downstream-gpu-worker-0,0,NVIDIA L4,suse-ai,2179
1788020460,power_usage_w,downstream-gpu-worker-0,0,NVIDIA L4,suse-ai,33.0
1788020460,gpu_temp_c,downstream-gpu-worker-0,0,NVIDIA L4,suse-ai,36.6
1788020520,gpu_util_pct,downstream-gpu-worker-0,0,NVIDIA L4,suse-ai,60
1788020520,tensor_active_fraction,downstream-gpu-worker-0,0,NVIDIA L4,suse-ai,0.544
1788020520,fb_used_mib,downstream-gpu-worker-0,0,NVIDIA L4,suse-ai,13536
1788020520,power_usage_w,downstream-gpu-worker-0,0,NVIDIA L4,suse-ai,66.7
1788020520,gpu_temp_c,downstream-gpu-worker-0,0,NVIDIA L4,suse-ai,55.2
1788020580,gpu_util_pct,downstream-gpu-worker-0,0,NVIDIA L4,suse-ai,58
1788020580,tensor_active_fraction,downstream-gpu-worker-0,0,NVIDIA L4,suse-ai,0.47
1788020580,fb_used_mib,downstream-gpu-worker-0,0,NVIDIA L4,suse-ai,12185
1788020580,power_usage_w,downstream-gpu-worker-0,0,NVIDIA L4,suse-ai,63.0
1788020580,gpu_temp_c,downstream-gpu-worker-0,0,NVIDIA L4,suse-ai,51.2
1788020640,gpu_util_pct,downstream-gpu-worker-0,0,NVIDIA L4,suse-ai,60
1788020640,tensor_active_fraction,downstream-gpu-worker-0,0,NVIDIA L4,suse-ai,0.437
1788020640,fb_used_mib,downstream-gpu-worker-0,0,NVIDIA L4,suse-ai,12793
1788020640,power_usage_w,downstream-gpu-worker-0,0,NVIDIA L4,suse-ai,65.7
1788020640,gpu_temp_c,downstream-gpu-worker-0,0,NVIDIA L4,suse-ai,52.8
1788020700,gpu_util_pct,downstream-gpu-worker-0,0,NVIDIA L4,suse-ai,51
1788020700,tensor_active_fraction,downstream-gpu-worker-0,0,NVIDIA L4,suse-ai,0.339
1788020700,fb_used_mib,downstream-gpu-worker-0,0,NVIDIA L4,suse-ai,10319
1788020700,power_usage_w,downstream-gpu-worker-0,0,NVIDIA L4,suse-ai,59.8
1788020700,gpu_temp_c,downstream-gpu-worker-0,0,NVIDIA L4,suse-ai,49.9
1788020760,gpu_util_pct,downstream-gpu-worker-0,0,NVIDIA L4,suse-ai,82
1788020760,tensor_active_fraction,downstream-gpu-worker-0,0,NVIDIA L4,suse-ai,0.633
1788020760,fb_used_mib,downstream-gpu-worker-0,0,NVIDIA L4,suse-ai,15959
1788020760,power_usage_w,downstream-gpu-worker-0,0,NVIDIA L4,suse-ai,74.3
1788020760,gpu_temp_c,downstream-gpu-worker-0,0,NVIDIA L4,suse-ai,57.8
1788020820,gpu_util_pct,downstream-gpu-worker-0,0,NVIDIA L4,suse-ai,0
1788020820,tensor_active_fraction,downstream-gpu-worker-0,0,NVIDIA L4,suse-ai,0.0
1788020820,fb_used_mib,downstream-gpu-worker-0,0,NVIDIA L4,suse-ai,1907
1788020820,power_usage_w,downstream-gpu-worker-0,0,NVIDIA L4,suse-ai,30.6
1788020820,gpu_temp_c,downstream-gpu-worker-0,0,NVIDIA L4,suse-ai,33.4
1788020880,gpu_util_pct,downstream-gpu-worker-0,0,NVIDIA L4,suse-ai,20
1788020880,tensor_active_fraction,downstream-gpu-worker-0,0,NVIDIA L4,suse-ai,0.138
1788020880,fb_used_mib,downstream-gpu-worker-0,0,NVIDIA L4,suse-ai,5863
1788020880,power_usage_w,downstream-gpu-worker-0,0,NVIDIA L4,suse-ai,40.3
1788020880,gpu_temp_c,downstream-gpu-worker-0,0,NVIDIA L4,suse-ai,41.4
1788020940,gpu_util_pct,downstream-gpu-worker-0,0,NVIDIA L4,suse-ai,86
1788020940,tensor_active_fraction,downstream-gpu-worker-0,0,NVIDIA L4,suse-ai,0.687
1788020940,fb_used_mib,downstream-gpu-worker-0,0,NVIDIA L4,suse-ai,17218
1788020940,power_usage_w,downstream-gpu-worker-0,0,NVIDIA L4,suse-ai,83.0
1788020940,gpu_temp_c,downstream-gpu-worker-0,0,NVIDIA L4,suse-ai,60.3
1788021000,gpu_util_pct,downstream-gpu-worker-0,0,NVIDIA L4,suse-ai,43
1788021000,tensor_active_fraction,downstream-gpu-worker-0,0,NVIDIA L4,suse-ai,0.372
1788021000,fb_used_mib,downstream-gpu-worker-0,0,NVIDIA L4,suse-ai,10266
1788021000,power_usage_w,downstream-gpu-worker-0,0,NVIDIA L4,suse-ai,59.9
1788021000,gpu_temp_c,downstream-gpu-worker-0,0,NVIDIA L4,suse-ai,48.3
1788021060,gpu_util_pct,downstream-gpu-worker-0,0,NVIDIA L4,suse-ai,87
1788021060,tensor_active_fraction,downstream-gpu-worker-0,0,NVIDIA L4,suse-ai,0.665
1788021060,fb_used_mib,downstream-gpu-worker-0,0,NVIDIA L4,suse-ai,17300
1788021060,power_usage_w,downstream-gpu-worker-0,0,NVIDIA L4,suse-ai,80.9
1788021060,gpu_temp_c,downstream-gpu-worker-0,0,NVIDIA L4,suse-ai,60.9
1788021120,gpu_util_pct,downstream-gpu-worker-0,0,NVIDIA L4,suse-ai,40
1788021120,tensor_active_fraction,downstream-gpu-worker-0,0,NVIDIA L4,suse-ai,0.288
1788021120,fb_used_mib,downstream-gpu-worker-0,0,NVIDIA L4,suse-ai,8460
1788021120,power_usage_w,downstream-gpu-worker-0,0,NVIDIA L4,suse-ai,51.0
1788021120,gpu_temp_c,downstream-gpu-worker-0,0,NVIDIA L4,suse-ai,45.6
1788021180,gpu_util_pct,downstream-gpu-worker-0,0,NVIDIA L4,suse-ai,59
1788021180,tensor_active_fraction,downstream-gpu-worker-0,0,NVIDIA L4,suse-ai,0.429
1788021180,fb_used_mib,downstream-gpu-worker-0,0,NVIDIA L4,suse-ai,12005
1788021180,power_usage_w,downstream-gpu-worker-0,0,NVIDIA L4,suse-ai,64.8
1788021180,gpu_temp_c,downstream-gpu-worker-0,0,NVIDIA L4,suse-ai,49.7
1788021240,gpu_util_pct,downstream-gpu-worker-0,0,NVIDIA L4,suse-ai,57
1788021240,tensor_active_fraction,downstream-gpu-worker-0,0,NVIDIA L4,suse-ai,0.491
1788021240,fb_used_mib,downstream-gpu-worker-0,0,NVIDIA L4,suse-ai,12537
1788021240,power_usage_w,downstream-gpu-worker-0,0,NVIDIA L4,suse-ai,61.9
1788021240,gpu_temp_c,downstream-gpu-worker-0,0,NVIDIA L4,suse-ai,52.0
1788021300,gpu_util_pct,downstream-gpu-worker-0,0,NVIDIA L4,suse-ai,52
1788021300,tensor_active_fraction,downstream-gpu-worker-0,0,NVIDIA L4,suse-ai,0.452
1788021300,fb_used_mib,downstream-gpu-worker-0,0,NVIDIA L4,suse-ai,11761
1788021300,power_usage_w,downstream-gpu-worker-0,0,NVIDIA L4,suse-ai,61.9
1788021300,gpu_temp_c,downstream-gpu-worker-0,0,NVIDIA L4,suse-ai,52.3
1788021360,gpu_util_pct,downstream-gpu-worker-0,0,NVIDIA L4,suse-ai,16
1788021360,tensor_active_fraction,downstream-gpu-worker-0,0,NVIDIA L4,suse-ai,0.124
1788021360,fb_used_mib,downstream-gpu-worker-0,0,NVIDIA L4,suse-ai,3971
1788021360,power_usage_w,downstream-gpu-worker-0,0,NVIDIA L4,suse-ai,34.4
1788021360,gpu_temp_c,downstream-gpu-worker-0,0,NVIDIA L4,suse-ai,40.4
1788021420,gpu_util_pct,downstream-gpu-worker-0,0,NVIDIA L4,suse-ai,4
1788021420,tensor_active_fraction,downstream-gpu-worker-0,0,NVIDIA L4,suse-ai,0.01
1788021420,fb_used_mib,downstream-gpu-worker-0,0,NVIDIA L4,suse-ai,2171
1788021420,power_usage_w,downstream-gpu-worker-0,0,NVIDIA L4,suse-ai,30.6
1788021420,gpu_temp_c,downstream-gpu-worker-0,0,NVIDIA L4,suse-ai,33.7
1788021480,gpu_util_pct,downstream-gpu-worker-0,0,NVIDIA L4,suse-ai,48
1788021480,tensor_active_fraction,downstream-gpu-worker-0,0,NVIDIA L4,suse-ai,0.376
1788021480,fb_used_mib,downstream-gpu-worker-0,0,NVIDIA L4,suse-ai,10730
1788021480,power_usage_w,downstream-gpu-worker-0,0,NVIDIA L4,suse-ai,60.4
1788021480,gpu_temp_c,downstream-gpu-worker-0,0,NVIDIA L4,suse-ai,50.3
1788021540,gpu_util_pct,downstream-gpu-worker-0,0,NVIDIA L4,suse-ai,10
1788021540,tensor_active_fraction,downstream-gpu-worker-0,0,NVIDIA L4,suse-ai,0.067
1788021540,fb_used_mib,downstream-gpu-worker-0,0,NVIDIA L4,suse-ai,3332
1788021540,power_usage_w,downstream-gpu-worker-0,0,NVIDIA L4,suse-ai,37.0
1788021540,gpu_temp_c,downstream-gpu-worker-0,0,NVIDIA L4,suse-ai,37.8
1788021600,gpu_util_pct,downstream-gpu-worker-0,0,NVIDIA L4,suse-ai,34
1788021600,tensor_active_fraction,downstream-gpu-worker-0,0,NVIDIA L4,suse-ai,0.269
1788021600,fb_used_mib,downstream-gpu-worker-0,0,NVIDIA L4,suse-ai,8757
1788021600,power_usage_w,downstream-gpu-worker-0,0,NVIDIA L4,suse-ai,54.8
1788021600,gpu_temp_c,downstream-gpu-worker-0,0,NVIDIA L4,suse-ai,47.3
1788021660,gpu_util_pct,downstream-gpu-worker-0,0,NVIDIA L4,suse-ai,17
1788021660,tensor_active_fraction,downstream-gpu-worker-0,0,NVIDIA L4,suse-ai,0.17
1788021660,fb_used_mib,downstream-gpu-worker-0,0,NVIDIA L4,suse-ai,5729
1788021660,power_usage_w,downstream-gpu-worker-0,0,NVIDIA L4,suse-ai,41.4
1788021660,gpu_temp_c,downstream-gpu-worker-0,0,NVIDIA L4,suse-ai,42.8
1788021720,gpu_util_pct,downstream-gpu-worker-0,0,NVIDIA L4,suse-ai,40
1788021720,tensor_active_fraction,downstream-gpu-worker-0,0,NVIDIA L4,suse-ai,0.277
1788021720,fb_used_mib,downstream-gpu-worker-0,0,NVIDIA L4,suse-ai,9281
1788021720,power_usage_w,downstream-gpu-worker-0,0,NVIDIA L4,suse-ai,51.8
1788021720,gpu_temp_c,downstream-gpu-worker-0,0,NVIDIA L4,suse-ai,46.6
1788021780,gpu_util_pct,downstream-gpu-worker-0,0,NVIDIA L4,suse-ai,23
1788021780,tensor_active_fraction,downstream-gpu-worker-0,0,NVIDIA L4,suse-ai,0.179
1788021780,fb_used_mib,downstream-gpu-worker-0,0,NVIDIA L4,suse-ai,5462
1788021780,power_usage_w,downstream-gpu-worker-0,0,NVIDIA L4,suse-ai,41.5
1788021780,gpu_temp_c,downstream-gpu-worker-0,0,NVIDIA L4,suse-ai,38.9
1788021840,gpu_util_pct,downstream-gpu-worker-0,0,NVIDIA L4,suse-ai,26
1788021840,tensor_active_fraction,downstream-gpu-worker-0,0,NVIDIA L4,suse-ai,0.208
1788021840,fb_used_mib,downstream-gpu-worker-0,0,NVIDIA L4,suse-ai,7277
1788021840,power_usage_w,downstream-gpu-worker-0,0,NVIDIA L4,suse-ai,46.5
1788021840,gpu_temp_c,downstream-gpu-worker-0,0,NVIDIA L4,suse-ai,42.9
1788021900,gpu_util_pct,downstream-gpu-worker-0,0,NVIDIA L4,suse-ai,22
1788021900,tensor_active_fraction,downstream-gpu-worker-0,0,NVIDIA L4,suse-ai,0.143
1788021900,fb_used_mib,downstream-gpu-worker-0,0,NVIDIA L4,suse-ai,5346
1788021900,power_usage_w,downstream-gpu-worker-0,0,NVIDIA L4,suse-ai,41.2
1788021900,gpu_temp_c,downstream-gpu-worker-0,0,NVIDIA L4,suse-ai,40.9
1788021960,gpu_util_pct,downstream-gpu-worker-0,0,NVIDIA L4,suse-ai,42
1788021960,tensor_active_fraction,downstream-gpu-worker-0,0,NVIDIA L4,suse-ai,0.246
1788021960,fb_used_mib,downstream-gpu-worker-0,0,NVIDIA L4,suse-ai,8545
1788021960,power_usage_w,downstream-gpu-worker-0,0,NVIDIA L4,suse-ai,52.0
1788021960,gpu_temp_c,downstream-gpu-worker-0,0,NVIDIA L4,suse-ai,46.9
1788022020,gpu_util_pct,downstream-gpu-worker-0,0,NVIDIA L4,suse-ai,47
1788022020,tensor_active_fraction,downstream-gpu-worker-0,0,NVIDIA L4,suse-ai,0.377
1788022020,fb_used_mib,downstream-gpu-worker-0,0,NVIDIA L4,suse-ai,9545
1788022020,power_usage_w,downstream-gpu-worker-0,0,NVIDIA L4,suse-ai,52.9
1788022020,gpu_temp_c,downstream-gpu-worker-0,0,NVIDIA L4,suse-ai,45.8
1788022080,gpu_util_pct,downstream-gpu-worker-0,0,NVIDIA L4,suse-ai,33
1788022080,tensor_active_fraction,downstream-gpu-worker-0,0,NVIDIA L4,suse-ai,0.235
1788022080,fb_used_mib,downstream-gpu-worker-0,0,NVIDIA L4,suse-ai,7858
1788022080,power_usage_w,downstream-gpu-worker-0,0,NVIDIA L4,suse-ai,51.7
1788022080,gpu_temp_c,downstream-gpu-worker-0,0,NVIDIA L4,suse-ai,43.1
1788022140,gpu_util_pct,downstream-gpu-worker-0,0,NVIDIA L4,suse-ai,35
1788022140,tensor_active_fraction,downstream-gpu-worker-0,0,NVIDIA L4,suse-ai,0.264
1788022140,fb_used_mib,downstream-gpu-worker-0,0,NVIDIA L4,suse-ai,8020
1788022140,power_usage_w,downstream-gpu-worker-0,0,NVIDIA L4,suse-ai,48.1
1788022140,gpu_temp_c,downstream-gpu-worker-0,0,NVIDIA L4,suse-ai,46.0
1788022200,gpu_util_pct,downstream-gpu-worker-0,0,NVIDIA L4,suse-ai,28
1788022200,tensor_active_fraction,downstream-gpu-worker-0,0,NVIDIA L4,suse-ai,0.234
1788022200,fb_used_mib,downstream-gpu-worker-0,0,NVIDIA L4,suse-ai,7272
1788022200,power_usage_w,downstream-gpu-worker-0,0,NVIDIA L4,suse-ai,48.6
1788022200,gpu_temp_c,downstream-gpu-worker-0,0,NVIDIA L4,suse-ai,45.4
1788022260,gpu_util_pct,downstream-gpu-worker-0,0,NVIDIA L4,suse-ai,43
1788022260,tensor_active_fraction,downstream-gpu-worker-0,0,NVIDIA L4,suse-ai,0.321
1788022260,fb_used_mib,downstream-gpu-worker-0,0,NVIDIA L4,suse-ai,9446
1788022260,power_usage_w,downstream-gpu-worker-0,0,NVIDIA L4,suse-ai,55.6
1788022260,gpu_temp_c,downstream-gpu-worker-0,0,NVIDIA L4,suse-ai,46.7
1788022320,gpu_util_pct,downstream-gpu-worker-0,0,NVIDIA L4,suse-ai,32
1788022320,tensor_active_fraction,downstream-gpu-worker-0,0,NVIDIA L4,suse-ai,0.235
1788022320,fb_used_mib,downstream-gpu-worker-0,0,NVIDIA L4,suse-ai,6895
1788022320,power_usage_w,downstream-gpu-worker-0,0,NVIDIA L4,suse-ai,46.3
1788022320,gpu_temp_c,downstream-gpu-worker-0,0,NVIDIA L4,suse-ai,45.1
1788022380,gpu_util_pct,downstream-gpu-worker-0,0,NVIDIA L4,suse-ai,17
1788022380,tensor_active_fraction,downstream-gpu-worker-0,0,NVIDIA L4,suse-ai,0.177
1788022380,fb_used_mib,downstream-gpu-worker-0,0,NVIDIA L4,suse-ai,5394
1788022380,power_usage_w,downstream-gpu-worker-0,0,NVIDIA L4,suse-ai,41.8
1788022380,gpu_temp_c,downstream-gpu-worker-0,0,NVIDIA L4,suse-ai,39.6
1788022440,gpu_util_pct,downstream-gpu-worker-0,0,NVIDIA L4,suse-ai,19
1788022440,tensor_active_fraction,downstream-gpu-worker-0,0,NVIDIA L4,suse-ai,0.185
1788022440,fb_used_mib,downstream-gpu-worker-0,0,NVIDIA L4,suse-ai,5690
1788022440,power_usage_w,downstream-gpu-worker-0,0,NVIDIA L4,suse-ai,41.7
1788022440,gpu_temp_c,downstream-gpu-worker-0,0,NVIDIA L4,suse-ai,39.8
1788022500,gpu_util_pct,downstream-gpu-worker-0,0,NVIDIA L4,suse-ai,37
1788022500,tensor_active_fraction,downstream-gpu-worker-0,0,NVIDIA L4,suse-ai,0.24
1788022500,fb_used_mib,downstream-gpu-worker-0,0,NVIDIA L4,suse-ai,7619
1788022500,power_usage_w,downstream-gpu-worker-0,0,NVIDIA L4,suse-ai,50.1
1788022500,gpu_temp_c,downstream-gpu-worker-0,0,NVIDIA L4,suse-ai,43.2
1788022560,gpu_util_pct,downstream-gpu-worker-0,0,NVIDIA L4,suse-ai,41
1788022560,tensor_active_fraction,downstream-gpu-worker-0,0,NVIDIA L4,suse-ai,0.36
1788022560,fb_used_mib,downstream-gpu-worker-0,0,NVIDIA L4,suse-ai,9341
1788022560,power_usage_w,downstream-gpu-worker-0,0,NVIDIA L4,suse-ai,52.4
1788022560,gpu_temp_c,downstream-gpu-worker-0,0,NVIDIA L4,suse-ai,46.2
1788022620,gpu_util_pct,downstream-gpu-worker-0,0,NVIDIA L4,suse-ai,32
1788022620,tensor_active_fraction,downstream-gpu-worker-0,0,NVIDIA L4,suse-ai,0.305
1788022620,fb_used_mib,downstream-gpu-worker-0,0,NVIDIA L4,suse-ai,7863
1788022620,power_usage_w,downstream-gpu-worker-0,0,NVIDIA L4,suse-ai,50.8
1788022620,gpu_temp_c,downstream-gpu-worker-0,0,NVIDIA L4,suse-ai,45.7
1788022680,gpu_util_pct,downstream-gpu-worker-0,0,NVIDIA L4,suse-ai,36
1788022680,tensor_active_fraction,downstream-gpu-worker-0,0,NVIDIA L4,suse-ai,0.29
1788022680,fb_used_mib,downstream-gpu-worker-0,0,NVIDIA L4,suse-ai,7873
1788022680,power_usage_w,downstream-gpu-worker-0,0,NVIDIA L4,suse-ai,49.7
1788022680,gpu_temp_c,downstream-gpu-worker-0,0,NVIDIA L4,suse-ai,43.0
1788022740,gpu_util_pct,downstream-gpu-worker-0,0,NVIDIA L4,suse-ai,20
1788022740,tensor_active_fraction,downstream-gpu-worker-0,0,NVIDIA L4,suse-ai,0.156
1788022740,fb_used_mib,downstream-gpu-worker-0,0,NVIDIA L4,suse-ai,5016
1788022740,power_usage_w,downstream-gpu-worker-0,0,NVIDIA L4,suse-ai,41.0
1788022740,gpu_temp_c,downstream-gpu-worker-0,0,NVIDIA L4,suse-ai,41.6
1788022800,gpu_util_pct,downstream-gpu-worker-0,0,NVIDIA L4,suse-ai,40
1788022800,tensor_active_fraction,downstream-gpu-worker-0,0,NVIDIA L4,suse-ai,0.348
1788022800,fb_used_mib,downstream-gpu-worker-0,0,NVIDIA L4,suse-ai,8863
1788022800,power_usage_w,downstream-gpu-worker-0,0,NVIDIA L4,suse-ai,53.8
1788022800,gpu_temp_c,downstream-gpu-worker-0,0,NVIDIA L4,suse-ai,46.7
1788022860,gpu_util_pct,downstream-gpu-worker-0,0,NVIDIA L4,suse-ai,15
1788022860,tensor_active_fraction,downstream-gpu-worker-0,0,NVIDIA L4,suse-ai,0.125
1788022860,fb_used_mib,downstream-gpu-worker-0,0,NVIDIA L4,suse-ai,5412
1788022860,power_usage_w,downstream-gpu-worker-0,0,NVIDIA L4,suse-ai,42.9
1788022860,gpu_temp_c,downstream-gpu-worker-0,0,NVIDIA L4,suse-ai,41.6
1788022920,gpu_util_pct,downstream-gpu-worker-0,0,NVIDIA L4,suse-ai,38
1788022920,tensor_active_fraction,downstream-gpu-worker-0,0,NVIDIA L4,suse-ai,0.345
1788022920,fb_used_mib,downstream-gpu-worker-0,0,NVIDIA L4,suse-ai,8794
1788022920,power_usage_w,downstream-gpu-worker-0,0,NVIDIA L4,suse-ai,52.3
1788022920,gpu_temp_c,downstream-gpu-worker-0,0,NVIDIA L4,suse-ai,47.8
1788022980,gpu_util_pct,downstream-gpu-worker-0,0,NVIDIA L4,suse-ai,15
1788022980,tensor_active_fraction,downstream-gpu-worker-0,0,NVIDIA L4,suse-ai,0.188
1788022980,fb_used_mib,downstream-gpu-worker-0,0,NVIDIA L4,suse-ai,5285
1788022980,power_usage_w,downstream-gpu-worker-0,0,NVIDIA L4,suse-ai,37.6
1788022980,gpu_temp_c,downstream-gpu-worker-0,0,NVIDIA L4,suse-ai,41.6
1788023040,gpu_util_pct,downstream-gpu-worker-0,0,NVIDIA L4,suse-ai,27
1788023040,tensor_active_fraction,downstream-gpu-worker-0,0,NVIDIA L4,suse-ai,0.2
1788023040,fb_used_mib,downstream-gpu-worker-0,0,NVIDIA L4,suse-ai,7150
1788023040,power_usage_w,downstream-gpu-worker-0,0,NVIDIA L4,suse-ai,48.8
1788023040,gpu_temp_c,downstream-gpu-worker-0,0,NVIDIA L4,suse-ai,43.4
1788023100,gpu_util_pct,downstream-gpu-worker-0,0,NVIDIA L4,suse-ai,32
1788023100,tensor_active_fraction,downstream-gpu-worker-0,0,NVIDIA L4,suse-ai,0.3
1788023100,fb_used_mib,downstream-gpu-worker-0,0,NVIDIA L4,suse-ai,8187
1788023100,power_usage_w,downstream-gpu-worker-0,0,NVIDIA L4,suse-ai,52.3
1788023100,gpu_temp_c,downstream-gpu-worker-0,0,NVIDIA L4,suse-ai,43.8
1788023160,gpu_util_pct,downstream-gpu-worker-0,0,NVIDIA L4,suse-ai,32
1788023160,tensor_active_fraction,downstream-gpu-worker-0,0,NVIDIA L4,suse-ai,0.261
1788023160,fb_used_mib,downstream-gpu-worker-0,0,NVIDIA L4,suse-ai,7152
1788023160,power_usage_w,downstream-gpu-worker-0,0,NVIDIA L4,suse-ai,46.7
1788023160,gpu_temp_c,downstream-gpu-worker-0,0,NVIDIA L4,suse-ai,44.0
1788023220,gpu_util_pct,downstream-gpu-worker-0,0,NVIDIA L4,suse-ai,44
1788023220,tensor_active_fraction,downstream-gpu-worker-0,0,NVIDIA L4,suse-ai,0.387
1788023220,fb_used_mib,downstream-gpu-worker-0,0,NVIDIA L4,suse-ai,10183
1788023220,power_usage_w,downstream-gpu-worker-0,0,NVIDIA L4,suse-ai,57.1
1788023220,gpu_temp_c,downstream-gpu-worker-0,0,NVIDIA L4,suse-ai,46.8
1788023280,gpu_util_pct,downstream-gpu-worker-0,0,NVIDIA L4,suse-ai,24
1788023280,tensor_active_fraction,downstream-gpu-worker-0,0,NVIDIA L4,suse-ai,0.223
1788023280,fb_used_mib,downstream-gpu-worker-0,0,NVIDIA L4,suse-ai,6384
1788023280,power_usage_w,downstream-gpu-worker-0,0,NVIDIA L4,suse-ai,44.1
1788023280,gpu_temp_c,downstream-gpu-worker-0,0,NVIDIA L4,suse-ai,40.5
1788023340,gpu_util_pct,downstream-gpu-worker-0,0,NVIDIA L4,suse-ai,41
1788023340,tensor_active_fraction,downstream-gpu-worker-0,0,NVIDIA L4,suse-ai,0.363
1788023340,fb_used_mib,downstream-gpu-worker-0,0,NVIDIA L4,suse-ai,10196
1788023340,power_usage_w,downstream-gpu-worker-0,0,NVIDIA L4,suse-ai,59.6
1788023340,gpu_temp_c,downstream-gpu-worker-0,0,NVIDIA L4,suse-ai,49.5
1788023400,gpu_util_pct,downstream-gpu-worker-0,0,NVIDIA L4,suse-ai,48
1788023400,tensor_active_fraction,downstream-gpu-worker-0,0,NVIDIA L4,suse-ai,0.336
1788023400,fb_used_mib,downstream-gpu-worker-0,0,NVIDIA L4,suse-ai,9888
1788023400,power_usage_w,downstream-gpu-worker-0,0,NVIDIA L4,suse-ai,57.0
1788023400,gpu_temp_c,downstream-gpu-worker-0,0,NVIDIA L4,suse-ai,49.4
1788023460,gpu_util_pct,downstream-gpu-worker-0,0,NVIDIA L4,suse-ai,36
1788023460,tensor_active_fraction,downstream-gpu-worker-0,0,NVIDIA L4,suse-ai,0.286
1788023460,fb_used_mib,downstream-gpu-worker-0,0,NVIDIA L4,suse-ai,8917
1788023460,power_usage_w,downstream-gpu-worker-0,0,NVIDIA L4,suse-ai,55.0
1788023460,gpu_temp_c,downstream-gpu-worker-0,0,NVIDIA L4,suse-ai,46.8
1788023520,gpu_util_pct,downstream-gpu-worker-0,0,NVIDIA L4,suse-ai,17
1788023520,tensor_active_fraction,downstream-gpu-worker-0,0,NVIDIA L4,suse-ai,0.156
1788023520,fb_used_mib,downstream-gpu-worker-0,0,NVIDIA L4,suse-ai,5330
1788023520,power_usage_w,downstream-gpu-worker-0,0,NVIDIA L4,suse-ai,41.3
1788023520,gpu_temp_c,downstream-gpu-worker-0,0,NVIDIA L4,suse-ai,40.8
1788023580,gpu_util_pct,downstream-gpu-worker-0,0,NVIDIA L4,suse-ai,26
1788023580,tensor_active_fraction,downstream-gpu-worker-0,0,NVIDIA L4,suse-ai,0.255
1788023580,fb_used_mib,downstream-gpu-worker-0,0,NVIDIA L4,suse-ai,7092
1788023580,power_usage_w,downstream-gpu-worker-0,0,NVIDIA L4,suse-ai,48.4
1788023580,gpu_temp_c,downstream-gpu-worker-0,0,NVIDIA L4,suse-ai,44.9
1788023640,gpu_util_pct,downstream-gpu-worker-0,0,NVIDIA L4,suse-ai,16
1788023640,tensor_active_fraction,downstream-gpu-worker-0,0,NVIDIA L4,suse-ai,0.111
1788023640,fb_used_mib,downstream-gpu-worker-0,0,NVIDIA L4,suse-ai,4831
1788023640,power_usage_w,downstream-gpu-worker-0,0,NVIDIA L4,suse-ai,41.4
1788023640,gpu_temp_c,downstream-gpu-worker-0,0,NVIDIA L4,suse-ai,39.7
1788023700,gpu_util_pct,downstream-gpu-worker-0,0,NVIDIA L4,suse-ai,29
1788023700,tensor_active_fraction,downstream-gpu-worker-0,0,NVIDIA L4,suse-ai,0.253
1788023700,fb_used_mib,downstream-gpu-worker-0,0,NVIDIA L4,suse-ai,7587
1788023700,power_usage_w,downstream-gpu-worker-0,0,NVIDIA L4,suse-ai,47.9
1788023700,gpu_temp_c,downstream-gpu-worker-0,0,NVIDIA L4,suse-ai,45.0
1788023760,gpu_util_pct,downstream-gpu-worker-0,0,NVIDIA L4,suse-ai,17
1788023760,tensor_active_fraction,downstream-gpu-worker-0,0,NVIDIA L4,suse-ai,0.107
1788023760,fb_used_mib,downstream-gpu-worker-0,0,NVIDIA L4,suse-ai,4215
1788023760,power_usage_w,downstream-gpu-worker-0,0,NVIDIA L4,suse-ai,39.7
1788023760,gpu_temp_c,downstream-gpu-worker-0,0,NVIDIA L4,suse-ai,38.1
1788023820,gpu_util_pct,downstream-gpu-worker-0,0,NVIDIA L4,suse-ai,27
1788023820,tensor_active_fraction,downstream-gpu-worker-0,0,NVIDIA L4,suse-ai,0.241
1788023820,fb_used_mib,downstream-gpu-worker-0,0,NVIDIA L4,suse-ai,7033
1788023820,power_usage_w,downstream-gpu-worker-0,0,NVIDIA L4,suse-ai,44.9
1788023820,gpu_temp_c,downstream-gpu-worker-0,0,NVIDIA L4,suse-ai,43.2
1788023880,gpu_util_pct,downstream-gpu-worker-0,0,NVIDIA L4,suse-ai,19
1788023880,tensor_active_fraction,downstream-gpu-worker-0,0,NVIDIA L4,suse-ai,0.174
1788023880,fb_used_mib,downstream-gpu-worker-0,0,NVIDIA L4,suse-ai,4908
1788023880,power_usage_w,downstream-gpu-worker-0,0,NVIDIA L4,suse-ai,40.2
1788023880,gpu_temp_c,downstream-gpu-worker-0,0,NVIDIA L4,suse-ai,37.9
1788023940,gpu_util_pct,downstream-gpu-worker-0,0,NVIDIA L4,suse-ai,21
1788023940,tensor_active_fraction,downstream-gpu-worker-0,0,NVIDIA L4,suse-ai,0.217
1788023940,fb_used_mib,downstream-gpu-worker-0,0,NVIDIA L4,suse-ai,6367
1788023940,power_usage_w,downstream-gpu-worker-0,0,NVIDIA L4,suse-ai,45.7
1788023940,gpu_temp_c,downstream-gpu-worker-0,0,NVIDIA L4,suse-ai,44.0
1788024000,gpu_util_pct,downstream-gpu-worker-0,0,NVIDIA L4,suse-ai,40
1788024000,tensor_active_fraction,downstream-gpu-worker-0,0,NVIDIA L4,suse-ai,0.262
1788024000,fb_used_mib,downstream-gpu-worker-0,0,NVIDIA L4,suse-ai,8422
1788024000,power_usage_w,downstream-gpu-worker-0,0,NVIDIA L4,suse-ai,52.7
1788024000,gpu_temp_c,downstream-gpu-worker-0,0,NVIDIA L4,suse-ai,47.1
1788024060,gpu_util_pct,downstream-gpu-worker-0,0,NVIDIA L4,suse-ai,29
1788024060,tensor_active_fraction,downstream-gpu-worker-0,0,NVIDIA L4,suse-ai,0.249
1788024060,fb_used_mib,downstream-gpu-worker-0,0,NVIDIA L4,suse-ai,7983
1788024060,power_usage_w,downstream-gpu-worker-0,0,NVIDIA L4,suse-ai,47.3
1788024060,gpu_temp_c,downstream-gpu-worker-0,0,NVIDIA L4,suse-ai,44.9
1788024120,gpu_util_pct,downstream-gpu-worker-0,0,NVIDIA L4,suse-ai,21
1788024120,tensor_active_fraction,downstream-gpu-worker-0,0,NVIDIA L4,suse-ai,0.143
1788024120,fb_used_mib,downstream-gpu-worker-0,0,NVIDIA L4,suse-ai,5183
1788024120,power_usage_w,downstream-gpu-worker-0,0,NVIDIA L4,suse-ai,40.6
1788024120,gpu_temp_c,downstream-gpu-worker-0,0,NVIDIA L4,suse-ai,40.2
1788024180,gpu_util_pct,downstream-gpu-worker-0,0,NVIDIA L4,suse-ai,14
1788024180,tensor_active_fraction,downstream-gpu-worker-0,0,NVIDIA L4,suse-ai,0.08
1788024180,fb_used_mib,downstream-gpu-worker-0,0,NVIDIA L4,suse-ai,4515
1788024180,power_usage_w,downstream-gpu-worker-0,0,NVIDIA L4,suse-ai,36.2
1788024180,gpu_temp_c,downstream-gpu-worker-0,0,NVIDIA L4,suse-ai,40.1
1788024240,gpu_util_pct,downstream-gpu-worker-0,0,NVIDIA L4,suse-ai,27
1788024240,tensor_active_fraction,downstream-gpu-worker-0,0,NVIDIA L4,suse-ai,0.238
1788024240,fb_used_mib,downstream-gpu-worker-0,0,NVIDIA L4,suse-ai,6884
1788024240,power_usage_w,downstream-gpu-worker-0,0,NVIDIA L4,suse-ai,46.3
1788024240,gpu_temp_c,downstream-gpu-worker-0,0,NVIDIA L4,suse-ai,43.4
1788024300,gpu_util_pct,downstream-gpu-worker-0,0,NVIDIA L4,suse-ai,51
1788024300,tensor_active_fraction,downstream-gpu-worker-0,0,NVIDIA L4,suse-ai,0.437
1788024300,fb_used_mib,downstream-gpu-worker-0,0,NVIDIA L4,suse-ai,10911
1788024300,power_usage_w,downstream-gpu-worker-0,0,NVIDIA L4,suse-ai,58.9
1788024300,gpu_temp_c,downstream-gpu-worker-0,0,NVIDIA L4,suse-ai,48.3
1788024360,gpu_util_pct,downstream-gpu-worker-0,0,NVIDIA L4,suse-ai,30
1788024360,tensor_active_fraction,downstream-gpu-worker-0,0,NVIDIA L4,suse-ai,0.238
1788024360,fb_used_mib,downstream-gpu-worker-0,0,NVIDIA L4,suse-ai,7627
1788024360,power_usage_w,downstream-gpu-worker-0,0,NVIDIA L4,suse-ai,48.2
1788024360,gpu_temp_c,downstream-gpu-worker-0,0,NVIDIA L4,suse-ai,44.2
1788024420,gpu_util_pct,downstream-gpu-worker-0,0,NVIDIA L4,suse-ai,37
1788024420,tensor_active_fraction,downstream-gpu-worker-0,0,NVIDIA L4,suse-ai,0.254
1788024420,fb_used_mib,downstream-gpu-worker-0,0,NVIDIA L4,suse-ai,8619
1788024420,power_usage_w,downstream-gpu-worker-0,0,NVIDIA L4,suse-ai,52.9
1788024420,gpu_temp_c,downstream-gpu-worker-0,0,NVIDIA L4,suse-ai,47.9
1788024480,gpu_util_pct,downstream-gpu-worker-0,0,NVIDIA L4,suse-ai,19
1788024480,tensor_active_fraction,downstream-gpu-worker-0,0,NVIDIA L4,suse-ai,0.082
1788024480,fb_used_mib,downstream-gpu-worker-0,0,NVIDIA L4,suse-ai,4672
1788024480,power_usage_w,downstream-gpu-worker-0,0,NVIDIA L4,suse-ai,37.8
1788024480,gpu_temp_c,downstream-gpu-worker-0,0,NVIDIA L4,suse-ai,39.6
1788024540,gpu_util_pct,downstream-gpu-worker-0,0,NVIDIA L4,suse-ai,13
1788024540,tensor_active_fraction,downstream-gpu-worker-0,0,NVIDIA L4,suse-ai,0.107
1788024540,fb_used_mib,downstream-gpu-worker-0,0,NVIDIA L4,suse-ai,4617
1788024540,power_usage_w,downstream-gpu-worker-0,0,NVIDIA L4,suse-ai,36.2
1788024540,gpu_temp_c,downstream-gpu-worker-0,0,NVIDIA L4,suse-ai,38.1
1788024600,gpu_util_pct,downstream-gpu-worker-0,0,NVIDIA L4,suse-ai,40
1788024600,tensor_active_fraction,downstream-gpu-worker-0,0,NVIDIA L4,suse-ai,0.373
1788024600,fb_used_mib,downstream-gpu-worker-0,0,NVIDIA L4,suse-ai,9340
1788024600,power_usage_w,downstream-gpu-worker-0,0,NVIDIA L4,suse-ai,53.4
1788024600,gpu_temp_c,downstream-gpu-worker-0,0,NVIDIA L4,suse-ai,46.1
1788024660,gpu_util_pct,downstream-gpu-worker-0,0,NVIDIA L4,suse-ai,35
1788024660,tensor_active_fraction,downstream-gpu-worker-0,0,NVIDIA L4,suse-ai,0.321
1788024660,fb_used_mib,downstream-gpu-worker-0,0,NVIDIA L4,suse-ai,8942
1788024660,power_usage_w,downstream-gpu-worker-0,0,NVIDIA L4,suse-ai,51.0
1788024660,gpu_temp_c,downstream-gpu-worker-0,0,NVIDIA L4,suse-ai,46.8
1788024720,gpu_util_pct,downstream-gpu-worker-0,0,NVIDIA L4,suse-ai,22
1788024720,tensor_active_fraction,downstream-gpu-worker-0,0,NVIDIA L4,suse-ai,0.163
1788024720,fb_used_mib,downstream-gpu-worker-0,0,NVIDIA L4,suse-ai,5981
1788024720,power_usage_w,downstream-gpu-worker-0,0,NVIDIA L4,suse-ai,45.4
1788024720,gpu_temp_c,downstream-gpu-worker-0,0,NVIDIA L4,suse-ai,43.1
1788024780,gpu_util_pct,downstream-gpu-worker-0,0,NVIDIA L4,suse-ai,12
1788024780,tensor_active_fraction,downstream-gpu-worker-0,0,NVIDIA L4,suse-ai,0.135
1788024780,fb_used_mib,downstream-gpu-worker-0,0,NVIDIA L4,suse-ai,4844
1788024780,power_usage_w,downstream-gpu-worker-0,0,NVIDIA L4,suse-ai,40.1
1788024780,gpu_temp_c,downstream-gpu-worker-0,0,NVIDIA L4,suse-ai,38.2
1788024840,gpu_util_pct,downstream-gpu-worker-0,0,NVIDIA L4,suse-ai,35
1788024840,tensor_active_fraction,downstream-gpu-worker-0,0,NVIDIA L4,suse-ai,0.326
1788024840,fb_used_mib,downstream-gpu-worker-0,0,NVIDIA L4,suse-ai,9111
1788024840,power_usage_w,downstream-gpu-worker-0,0,NVIDIA L4,suse-ai,52.9
1788024840,gpu_temp_c,downstream-gpu-worker-0,0,NVIDIA L4,suse-ai,48.4
1788024900,gpu_util_pct,downstream-gpu-worker-0,0,NVIDIA L4,suse-ai,19
1788024900,tensor_active_fraction,downstream-gpu-worker-0,0,NVIDIA L4,suse-ai,0.205
1788024900,fb_used_mib,downstream-gpu-worker-0,0,NVIDIA L4,suse-ai,6196
1788024900,power_usage_w,downstream-gpu-worker-0,0,NVIDIA L4,suse-ai,42.7
1788024900,gpu_temp_c,downstream-gpu-worker-0,0,NVIDIA L4,suse-ai,40.4
1788024960,gpu_util_pct,downstream-gpu-worker-0,0,NVIDIA L4,suse-ai,12
1788024960,tensor_active_fraction,downstream-gpu-worker-0,0,NVIDIA L4,suse-ai,0.143
1788024960,fb_used_mib,downstream-gpu-worker-0,0,NVIDIA L4,suse-ai,5041
1788024960,power_usage_w,downstream-gpu-worker-0,0,NVIDIA L4,suse-ai,38.6
1788024960,gpu_temp_c,downstream-gpu-worker-0,0,NVIDIA L4,suse-ai,40.5
1788025020,gpu_util_pct,downstream-gpu-worker-0,0,NVIDIA L4,suse-ai,32
1788025020,tensor_active_fraction,downstream-gpu-worker-0,0,NVIDIA L4,suse-ai,0.333
1788025020,fb_used_mib,downstream-gpu-worker-0,0,NVIDIA L4,suse-ai,8485
1788025020,power_usage_w,downstream-gpu-worker-0,0,NVIDIA L4,suse-ai,53.1
1788025020,gpu_temp_c,downstream-gpu-worker-0,0,NVIDIA L4,suse-ai,47.6
1788025080,gpu_util_pct,downstream-gpu-worker-0,0,NVIDIA L4,suse-ai,33
1788025080,tensor_active_fraction,downstream-gpu-worker-0,0,NVIDIA L4,suse-ai,0.247
1788025080,fb_used_mib,downstream-gpu-worker-0,0,NVIDIA L4,suse-ai,7370
1788025080,power_usage_w,downstream-gpu-worker-0,0,NVIDIA L4,suse-ai,49.5
1788025080,gpu_temp_c,downstream-gpu-worker-0,0,NVIDIA L4,suse-ai,44.4
1788025140,gpu_util_pct,downstream-gpu-worker-0,0,NVIDIA L4,suse-ai,47
1788025140,tensor_active_fraction,downstream-gpu-worker-0,0,NVIDIA L4,suse-ai,0.365
1788025140,fb_used_mib,downstream-gpu-worker-0,0,NVIDIA L4,suse-ai,11007
1788025140,power_usage_w,downstream-gpu-worker-0,0,NVIDIA L4,suse-ai,61.6
1788025140,gpu_temp_c,downstream-gpu-worker-0,0,NVIDIA L4,suse-ai,50.1
1788025200,gpu_util_pct,downstream-gpu-worker-0,0,NVIDIA L4,suse-ai,13
1788025200,tensor_active_fraction,downstream-gpu-worker-0,0,NVIDIA L4,suse-ai,0.082
1788025200,fb_used_mib,downstream-gpu-worker-0,0,NVIDIA L4,suse-ai,4295
1788025200,power_usage_w,downstream-gpu-worker-0,0,NVIDIA L4,suse-ai,37.5
1788025200,gpu_temp_c,downstream-gpu-worker-0,0,NVIDIA L4,suse-ai,40.5
1788025260,gpu_util_pct,downstream-gpu-worker-0,0,NVIDIA L4,suse-ai,20
1788025260,tensor_active_fraction,downstream-gpu-worker-0,0,NVIDIA L4,suse-ai,0.138
1788025260,fb_used_mib,downstream-gpu-worker-0,0,NVIDIA L4,suse-ai,6194
1788025260,power_usage_w,downstream-gpu-worker-0,0,NVIDIA L4,suse-ai,43.2
1788025260,gpu_temp_c,downstream-gpu-worker-0,0,NVIDIA L4,suse-ai,40.3
1788025320,gpu_util_pct,downstream-gpu-worker-0,0,NVIDIA L4,suse-ai,51
1788025320,tensor_active_fraction,downstream-gpu-worker-0,0,NVIDIA L4,suse-ai,0.382
1788025320,fb_used_mib,downstream-gpu-worker-0,0,NVIDIA L4,suse-ai,10943
1788025320,power_usage_w,downstream-gpu-worker-0,0,NVIDIA L4,suse-ai,61.8
1788025320,gpu_temp_c,downstream-gpu-worker-0,0,NVIDIA L4,suse-ai,48.7
1788025380,gpu_util_pct,downstream-gpu-worker-0,0,NVIDIA L4,suse-ai,51
1788025380,tensor_active_fraction,downstream-gpu-worker-0,0,NVIDIA L4,suse-ai,0.351
1788025380,fb_used_mib,downstream-gpu-worker-0,0,NVIDIA L4,suse-ai,11064
1788025380,power_usage_w,downstream-gpu-worker-0,0,NVIDIA L4,suse-ai,57.7
1788025380,gpu_temp_c,downstream-gpu-worker-0,0,NVIDIA L4,suse-ai,50.7
1788025440,gpu_util_pct,downstream-gpu-worker-0,0,NVIDIA L4,suse-ai,17
1788025440,tensor_active_fraction,downstream-gpu-worker-0,0,NVIDIA L4,suse-ai,0.135
1788025440,fb_used_mib,downstream-gpu-worker-0,0,NVIDIA L4,suse-ai,5994
1788025440,power_usage_w,downstream-gpu-worker-0,0,NVIDIA L4,suse-ai,41.3
1788025440,gpu_temp_c,downstream-gpu-worker-0,0,NVIDIA L4,suse-ai,43.2
1788025500,gpu_util_pct,downstream-gpu-worker-0,0,NVIDIA L4,suse-ai,43
1788025500,tensor_active_fraction,downstream-gpu-worker-0,0,NVIDIA L4,suse-ai,0.352
1788025500,fb_used_mib,downstream-gpu-worker-0,0,NVIDIA L4,suse-ai,10549
1788025500,power_usage_w,downstream-gpu-worker-0,0,NVIDIA L4,suse-ai,56.8
1788025500,gpu_temp_c,downstream-gpu-worker-0,0,NVIDIA L4,suse-ai,49.2
1788025560,gpu_util_pct,downstream-gpu-worker-0,0,NVIDIA L4,suse-ai,35
1788025560,tensor_active_fraction,downstream-gpu-worker-0,0,NVIDIA L4,suse-ai,0.218
1788025560,fb_used_mib,downstream-gpu-worker-0,0,NVIDIA L4,suse-ai,7362
1788025560,power_usage_w,downstream-gpu-worker-0,0,NVIDIA L4,suse-ai,48.4
1788025560,gpu_temp_c,downstream-gpu-worker-0,0,NVIDIA L4,suse-ai,42.3
1788025620,gpu_util_pct,downstream-gpu-worker-0,0,NVIDIA L4,suse-ai,11
1788025620,tensor_active_fraction,downstream-gpu-worker-0,0,NVIDIA L4,suse-ai,0.116
1788025620,fb_used_mib,downstream-gpu-worker-0,0,NVIDIA L4,suse-ai,3498
1788025620,power_usage_w,downstream-gpu-worker-0,0,NVIDIA L4,suse-ai,36.0
1788025620,gpu_temp_c,downstream-gpu-worker-0,0,NVIDIA L4,suse-ai,38.2
1788025680,gpu_util_pct,downstream-gpu-worker-0,0,NVIDIA L4,suse-ai,15
1788025680,tensor_active_fraction,downstream-gpu-worker-0,0,NVIDIA L4,suse-ai,0.115
1788025680,fb_used_mib,downstream-gpu-worker-0,0,NVIDIA L4,suse-ai,4094
1788025680,power_usage_w,downstream-gpu-worker-0,0,NVIDIA L4,suse-ai,37.9
1788025680,gpu_temp_c,downstream-gpu-worker-0,0,NVIDIA L4,suse-ai,38.5
1788025740,gpu_util_pct,downstream-gpu-worker-0,0,NVIDIA L4,suse-ai,45
1788025740,tensor_active_fraction,downstream-gpu-worker-0,0,NVIDIA L4,suse-ai,0.391
1788025740,fb_used_mib,downstream-gpu-worker-0,0,NVIDIA L4,suse-ai,10015
1788025740,power_usage_w,downstream-gpu-worker-0,0,NVIDIA L4,suse-ai,57.4
1788025740,gpu_temp_c,downstream-gpu-worker-0,0,NVIDIA L4,suse-ai,47.3
1788025800,gpu_util_pct,downstream-gpu-worker-0,0,NVIDIA L4,suse-ai,23
1788025800,tensor_active_fraction,downstream-gpu-worker-0,0,NVIDIA L4,suse-ai,0.195
1788025800,fb_used_mib,downstream-gpu-worker-0,0,NVIDIA L4,suse-ai,5381
1788025800,power_usage_w,downstream-gpu-worker-0,0,NVIDIA L4,suse-ai,38.4
1788025800,gpu_temp_c,downstream-gpu-worker-0,0,NVIDIA L4,suse-ai,41.8
1788025860,gpu_util_pct,downstream-gpu-worker-0,0,NVIDIA L4,suse-ai,52
1788025860,tensor_active_fraction,downstream-gpu-worker-0,0,NVIDIA L4,suse-ai,0.42
1788025860,fb_used_mib,downstream-gpu-worker-0,0,NVIDIA L4,suse-ai,10981
1788025860,power_usage_w,downstream-gpu-worker-0,0,NVIDIA L4,suse-ai,57.7
1788025860,gpu_temp_c,downstream-gpu-worker-0,0,NVIDIA L4,suse-ai,51.9
1788025920,gpu_util_pct,downstream-gpu-worker-0,0,NVIDIA L4,suse-ai,17
1788025920,tensor_active_fraction,downstream-gpu-worker-0,0,NVIDIA L4,suse-ai,0.176
1788025920,fb_used_mib,downstream-gpu-worker-0,0,NVIDIA L4,suse-ai,5763
1788025920,power_usage_w,downstream-gpu-worker-0,0,NVIDIA L4,suse-ai,43.9
1788025920,gpu_temp_c,downstream-gpu-worker-0,0,NVIDIA L4,suse-ai,39.8
1788025980,gpu_util_pct,downstream-gpu-worker-0,0,NVIDIA L4,suse-ai,43
1788025980,tensor_active_fraction,downstream-gpu-worker-0,0,NVIDIA L4,suse-ai,0.329
1788025980,fb_used_mib,downstream-gpu-worker-0,0,NVIDIA L4,suse-ai,10189
1788025980,power_usage_w,downstream-gpu-worker-0,0,NVIDIA L4,suse-ai,54.7
1788025980,gpu_temp_c,downstream-gpu-worker-0,0,NVIDIA L4,suse-ai,47.0
1788026040,gpu_util_pct,downstream-gpu-worker-0,0,NVIDIA L4,suse-ai,42
1788026040,tensor_active_fraction,downstream-gpu-worker-0,0,NVIDIA L4,suse-ai,0.335
1788026040,fb_used_mib,downstream-gpu-worker-0,0,NVIDIA L4,suse-ai,9225
1788026040,power_usage_w,downstream-gpu-worker-0,0,NVIDIA L4,suse-ai,55.7
1788026040,gpu_temp_c,downstream-gpu-worker-0,0,NVIDIA L4,suse-ai,45.6
1788026100,gpu_util_pct,downstream-gpu-worker-0,0,NVIDIA L4,suse-ai,33
1788026100,tensor_active_fraction,downstream-gpu-worker-0,0,NVIDIA L4,suse-ai,0.28
1788026100,fb_used_mib,downstream-gpu-worker-0,0,NVIDIA L4,suse-ai,7618
1788026100,power_usage_w,downstream-gpu-worker-0,0,NVIDIA L4,suse-ai,48.9
1788026100,gpu_temp_c,downstream-gpu-worker-0,0,NVIDIA L4,suse-ai,46.0
1788026160,gpu_util_pct,downstream-gpu-worker-0,0,NVIDIA L4,suse-ai,37
1788026160,tensor_active_fraction,downstream-gpu-worker-0,0,NVIDIA L4,suse-ai,0.333
1788026160,fb_used_mib,downstream-gpu-worker-0,0,NVIDIA L4,suse-ai,9049
1788026160,power_usage_w,downstream-gpu-worker-0,0,NVIDIA L4,suse-ai,52.0
1788026160,gpu_temp_c,downstream-gpu-worker-0,0,NVIDIA L4,suse-ai,48.7
1788026220,gpu_util_pct,downstream-gpu-worker-0,0,NVIDIA L4,suse-ai,26
1788026220,tensor_active_fraction,downstream-gpu-worker-0,0,NVIDIA L4,suse-ai,0.14
1788026220,fb_used_mib,downstream-gpu-worker-0,0,NVIDIA L4,suse-ai,6141
1788026220,power_usage_w,downstream-gpu-worker-0,0,NVIDIA L4,suse-ai,43.9
1788026220,gpu_temp_c,downstream-gpu-worker-0,0,NVIDIA L4,suse-ai,39.6
1788026280,gpu_util_pct,downstream-gpu-worker-0,0,NVIDIA L4,suse-ai,4
1788026280,tensor_active_fraction,downstream-gpu-worker-0,0,NVIDIA L4,suse-ai,0.063
1788026280,fb_used_mib,downstream-gpu-worker-0,0,NVIDIA L4,suse-ai,3374
1788026280,power_usage_w,downstream-gpu-worker-0,0,NVIDIA L4,suse-ai,34.3
1788026280,gpu_temp_c,downstream-gpu-worker-0,0,NVIDIA L4,suse-ai,36.7
1788026340,gpu_util_pct,downstream-gpu-worker-0,0,NVIDIA L4,suse-ai,14
1788026340,tensor_active_fraction,downstream-gpu-worker-0,0,NVIDIA L4,suse-ai,0.098
1788026340,fb_used_mib,downstream-gpu-worker-0,0,NVIDIA L4,suse-ai,3891
1788026340,power_usage_w,downstream-gpu-worker-0,0,NVIDIA L4,suse-ai,38.6
1788026340,gpu_temp_c,downstream-gpu-worker-0,0,NVIDIA L4,suse-ai,39.4
1788026400,gpu_util_pct,downstream-gpu-worker-0,0,NVIDIA L4,suse-ai,24
1788026400,tensor_active_fraction,downstream-gpu-worker-0,0,NVIDIA L4,suse-ai,0.267
1788026400,fb_used_mib,downstream-gpu-worker-0,0,NVIDIA L4,suse-ai,6887
1788026400,power_usage_w,downstream-gpu-worker-0,0,NVIDIA L4,suse-ai,47.1
1788026400,gpu_temp_c,downstream-gpu-worker-0,0,NVIDIA L4,suse-ai,42.8
1788026460,gpu_util_pct,downstream-gpu-worker-0,0,NVIDIA L4,suse-ai,49
1788026460,tensor_active_fraction,downstream-gpu-worker-0,0,NVIDIA L4,suse-ai,0.417
1788026460,fb_used_mib,downstream-gpu-worker-0,0,NVIDIA L4,suse-ai,10134
1788026460,power_usage_w,downstream-gpu-worker-0,0,NVIDIA L4,suse-ai,56.8
1788026460,gpu_temp_c,downstream-gpu-worker-0,0,NVIDIA L4,suse-ai,47.6
1788026520,gpu_util_pct,downstream-gpu-worker-0,0,NVIDIA L4,suse-ai,9
1788026520,tensor_active_fraction,downstream-gpu-worker-0,0,NVIDIA L4,suse-ai,0.079
1788026520,fb_used_mib,downstream-gpu-worker-0,0,NVIDIA L4,suse-ai,3277
1788026520,power_usage_w,downstream-gpu-worker-0,0,NVIDIA L4,suse-ai,35.3
1788026520,gpu_temp_c,downstream-gpu-worker-0,0,NVIDIA L4,suse-ai,35.8
1788026580,gpu_util_pct,downstream-gpu-worker-0,0,NVIDIA L4,suse-ai,46
1788026580,tensor_active_fraction,downstream-gpu-worker-0,0,NVIDIA L4,suse-ai,0.392
1788026580,fb_used_mib,downstream-gpu-worker-0,0,NVIDIA L4,suse-ai,10007
1788026580,power_usage_w,downstream-gpu-worker-0,0,NVIDIA L4,suse-ai,59.9
1788026580,gpu_temp_c,downstream-gpu-worker-0,0,NVIDIA L4,suse-ai,50.4
1788026640,gpu_util_pct,downstream-gpu-worker-0,0,NVIDIA L4,suse-ai,8
1788026640,tensor_active_fraction,downstream-gpu-worker-0,0,NVIDIA L4,suse-ai,0.083
1788026640,fb_used_mib,downstream-gpu-worker-0,0,NVIDIA L4,suse-ai,3440
1788026640,power_usage_w,downstream-gpu-worker-0,0,NVIDIA L4,suse-ai,31.7
1788026640,gpu_temp_c,downstream-gpu-worker-0,0,NVIDIA L4,suse-ai,39.3
1788026700,gpu_util_pct,downstream-gpu-worker-0,0,NVIDIA L4,suse-ai,33
1788026700,tensor_active_fraction,downstream-gpu-worker-0,0,NVIDIA L4,suse-ai,0.271
1788026700,fb_used_mib,downstream-gpu-worker-0,0,NVIDIA L4,suse-ai,8602
1788026700,power_usage_w,downstream-gpu-worker-0,0,NVIDIA L4,suse-ai,50.0
1788026700,gpu_temp_c,downstream-gpu-worker-0,0,NVIDIA L4,suse-ai,44.8
1788026760,gpu_util_pct,downstream-gpu-worker-0,0,NVIDIA L4,suse-ai,43
1788026760,tensor_active_fraction,downstream-gpu-worker-0,0,NVIDIA L4,suse-ai,0.343
1788026760,fb_used_mib,downstream-gpu-worker-0,0,NVIDIA L4,suse-ai,9355
1788026760,power_usage_w,downstream-gpu-worker-0,0,NVIDIA L4,suse-ai,55.5
1788026760,gpu_temp_c,downstream-gpu-worker-0,0,NVIDIA L4,suse-ai,48.5
1788026820,gpu_util_pct,downstream-gpu-worker-0,0,NVIDIA L4,suse-ai,16
1788026820,tensor_active_fraction,downstream-gpu-worker-0,0,NVIDIA L4,suse-ai,0.13
1788026820,fb_used_mib,downstream-gpu-worker-0,0,NVIDIA L4,suse-ai,4283
1788026820,power_usage_w,downstream-gpu-worker-0,0,NVIDIA L4,suse-ai,38.5
1788026820,gpu_temp_c,downstream-gpu-worker-0,0,NVIDIA L4,suse-ai,37.6
1788026880,gpu_util_pct,downstream-gpu-worker-0,0,NVIDIA L4,suse-ai,42
1788026880,tensor_active_fraction,downstream-gpu-worker-0,0,NVIDIA L4,suse-ai,0.423
1788026880,fb_used_mib,downstream-gpu-worker-0,0,NVIDIA L4,suse-ai,10538
1788026880,power_usage_w,downstream-gpu-worker-0,0,NVIDIA L4,suse-ai,58.9
1788026880,gpu_temp_c,downstream-gpu-worker-0,0,NVIDIA L4,suse-ai,49.8
1788026940,gpu_util_pct,downstream-gpu-worker-0,0,NVIDIA L4,suse-ai,44
1788026940,tensor_active_fraction,downstream-gpu-worker-0,0,NVIDIA L4,suse-ai,0.384
1788026940,fb_used_mib,downstream-gpu-worker-0,0,NVIDIA L4,suse-ai,10865
1788026940,power_usage_w,downstream-gpu-worker-0,0,NVIDIA L4,suse-ai,60.2
1788026940,gpu_temp_c,downstream-gpu-worker-0,0,NVIDIA L4,suse-ai,51.1
1788027000,gpu_util_pct,downstream-gpu-worker-0,0,NVIDIA L4,suse-ai,25
1788027000,tensor_active_fraction,downstream-gpu-worker-0,0,NVIDIA L4,suse-ai,0.161
1788027000,fb_used_mib,downstream-gpu-worker-0,0,NVIDIA L4,suse-ai,5672
1788027000,power_usage_w,downstream-gpu-worker-0,0,NVIDIA L4,suse-ai,42.9
1788027000,gpu_temp_c,downstream-gpu-worker-0,0,NVIDIA L4,suse-ai,41.4
1788027060,gpu_util_pct,downstream-gpu-worker-0,0,NVIDIA L4,suse-ai,26
1788027060,tensor_active_fraction,downstream-gpu-worker-0,0,NVIDIA L4,suse-ai,0.269
1788027060,fb_used_mib,downstream-gpu-worker-0,0,NVIDIA L4,suse-ai,7373
1788027060,power_usage_w,downstream-gpu-worker-0,0,NVIDIA L4,suse-ai,51.0
1788027060,gpu_temp_c,downstream-gpu-worker-0,0,NVIDIA L4,suse-ai,44.4
1788027120,gpu_util_pct,downstream-gpu-worker-0,0,NVIDIA L4,suse-ai,20
1788027120,tensor_active_fraction,downstream-gpu-worker-0,0,NVIDIA L4,suse-ai,0.15
1788027120,fb_used_mib,downstream-gpu-worker-0,0,NVIDIA L4,suse-ai,5898
1788027120,power_usage_w,downstream-gpu-worker-0,0,NVIDIA L4,suse-ai,44.3
1788027120,gpu_temp_c,downstream-gpu-worker-0,0,NVIDIA L4,suse-ai,43.2
1788027180,gpu_util_pct,downstream-gpu-worker-0,0,NVIDIA L4,suse-ai,18
1788027180,tensor_active_fraction,downstream-gpu-worker-0,0,NVIDIA L4,suse-ai,0.175
1788027180,fb_used_mib,downstream-gpu-worker-0,0,NVIDIA L4,suse-ai,5085
1788027180,power_usage_w,downstream-gpu-worker-0,0,NVIDIA L4,suse-ai,37.9
1788027180,gpu_temp_c,downstream-gpu-worker-0,0,NVIDIA L4,suse-ai,39.2
1788027240,gpu_util_pct,downstream-gpu-worker-0,0,NVIDIA L4,suse-ai,9
1788027240,tensor_active_fraction,downstream-gpu-worker-0,0,NVIDIA L4,suse-ai,0.016
1788027240,fb_used_mib,downstream-gpu-worker-0,0,NVIDIA L4,suse-ai,3399
1788027240,power_usage_w,downstream-gpu-worker-0,0,NVIDIA L4,suse-ai,31.9
1788027240,gpu_temp_c,downstream-gpu-worker-0,0,NVIDIA L4,suse-ai,38.6
1788027300,gpu_util_pct,downstream-gpu-worker-0,0,NVIDIA L4,suse-ai,55
1788027300,tensor_active_fraction,downstream-gpu-worker-0,0,NVIDIA L4,suse-ai,0.391
1788027300,fb_used_mib,downstream-gpu-worker-0,0,NVIDIA L4,suse-ai,11364
1788027300,power_usage_w,downstream-gpu-worker-0,0,NVIDIA L4,suse-ai,64.0
1788027300,gpu_temp_c,downstream-gpu-worker-0,0,NVIDIA L4,suse-ai,52.0
1788027360,gpu_util_pct,downstream-gpu-worker-0,0,NVIDIA L4,suse-ai,47
1788027360,tensor_active_fraction,downstream-gpu-worker-0,0,NVIDIA L4,suse-ai,0.345
1788027360,fb_used_mib,downstream-gpu-worker-0,0,NVIDIA L4,suse-ai,10182
1788027360,power_usage_w,downstream-gpu-worker-0,0,NVIDIA L4,suse-ai,58.4
1788027360,gpu_temp_c,downstream-gpu-worker-0,0,NVIDIA L4,suse-ai,48.7
1788027420,gpu_util_pct,downstream-gpu-worker-0,0,NVIDIA L4,suse-ai,9
1788027420,tensor_active_fraction,downstream-gpu-worker-0,0,NVIDIA L4,suse-ai,0.037
1788027420,fb_used_mib,downstream-gpu-worker-0,0,NVIDIA L4,suse-ai,3860
1788027420,power_usage_w,downstream-gpu-worker-0,0,NVIDIA L4,suse-ai,38.1
1788027420,gpu_temp_c,downstream-gpu-worker-0,0,NVIDIA L4,suse-ai,37.3
1788027480,gpu_util_pct,downstream-gpu-worker-0,0,NVIDIA L4,suse-ai,52
1788027480,tensor_active_fraction,downstream-gpu-worker-0,0,NVIDIA L4,suse-ai,0.429
1788027480,fb_used_mib,downstream-gpu-worker-0,0,NVIDIA L4,suse-ai,10841
1788027480,power_usage_w,downstream-gpu-worker-0,0,NVIDIA L4,suse-ai,61.9
1788027480,gpu_temp_c,downstream-gpu-worker-0,0,NVIDIA L4,suse-ai,48.2
1788027540,gpu_util_pct,downstream-gpu-worker-0,0,NVIDIA L4,suse-ai,35
1788027540,tensor_active_fraction,downstream-gpu-worker-0,0,NVIDIA L4,suse-ai,0.246
1788027540,fb_used_mib,downstream-gpu-worker-0,0,NVIDIA L4,suse-ai,8254
1788027540,power_usage_w,downstream-gpu-worker-0,0,NVIDIA L4,suse-ai,48.8
1788027540,gpu_temp_c,downstream-gpu-worker-0,0,NVIDIA L4,suse-ai,47.1
1788027600,gpu_util_pct,downstream-gpu-worker-0,0,NVIDIA L4,suse-ai,26
1788027600,tensor_active_fraction,downstream-gpu-worker-0,0,NVIDIA L4,suse-ai,0.19
1788027600,fb_used_mib,downstream-gpu-worker-0,0,NVIDIA L4,suse-ai,6626
1788027600,power_usage_w,downstream-gpu-worker-0,0,NVIDIA L4,suse-ai,46.7
1788027600,gpu_temp_c,downstream-gpu-worker-0,0,NVIDIA L4,suse-ai,43.0
1788027660,gpu_util_pct,downstream-gpu-worker-0,0,NVIDIA L4,suse-ai,27
1788027660,tensor_active_fraction,downstream-gpu-worker-0,0,NVIDIA L4,suse-ai,0.213
1788027660,fb_used_mib,downstream-gpu-worker-0,0,NVIDIA L4,suse-ai,7010
1788027660,power_usage_w,downstream-gpu-worker-0,0,NVIDIA L4,suse-ai,44.1
1788027660,gpu_temp_c,downstream-gpu-worker-0,0,NVIDIA L4,suse-ai,43.9
1788027720,gpu_util_pct,downstream-gpu-worker-0,0,NVIDIA L4,suse-ai,34
1788027720,tensor_active_fraction,downstream-gpu-worker-0,0,NVIDIA L4,suse-ai,0.316
1788027720,fb_used_mib,downstream-gpu-worker-0,0,NVIDIA L4,suse-ai,9096
1788027720,power_usage_w,downstream-gpu-worker-0,0,NVIDIA L4,suse-ai,51.2
1788027720,gpu_temp_c,downstream-gpu-worker-0,0,NVIDIA L4,suse-ai,44.8
1788027780,gpu_util_pct,downstream-gpu-worker-0,0,NVIDIA L4,suse-ai,42
1788027780,tensor_active_fraction,downstream-gpu-worker-0,0,NVIDIA L4,suse-ai,0.364
1788027780,fb_used_mib,downstream-gpu-worker-0,0,NVIDIA L4,suse-ai,9587
1788027780,power_usage_w,downstream-gpu-worker-0,0,NVIDIA L4,suse-ai,52.5
1788027780,gpu_temp_c,downstream-gpu-worker-0,0,NVIDIA L4,suse-ai,47.4
1788027840,gpu_util_pct,downstream-gpu-worker-0,0,NVIDIA L4,suse-ai,22
1788027840,tensor_active_fraction,downstream-gpu-worker-0,0,NVIDIA L4,suse-ai,0.191
1788027840,fb_used_mib,downstream-gpu-worker-0,0,NVIDIA L4,suse-ai,5895
1788027840,power_usage_w,downstream-gpu-worker-0,0,NVIDIA L4,suse-ai,41.2
1788027840,gpu_temp_c,downstream-gpu-worker-0,0,NVIDIA L4,suse-ai,39.9
1788027900,gpu_util_pct,downstream-gpu-worker-0,0,NVIDIA L4,suse-ai,11
1788027900,tensor_active_fraction,downstream-gpu-worker-0,0,NVIDIA L4,suse-ai,0.083
1788027900,fb_used_mib,downstream-gpu-worker-0,0,NVIDIA L4,suse-ai,3892
1788027900,power_usage_w,downstream-gpu-worker-0,0,NVIDIA L4,suse-ai,35.3
1788027900,gpu_temp_c,downstream-gpu-worker-0,0,NVIDIA L4,suse-ai,38.4
1788027960,gpu_util_pct,downstream-gpu-worker-0,0,NVIDIA L4,suse-ai,29
1788027960,tensor_active_fraction,downstream-gpu-worker-0,0,NVIDIA L4,suse-ai,0.255
1788027960,fb_used_mib,downstream-gpu-worker-0,0,NVIDIA L4,suse-ai,7838
1788027960,power_usage_w,downstream-gpu-worker-0,0,NVIDIA L4,suse-ai,48.1
1788027960,gpu_temp_c,downstream-gpu-worker-0,0,NVIDIA L4,suse-ai,46.5
1788028020,gpu_util_pct,downstream-gpu-worker-0,0,NVIDIA L4,suse-ai,33
1788028020,tensor_active_fraction,downstream-gpu-worker-0,0,NVIDIA L4,suse-ai,0.212
1788028020,fb_used_mib,downstream-gpu-worker-0,0,NVIDIA L4,suse-ai,7466
1788028020,power_usage_w,downstream-gpu-worker-0,0,NVIDIA L4,suse-ai,50.5
1788028020,gpu_temp_c,downstream-gpu-worker-0,0,NVIDIA L4,suse-ai,44.5
1788028080,gpu_util_pct,downstream-gpu-worker-0,0,NVIDIA L4,suse-ai,4
1788028080,tensor_active_fraction,downstream-gpu-worker-0,0,NVIDIA L4,suse-ai,0.095
1788028080,fb_used_mib,downstream-gpu-worker-0,0,NVIDIA L4,suse-ai,3127
1788028080,power_usage_w,downstream-gpu-worker-0,0,NVIDIA L4,suse-ai,31.8
1788028080,gpu_temp_c,downstream-gpu-worker-0,0,NVIDIA L4,suse-ai,35.1
1788028140,gpu_util_pct,downstream-gpu-worker-0,0,NVIDIA L4,suse-ai,13
1788028140,tensor_active_fraction,downstream-gpu-worker-0,0,NVIDIA L4,suse-ai,0.124
1788028140,fb_used_mib,downstream-gpu-worker-0,0,NVIDIA L4,suse-ai,4354
1788028140,power_usage_w,downstream-gpu-worker-0,0,NVIDIA L4,suse-ai,39.0
1788028140,gpu_temp_c,downstream-gpu-worker-0,0,NVIDIA L4,suse-ai,40.4
1788028200,gpu_util_pct,downstream-gpu-worker-0,0,NVIDIA L4,suse-ai,32
1788028200,tensor_active_fraction,downstream-gpu-worker-0,0,NVIDIA L4,suse-ai,0.249
1788028200,fb_used_mib,downstream-gpu-worker-0,0,NVIDIA L4,suse-ai,7980
1788028200,power_usage_w,downstream-gpu-worker-0,0,NVIDIA L4,suse-ai,47.8
1788028200,gpu_temp_c,downstream-gpu-worker-0,0,NVIDIA L4,suse-ai,46.6
1788028260,gpu_util_pct,downstream-gpu-worker-0,0,NVIDIA L4,suse-ai,52
1788028260,tensor_active_fraction,downstream-gpu-worker-0,0,NVIDIA L4,suse-ai,0.462
1788028260,fb_used_mib,downstream-gpu-worker-0,0,NVIDIA L4,suse-ai,11501
1788028260,power_usage_w,downstream-gpu-worker-0,0,NVIDIA L4,suse-ai,62.6
1788028260,gpu_temp_c,downstream-gpu-worker-0,0,NVIDIA L4,suse-ai,50.6
1788028320,gpu_util_pct,downstream-gpu-worker-0,0,NVIDIA L4,suse-ai,14
1788028320,tensor_active_fraction,downstream-gpu-worker-0,0,NVIDIA L4,suse-ai,0.141
1788028320,fb_used_mib,downstream-gpu-worker-0,0,NVIDIA L4,suse-ai,4686
1788028320,power_usage_w,downstream-gpu-worker-0,0,NVIDIA L4,suse-ai,40.4
1788028320,gpu_temp_c,downstream-gpu-worker-0,0,NVIDIA L4,suse-ai,38.8
1788028380,gpu_util_pct,downstream-gpu-worker-0,0,NVIDIA L4,suse-ai,28
1788028380,tensor_active_fraction,downstream-gpu-worker-0,0,NVIDIA L4,suse-ai,0.147
1788028380,fb_used_mib,downstream-gpu-worker-0,0,NVIDIA L4,suse-ai,6213
1788028380,power_usage_w,downstream-gpu-worker-0,0,NVIDIA L4,suse-ai,43.8
1788028380,gpu_temp_c,downstream-gpu-worker-0,0,NVIDIA L4,suse-ai,42.6
1788028440,gpu_util_pct,downstream-gpu-worker-0,0,NVIDIA L4,suse-ai,10
1788028440,tensor_active_fraction,downstream-gpu-worker-0,0,NVIDIA L4,suse-ai,0.094
1788028440,fb_used_mib,downstream-gpu-worker-0,0,NVIDIA L4,suse-ai,3993
1788028440,power_usage_w,downstream-gpu-worker-0,0,NVIDIA L4,suse-ai,35.3
1788028440,gpu_temp_c,downstream-gpu-worker-0,0,NVIDIA L4,suse-ai,39.9
1788028500,gpu_util_pct,downstream-gpu-worker-0,0,NVIDIA L4,suse-ai,11
1788028500,tensor_active_fraction,downstream-gpu-worker-0,0,NVIDIA L4,suse-ai,0.078
1788028500,fb_used_mib,downstream-gpu-worker-0,0,NVIDIA L4,suse-ai,4285
1788028500,power_usage_w,downstream-gpu-worker-0,0,NVIDIA L4,suse-ai,36.0
1788028500,gpu_temp_c,downstream-gpu-worker-0,0,NVIDIA L4,suse-ai,40.4
1788028560,gpu_util_pct,downstream-gpu-worker-0,0,NVIDIA L4,suse-ai,13
1788028560,tensor_active_fraction,downstream-gpu-worker-0,0,NVIDIA L4,suse-ai,0.094
1788028560,fb_used_mib,downstream-gpu-worker-0,0,NVIDIA L4,suse-ai,4744
1788028560,power_usage_w,downstream-gpu-worker-0,0,NVIDIA L4,suse-ai,37.1
1788028560,gpu_temp_c,downstream-gpu-worker-0,0,NVIDIA L4,suse-ai,41.1
1788028620,gpu_util_pct,downstream-gpu-worker-0,0,NVIDIA L4,suse-ai,11
1788028620,tensor_active_fraction,downstream-gpu-worker-0,0,NVIDIA L4,suse-ai,0.115
1788028620,fb_used_mib,downstream-gpu-worker-0,0,NVIDIA L4,suse-ai,3662
1788028620,power_usage_w,downstream-gpu-worker-0,0,NVIDIA L4,suse-ai,34.0
1788028620,gpu_temp_c,downstream-gpu-worker-0,0,NVIDIA L4,suse-ai,37.7
1788028680,gpu_util_pct,downstream-gpu-worker-0,0,NVIDIA L4,suse-ai,21
1788028680,tensor_active_fraction,downstream-gpu-worker-0,0,NVIDIA L4,suse-ai,0.148
1788028680,fb_used_mib,downstream-gpu-worker-0,0,NVIDIA L4,suse-ai,6085
1788028680,power_usage_w,downstream-gpu-worker-0,0,NVIDIA L4,suse-ai,45.4
1788028680,gpu_temp_c,downstream-gpu-worker-0,0,NVIDIA L4,suse-ai,42.3
1788028740,gpu_util_pct,downstream-gpu-worker-0,0,NVIDIA L4,suse-ai,28
1788028740,tensor_active_fraction,downstream-gpu-worker-0,0,NVIDIA L4,suse-ai,0.172
1788028740,fb_used_mib,downstream-gpu-worker-0,0,NVIDIA L4,suse-ai,6876
1788028740,power_usage_w,downstream-gpu-worker-0,0,NVIDIA L4,suse-ai,43.5
1788028740,gpu_temp_c,downstream-gpu-worker-0,0,NVIDIA L4,suse-ai,41.6
1788028800,gpu_util_pct,downstream-gpu-worker-0,0,NVIDIA L4,suse-ai,34
1788028800,tensor_active_fraction,downstream-gpu-worker-0,0,NVIDIA L4,suse-ai,0.237
1788028800,fb_used_mib,downstream-gpu-worker-0,0,NVIDIA L4,suse-ai,7706
1788028800,power_usage_w,downstream-gpu-worker-0,0,NVIDIA L4,suse-ai,49.9
1788028800,gpu_temp_c,downstream-gpu-worker-0,0,NVIDIA L4,suse-ai,46.2
1788028860,gpu_util_pct,downstream-gpu-worker-0,0,NVIDIA L4,suse-ai,46
1788028860,tensor_active_fraction,downstream-gpu-worker-0,0,NVIDIA L4,suse-ai,0.396
1788028860,fb_used_mib,downstream-gpu-worker-0,0,NVIDIA L4,suse-ai,10029
1788028860,power_usage_w,downstream-gpu-worker-0,0,NVIDIA L4,suse-ai,54.9
1788028860,gpu_temp_c,downstream-gpu-worker-0,0,NVIDIA L4,suse-ai,47.5
1788028920,gpu_util_pct,downstream-gpu-worker-0,0,NVIDIA L4,suse-ai,35
1788028920,tensor_active_fraction,downstream-gpu-worker-0,0,NVIDIA L4,suse-ai,0.262
1788028920,fb_used_mib,downstream-gpu-worker-0,0,NVIDIA L4,suse-ai,8743
1788028920,power_usage_w,downstream-gpu-worker-0,0,NVIDIA L4,suse-ai,53.0
1788028920,gpu_temp_c,downstream-gpu-worker-0,0,NVIDIA L4,suse-ai,46.2
1788028980,gpu_util_pct,downstream-gpu-worker-0,0,NVIDIA L4,suse-ai,46
1788028980,tensor_active_fraction,downstream-gpu-worker-0,0,NVIDIA L4,suse-ai,0.374
1788028980,fb_used_mib,downstream-gpu-worker-0,0,NVIDIA L4,suse-ai,9809
1788028980,power_usage_w,downstream-gpu-worker-0,0,NVIDIA L4,suse-ai,53.9
1788028980,gpu_temp_c,downstream-gpu-worker-0,0,NVIDIA L4,suse-ai,47.5
1788029040,gpu_util_pct,downstream-gpu-worker-0,0,NVIDIA L4,suse-ai,55
1788029040,tensor_active_fraction,downstream-gpu-worker-0,0,NVIDIA L4,suse-ai,0.405
1788029040,fb_used_mib,downstream-gpu-worker-0,0,NVIDIA L4,suse-ai,11400
1788029040,power_usage_w,downstream-gpu-worker-0,0,NVIDIA L4,suse-ai,59.4
1788029040,gpu_temp_c,downstream-gpu-worker-0,0,NVIDIA L4,suse-ai,51.5
1788029100,gpu_util_pct,downstream-gpu-worker-0,0,NVIDIA L4,suse-ai,31
1788029100,tensor_active_fraction,downstream-gpu-worker-0,0,NVIDIA L4,suse-ai,0.297
1788029100,fb_used_mib,downstream-gpu-worker-0,0,NVIDIA L4,suse-ai,7657
1788029100,power_usage_w,downstream-gpu-worker-0,0,NVIDIA L4,suse-ai,49.4
1788029100,gpu_temp_c,downstream-gpu-worker-0,0,NVIDIA L4,suse-ai,45.0
1788029160,gpu_util_pct,downstream-gpu-worker-0,0,NVIDIA L4,suse-ai,48
1788029160,tensor_active_fraction,downstream-gpu-worker-0,0,NVIDIA L4,suse-ai,0.347
1788029160,fb_used_mib,downstream-gpu-worker-0,0,NVIDIA L4,suse-ai,10618
1788029160,power_usage_w,downstream-gpu-worker-0,0,NVIDIA L4,suse-ai,57.9
1788029160,gpu_temp_c,downstream-gpu-worker-0,0,NVIDIA L4,suse-ai,48.0
1788029220,gpu_util_pct,downstream-gpu-worker-0,0,NVIDIA L4,suse-ai,13
1788029220,tensor_active_fraction,downstream-gpu-worker-0,0,NVIDIA L4,suse-ai,0.095
1788029220,fb_used_mib,downstream-gpu-worker-0,0,NVIDIA L4,suse-ai,4287
1788029220,power_usage_w,downstream-gpu-worker-0,0,NVIDIA L4,suse-ai,40.1
1788029220,gpu_temp_c,downstream-gpu-worker-0,0,NVIDIA L4,suse-ai,38.1
1788029280,gpu_util_pct,downstream-gpu-worker-0,0,NVIDIA L4,suse-ai,8
1788029280,tensor_active_fraction,downstream-gpu-worker-0,0,NVIDIA L4,suse-ai,0.024
1788029280,fb_used_mib,downstream-gpu-worker-0,0,NVIDIA L4,suse-ai,2998
1788029280,power_usage_w,downstream-gpu-worker-0,0,NVIDIA L4,suse-ai,31.7
1788029280,gpu_temp_c,downstream-gpu-worker-0,0,NVIDIA L4,suse-ai,34.8
1788029340,gpu_util_pct,downstream-gpu-worker-0,0,NVIDIA L4,suse-ai,29
1788029340,tensor_active_fraction,downstream-gpu-worker-0,0,NVIDIA L4,suse-ai,0.241
1788029340,fb_used_mib,downstream-gpu-worker-0,0,NVIDIA L4,suse-ai,7504
1788029340,power_usage_w,downstream-gpu-worker-0,0,NVIDIA L4,suse-ai,47.6
1788029340,gpu_temp_c,downstream-gpu-worker-0,0,NVIDIA L4,suse-ai,44.2
1788029400,gpu_util_pct,downstream-gpu-worker-0,0,NVIDIA L4,suse-ai,12
1788029400,tensor_active_fraction,downstream-gpu-worker-0,0,NVIDIA L4,suse-ai,0.126
1788029400,fb_used_mib,downstream-gpu-worker-0,0,NVIDIA L4,suse-ai,4875
1788029400,power_usage_w,downstream-gpu-worker-0,0,NVIDIA L4,suse-ai,37.4
1788029400,gpu_temp_c,downstream-gpu-worker-0,0,NVIDIA L4,suse-ai,41.6
1788029460,gpu_util_pct,downstream-gpu-worker-0,0,NVIDIA L4,suse-ai,18
1788029460,tensor_active_fraction,downstream-gpu-worker-0,0,NVIDIA L4,suse-ai,0.146
1788029460,fb_used_mib,downstream-gpu-worker-0,0,NVIDIA L4,suse-ai,5021
1788029460,power_usage_w,downstream-gpu-worker-0,0,NVIDIA L4,suse-ai,39.3
1788029460,gpu_temp_c,downstream-gpu-worker-0,0,NVIDIA L4,suse-ai,39.2
1788029520,gpu_util_pct,downstream-gpu-worker-0,0,NVIDIA L4,suse-ai,6
1788029520,tensor_active_fraction,downstream-gpu-worker-0,0,NVIDIA L4,suse-ai,0.062
1788029520,fb_used_mib,downstream-gpu-worker-0,0,NVIDIA L4,suse-ai,3214
1788029520,power_usage_w,downstream-gpu-worker-0,0,NVIDIA L4,suse-ai,35.3
1788029520,gpu_temp_c,downstream-gpu-worker-0,0,NVIDIA L4,suse-ai,36.1
1788029580,gpu_util_pct,downstream-gpu-worker-0,0,NVIDIA L4,suse-ai,47
1788029580,tensor_active_fraction,downstream-gpu-worker-0,0,NVIDIA L4,suse-ai,0.393
1788029580,fb_used_mib,downstream-gpu-worker-0,0,NVIDIA L4,suse-ai,9936
1788029580,power_usage_w,downstream-gpu-worker-0,0,NVIDIA L4,suse-ai,57.5
1788029580,gpu_temp_c,downstream-gpu-worker-0,0,NVIDIA L4,suse-ai,47.0
1788029640,gpu_util_pct,downstream-gpu-worker-0,0,NVIDIA L4,suse-ai,54
1788029640,tensor_active_fraction,downstream-gpu-worker-0,0,NVIDIA L4,suse-ai,0.416
1788029640,fb_used_mib,downstream-gpu-worker-0,0,NVIDIA L4,suse-ai,11170
1788029640,power_usage_w,downstream-gpu-worker-0,0,NVIDIA L4,suse-ai,62.5
1788029640,gpu_temp_c,downstream-gpu-worker-0,0,NVIDIA L4,suse-ai,49.6
1788029700,gpu_util_pct,downstream-gpu-worker-0,0,NVIDIA L4,suse-ai,26
1788029700,tensor_active_fraction,downstream-gpu-worker-0,0,NVIDIA L4,suse-ai,0.21
1788029700,fb_used_mib,downstream-gpu-worker-0,0,NVIDIA L4,suse-ai,5852
1788029700,power_usage_w,downstream-gpu-worker-0,0,NVIDIA L4,suse-ai,44.0
1788029700,gpu_temp_c,downstream-gpu-worker-0,0,NVIDIA L4,suse-ai,39.3
1788029760,gpu_util_pct,downstream-gpu-worker-0,0,NVIDIA L4,suse-ai,44
1788029760,tensor_active_fraction,downstream-gpu-worker-0,0,NVIDIA L4,suse-ai,0.36
1788029760,fb_used_mib,downstream-gpu-worker-0,0,NVIDIA L4,suse-ai,9238
1788029760,power_usage_w,downstream-gpu-worker-0,0,NVIDIA L4,suse-ai,52.0
1788029760,gpu_temp_c,downstream-gpu-worker-0,0,NVIDIA L4,suse-ai,47.7
1788029820,gpu_util_pct,downstream-gpu-worker-0,0,NVIDIA L4,suse-ai,10
1788029820,tensor_active_fraction,downstream-gpu-worker-0,0,NVIDIA L4,suse-ai,0.107
1788029820,fb_used_mib,downstream-gpu-worker-0,0,NVIDIA L4,suse-ai,4222
1788029820,power_usage_w,downstream-gpu-worker-0,0,NVIDIA L4,suse-ai,37.2
1788029820,gpu_temp_c,downstream-gpu-worker-0,0,NVIDIA L4,suse-ai,39.9
1788029880,gpu_util_pct,downstream-gpu-worker-0,0,NVIDIA L4,suse-ai,16
1788029880,tensor_active_fraction,downstream-gpu-worker-0,0,NVIDIA L4,suse-ai,0.196
1788029880,fb_used_mib,downstream-gpu-worker-0,0,NVIDIA L4,suse-ai,5608
1788029880,power_usage_w,downstream-gpu-worker-0,0,NVIDIA L4,suse-ai,44.8
1788029880,gpu_temp_c,downstream-gpu-worker-0,0,NVIDIA L4,suse-ai,40.7
1788029940,gpu_util_pct,downstream-gpu-worker-0,0,NVIDIA L4,suse-ai,30
1788029940,tensor_active_fraction,downstream-gpu-worker-0,0,NVIDIA L4,suse-ai,0.163
1788029940,fb_used_mib,downstream-gpu-worker-0,0,NVIDIA L4,suse-ai,6574
1788029940,power_usage_w,downstream-gpu-worker-0,0,NVIDIA L4,suse-ai,48.0
1788029940,gpu_temp_c,downstream-gpu-worker-0,0,NVIDIA L4,suse-ai,42.1
1788030000,gpu_util_pct,downstream-gpu-worker-0,0,NVIDIA L4,suse-ai,45
1788030000,tensor_active_fraction,downstream-gpu-worker-0,0,NVIDIA L4,suse-ai,0.374
1788030000,fb_used_mib,downstream-gpu-worker-0,0,NVIDIA L4,suse-ai,9996
1788030000,power_usage_w,downstream-gpu-worker-0,0,NVIDIA L4,suse-ai,55.2
1788030000,gpu_temp_c,downstream-gpu-worker-0,0,NVIDIA L4,suse-ai,48.1
1788030060,gpu_util_pct,downstream-gpu-worker-0,0,NVIDIA L4,suse-ai,48
1788030060,tensor_active_fraction,downstream-gpu-worker-0,0,NVIDIA L4,suse-ai,0.385
1788030060,fb_used_mib,downstream-gpu-worker-0,0,NVIDIA L4,suse-ai,10151
1788030060,power_usage_w,downstream-gpu-worker-0,0,NVIDIA L4,suse-ai,58.0
1788030060,gpu_temp_c,downstream-gpu-worker-0,0,NVIDIA L4,suse-ai,49.0
1788030120,gpu_util_pct,downstream-gpu-worker-0,0,NVIDIA L4,suse-ai,0
1788030120,tensor_active_fraction,downstream-gpu-worker-0,0,NVIDIA L4,suse-ai,0.054
1788030120,fb_used_mib,downstream-gpu-worker-0,0,NVIDIA L4,suse-ai,2335
1788030120,power_usage_w,downstream-gpu-worker-0,0,NVIDIA L4,suse-ai,30.9
1788030120,gpu_temp_c,downstream-gpu-worker-0,0,NVIDIA L4,suse-ai,36.4
1788030180,gpu_util_pct,downstream-gpu-worker-0,0,NVIDIA L4,suse-ai,57
1788030180,tensor_active_fraction,downstream-gpu-worker-0,0,NVIDIA L4,suse-ai,0.437
1788030180,fb_used_mib,downstream-gpu-worker-0,0,NVIDIA L4,suse-ai,12026
1788030180,power_usage_w,downstream-gpu-worker-0,0,NVIDIA L4,suse-ai,66.3
1788030180,gpu_temp_c,downstream-gpu-worker-0,0,NVIDIA L4,suse-ai,50.0
1788030240,gpu_util_pct,downstream-gpu-worker-0,0,NVIDIA L4,suse-ai,23
1788030240,tensor_active_fraction,downstream-gpu-worker-0,0,NVIDIA L4,suse-ai,0.166
1788030240,fb_used_mib,downstream-gpu-worker-0,0,NVIDIA L4,suse-ai,6297
1788030240,power_usage_w,downstream-gpu-worker-0,0,NVIDIA L4,suse-ai,44.5
1788030240,gpu_temp_c,downstream-gpu-worker-0,0,NVIDIA L4,suse-ai,41.1
1788030300,gpu_util_pct,downstream-gpu-worker-0,0,NVIDIA L4,suse-ai,11
1788030300,tensor_active_fraction,downstream-gpu-worker-0,0,NVIDIA L4,suse-ai,0.042
1788030300,fb_used_mib,downstream-gpu-worker-0,0,NVIDIA L4,suse-ai,3790
1788030300,power_usage_w,downstream-gpu-worker-0,0,NVIDIA L4,suse-ai,36.2
1788030300,gpu_temp_c,downstream-gpu-worker-0,0,NVIDIA L4,suse-ai,35.9
1788030360,gpu_util_pct,downstream-gpu-worker-0,0,NVIDIA L4,suse-ai,15
1788030360,tensor_active_fraction,downstream-gpu-worker-0,0,NVIDIA L4,suse-ai,0.076
1788030360,fb_used_mib,downstream-gpu-worker-0,0,NVIDIA L4,suse-ai,3842
1788030360,power_usage_w,downstream-gpu-worker-0,0,NVIDIA L4,suse-ai,35.3
1788030360,gpu_temp_c,downstream-gpu-worker-0,0,NVIDIA L4,suse-ai,38.4
1788030420,gpu_util_pct,downstream-gpu-worker-0,0,NVIDIA L4,suse-ai,26
1788030420,tensor_active_fraction,downstream-gpu-worker-0,0,NVIDIA L4,suse-ai,0.168
1788030420,fb_used_mib,downstream-gpu-worker-0,0,NVIDIA L4,suse-ai,6810
1788030420,power_usage_w,downstream-gpu-worker-0,0,NVIDIA L4,suse-ai,48.7
1788030420,gpu_temp_c,downstream-gpu-worker-0,0,NVIDIA L4,suse-ai,42.7
1788030480,gpu_util_pct,downstream-gpu-worker-0,0,NVIDIA L4,suse-ai,58
1788030480,tensor_active_fraction,downstream-gpu-worker-0,0,NVIDIA L4,suse-ai,0.483
1788030480,fb_used_mib,downstream-gpu-worker-0,0,NVIDIA L4,suse-ai,13137
1788030480,power_usage_w,downstream-gpu-worker-0,0,NVIDIA L4,suse-ai,66.1
1788030480,gpu_temp_c,downstream-gpu-worker-0,0,NVIDIA L4,suse-ai,55.0
1788030540,gpu_util_pct,downstream-gpu-worker-0,0,NVIDIA L4,suse-ai,15
1788030540,tensor_active_fraction,downstream-gpu-worker-0,0,NVIDIA L4,suse-ai,0.07
1788030540,fb_used_mib,downstream-gpu-worker-0,0,NVIDIA L4,suse-ai,4133
1788030540,power_usage_w,downstream-gpu-worker-0,0,NVIDIA L4,suse-ai,37.7
1788030540,gpu_temp_c,downstream-gpu-worker-0,0,NVIDIA L4,suse-ai,37.0
1788030600,gpu_util_pct,downstream-gpu-worker-0,0,NVIDIA L4,suse-ai,33
1788030600,tensor_active_fraction,downstream-gpu-worker-0,0,NVIDIA L4,suse-ai,0.249
1788030600,fb_used_mib,downstream-gpu-worker-0,0,NVIDIA L4,suse-ai,8359
1788030600,power_usage_w,downstream-gpu-worker-0,0,NVIDIA L4,suse-ai,50.7
1788030600,gpu_temp_c,downstream-gpu-worker-0,0,NVIDIA L4,suse-ai,44.3
1788030660,gpu_util_pct,downstream-gpu-worker-0,0,NVIDIA L4,suse-ai,61
1788030660,tensor_active_fraction,downstream-gpu-worker-0,0,NVIDIA L4,suse-ai,0.527
1788030660,fb_used_mib,downstream-gpu-worker-0,0,NVIDIA L4,suse-ai,13166
1788030660,power_usage_w,downstream-gpu-worker-0,0,NVIDIA L4,suse-ai,65.6
1788030660,gpu_temp_c,downstream-gpu-worker-0,0,NVIDIA L4,suse-ai,52.9
1788030720,gpu_util_pct,downstream-gpu-worker-0,0,NVIDIA L4,suse-ai,34
1788030720,tensor_active_fraction,downstream-gpu-worker-0,0,NVIDIA L4,suse-ai,0.272
1788030720,fb_used_mib,downstream-gpu-worker-0,0,NVIDIA L4,suse-ai,8026
1788030720,power_usage_w,downstream-gpu-worker-0,0,NVIDIA L4,suse-ai,48.2
1788030720,gpu_temp_c,downstream-gpu-worker-0,0,NVIDIA L4,suse-ai,45.9
1788030780,gpu_util_pct,downstream-gpu-worker-0,0,NVIDIA L4,suse-ai,56
1788030780,tensor_active_fraction,downstream-gpu-worker-0,0,NVIDIA L4,suse-ai,0.493
1788030780,fb_used_mib,downstream-gpu-worker-0,0,NVIDIA L4,suse-ai,12437
1788030780,power_usage_w,downstream-gpu-worker-0,0,NVIDIA L4,suse-ai,63.7
1788030780,gpu_temp_c,downstream-gpu-worker-0,0,NVIDIA L4,suse-ai,53.5
1788030840,gpu_util_pct,downstream-gpu-worker-0,0,NVIDIA L4,suse-ai,52
1788030840,tensor_active_fraction,downstream-gpu-worker-0,0,NVIDIA L4,suse-ai,0.391
1788030840,fb_used_mib,downstream-gpu-worker-0,0,NVIDIA L4,suse-ai,11572
1788030840,power_usage_w,downstream-gpu-worker-0,0,NVIDIA L4,suse-ai,61.3
1788030840,gpu_temp_c,downstream-gpu-worker-0,0,NVIDIA L4,suse-ai,50.4
1788030900,gpu_util_pct,downstream-gpu-worker-0,0,NVIDIA L4,suse-ai,42
1788030900,tensor_active_fraction,downstream-gpu-worker-0,0,NVIDIA L4,suse-ai,0.283
1788030900,fb_used_mib,downstream-gpu-worker-0,0,NVIDIA L4,suse-ai,9362
1788030900,power_usage_w,downstream-gpu-worker-0,0,NVIDIA L4,suse-ai,51.5
1788030900,gpu_temp_c,downstream-gpu-worker-0,0,NVIDIA L4,suse-ai,48.7
1788030960,gpu_util_pct,downstream-gpu-worker-0,0,NVIDIA L4,suse-ai,11
1788030960,tensor_active_fraction,downstream-gpu-worker-0,0,NVIDIA L4,suse-ai,0.063
1788030960,fb_used_mib,downstream-gpu-worker-0,0,NVIDIA L4,suse-ai,3403
1788030960,power_usage_w,downstream-gpu-worker-0,0,NVIDIA L4,suse-ai,31.9
1788030960,gpu_temp_c,downstream-gpu-worker-0,0,NVIDIA L4,suse-ai,38.1
1788031020,gpu_util_pct,downstream-gpu-worker-0,0,NVIDIA L4,suse-ai,61
1788031020,tensor_active_fraction,downstream-gpu-worker-0,0,NVIDIA L4,suse-ai,0.444
1788031020,fb_used_mib,downstream-gpu-worker-0,0,NVIDIA L4,suse-ai,12301
1788031020,power_usage_w,downstream-gpu-worker-0,0,NVIDIA L4,suse-ai,61.7
1788031020,gpu_temp_c,downstream-gpu-worker-0,0,NVIDIA L4,suse-ai,51.5
1788031080,gpu_util_pct,downstream-gpu-worker-0,0,NVIDIA L4,suse-ai,47
1788031080,tensor_active_fraction,downstream-gpu-worker-0,0,NVIDIA L4,suse-ai,0.404
1788031080,fb_used_mib,downstream-gpu-worker-0,0,NVIDIA L4,suse-ai,10421
1788031080,power_usage_w,downstream-gpu-worker-0,0,NVIDIA L4,suse-ai,56.2
1788031080,gpu_temp_c,downstream-gpu-worker-0,0,NVIDIA L4,suse-ai,47.9
1788031140,gpu_util_pct,downstream-gpu-worker-0,0,NVIDIA L4,suse-ai,0
1788031140,tensor_active_fraction,downstream-gpu-worker-0,0,NVIDIA L4,suse-ai,0.014
1788031140,fb_used_mib,downstream-gpu-worker-0,0,NVIDIA L4,suse-ai,2070
1788031140,power_usage_w,downstream-gpu-worker-0,0,NVIDIA L4,suse-ai,29.8
1788031140,gpu_temp_c,downstream-gpu-worker-0,0,NVIDIA L4,suse-ai,34.4
1788031200,gpu_util_pct,downstream-gpu-worker-0,0,NVIDIA L4,suse-ai,20
1788031200,tensor_active_fraction,downstream-gpu-worker-0,0,NVIDIA L4,suse-ai,0.14
1788031200,fb_used_mib,downstream-gpu-worker-0,0,NVIDIA L4,suse-ai,6086
1788031200,power_usage_w,downstream-gpu-worker-0,0,NVIDIA L4,suse-ai,45.2
1788031200,gpu_temp_c,downstream-gpu-worker-0,0,NVIDIA L4,suse-ai,40.5
1788031260,gpu_util_pct,downstream-gpu-worker-0,0,NVIDIA L4,suse-ai,41
1788031260,tensor_active_fraction,downstream-gpu-worker-0,0,NVIDIA L4,suse-ai,0.328
1788031260,fb_used_mib,downstream-gpu-worker-0,0,NVIDIA L4,suse-ai,9294
1788031260,power_usage_w,downstream-gpu-worker-0,0,NVIDIA L4,suse-ai,55.8
1788031260,gpu_temp_c,downstream-gpu-worker-0,0,NVIDIA L4,suse-ai,48.3
1788031320,gpu_util_pct,downstream-gpu-worker-0,0,NVIDIA L4,suse-ai,26
1788031320,tensor_active_fraction,downstream-gpu-worker-0,0,NVIDIA L4,suse-ai,0.184
1788031320,fb_used_mib,downstream-gpu-worker-0,0,NVIDIA L4,suse-ai,6508
1788031320,power_usage_w,downstream-gpu-worker-0,0,NVIDIA L4,suse-ai,47.5
1788031320,gpu_temp_c,downstream-gpu-worker-0,0,NVIDIA L4,suse-ai,43.2
1788031380,gpu_util_pct,downstream-gpu-worker-0,0,NVIDIA L4,suse-ai,4
1788031380,tensor_active_fraction,downstream-gpu-worker-0,0,NVIDIA L4,suse-ai,0.089
1788031380,fb_used_mib,downstream-gpu-worker-0,0,NVIDIA L4,suse-ai,3331
1788031380,power_usage_w,downstream-gpu-worker-0,0,NVIDIA L4,suse-ai,35.9
1788031380,gpu_temp_c,downstream-gpu-worker-0,0,NVIDIA L4,suse-ai,35.5
1788031440,gpu_util_pct,downstream-gpu-worker-0,0,NVIDIA L4,suse-ai,14
1788031440,tensor_active_fraction,downstream-gpu-worker-0,0,NVIDIA L4,suse-ai,0.084
1788031440,fb_used_mib,downstream-gpu-worker-0,0,NVIDIA L4,suse-ai,4710
1788031440,power_usage_w,downstream-gpu-worker-0,0,NVIDIA L4,suse-ai,41.1
1788031440,gpu_temp_c,downstream-gpu-worker-0,0,NVIDIA L4,suse-ai,39.5
1788031500,gpu_util_pct,downstream-gpu-worker-0,0,NVIDIA L4,suse-ai,22
1788031500,tensor_active_fraction,downstream-gpu-worker-0,0,NVIDIA L4,suse-ai,0.222
1788031500,fb_used_mib,downstream-gpu-worker-0,0,NVIDIA L4,suse-ai,6697
1788031500,power_usage_w,downstream-gpu-worker-0,0,NVIDIA L4,suse-ai,46.6
1788031500,gpu_temp_c,downstream-gpu-worker-0,0,NVIDIA L4,suse-ai,43.5
1788031560,gpu_util_pct,downstream-gpu-worker-0,0,NVIDIA L4,suse-ai,5
1788031560,tensor_active_fraction,downstream-gpu-worker-0,0,NVIDIA L4,suse-ai,0.017
1788031560,fb_used_mib,downstream-gpu-worker-0,0,NVIDIA L4,suse-ai,2542
1788031560,power_usage_w,downstream-gpu-worker-0,0,NVIDIA L4,suse-ai,29.0
1788031560,gpu_temp_c,downstream-gpu-worker-0,0,NVIDIA L4,suse-ai,35.3
1788031620,gpu_util_pct,downstream-gpu-worker-0,0,NVIDIA L4,suse-ai,7
1788031620,tensor_active_fraction,downstream-gpu-worker-0,0,NVIDIA L4,suse-ai,0.117
1788031620,fb_used_mib,downstream-gpu-worker-0,0,NVIDIA L4,suse-ai,3589
1788031620,power_usage_w,downstream-gpu-worker-0,0,NVIDIA L4,suse-ai,32.8
1788031620,gpu_temp_c,downstream-gpu-worker-0,0,NVIDIA L4,suse-ai,36.0
1788031680,gpu_util_pct,downstream-gpu-worker-0,0,NVIDIA L4,suse-ai,3
1788031680,tensor_active_fraction,downstream-gpu-worker-0,0,NVIDIA L4,suse-ai,0.018
1788031680,fb_used_mib,downstream-gpu-worker-0,0,NVIDIA L4,suse-ai,1825
1788031680,power_usage_w,downstream-gpu-worker-0,0,NVIDIA L4,suse-ai,32.8
1788031680,gpu_temp_c,downstream-gpu-worker-0,0,NVIDIA L4,suse-ai,33.4
1788031740,gpu_util_pct,downstream-gpu-worker-0,0,NVIDIA L4,suse-ai,55
1788031740,tensor_active_fraction,downstream-gpu-worker-0,0,NVIDIA L4,suse-ai,0.448
1788031740,fb_used_mib,downstream-gpu-worker-0,0,NVIDIA L4,suse-ai,11398
1788031740,power_usage_w,downstream-gpu-worker-0,0,NVIDIA L4,suse-ai,62.0
1788031740,gpu_temp_c,downstream-gpu-worker-0,0,NVIDIA L4,suse-ai,52.2
1788031800,gpu_util_pct,downstream-gpu-worker-0,0,NVIDIA L4,suse-ai,19
1788031800,tensor_active_fraction,downstream-gpu-worker-0,0,NVIDIA L4,suse-ai,0.154
1788031800,fb_used_mib,downstream-gpu-worker-0,0,NVIDIA L4,suse-ai,5355
1788031800,power_usage_w,downstream-gpu-worker-0,0,NVIDIA L4,suse-ai,40.0
1788031800,gpu_temp_c,downstream-gpu-worker-0,0,NVIDIA L4,suse-ai,40.0
1788031860,gpu_util_pct,downstream-gpu-worker-0,0,NVIDIA L4,suse-ai,7
1788031860,tensor_active_fraction,downstream-gpu-worker-0,0,NVIDIA L4,suse-ai,0.073
1788031860,fb_used_mib,downstream-gpu-worker-0,0,NVIDIA L4,suse-ai,3846
1788031860,power_usage_w,downstream-gpu-worker-0,0,NVIDIA L4,suse-ai,37.7
1788031860,gpu_temp_c,downstream-gpu-worker-0,0,NVIDIA L4,suse-ai,36.4
1788031920,gpu_util_pct,downstream-gpu-worker-0,0,NVIDIA L4,suse-ai,7
1788031920,tensor_active_fraction,downstream-gpu-worker-0,0,NVIDIA L4,suse-ai,0.095
1788031920,fb_used_mib,downstream-gpu-worker-0,0,NVIDIA L4,suse-ai,3692
1788031920,power_usage_w,downstream-gpu-worker-0,0,NVIDIA L4,suse-ai,36.7
1788031920,gpu_temp_c,downstream-gpu-worker-0,0,NVIDIA L4,suse-ai,36.1
1788031980,gpu_util_pct,downstream-gpu-worker-0,0,NVIDIA L4,suse-ai,56
1788031980,tensor_active_fraction,downstream-gpu-worker-0,0,NVIDIA L4,suse-ai,0.483
1788031980,fb_used_mib,downstream-gpu-worker-0,0,NVIDIA L4,suse-ai,12274
1788031980,power_usage_w,downstream-gpu-worker-0,0,NVIDIA L4,suse-ai,67.2
1788031980,gpu_temp_c,downstream-gpu-worker-0,0,NVIDIA L4,suse-ai,53.0
1788032040,gpu_util_pct,downstream-gpu-worker-0,0,NVIDIA L4,suse-ai,55
1788032040,tensor_active_fraction,downstream-gpu-worker-0,0,NVIDIA L4,suse-ai,0.411
1788032040,fb_used_mib,downstream-gpu-worker-0,0,NVIDIA L4,suse-ai,10997
1788032040,power_usage_w,downstream-gpu-worker-0,0,NVIDIA L4,suse-ai,57.9
1788032040,gpu_temp_c,downstream-gpu-worker-0,0,NVIDIA L4,suse-ai,49.5
1788032100,gpu_util_pct,downstream-gpu-worker-0,0,NVIDIA L4,suse-ai,38
1788032100,tensor_active_fraction,downstream-gpu-worker-0,0,NVIDIA L4,suse-ai,0.357
1788032100,fb_used_mib,downstream-gpu-worker-0,0,NVIDIA L4,suse-ai,9175
1788032100,power_usage_w,downstream-gpu-worker-0,0,NVIDIA L4,suse-ai,51.4
1788032100,gpu_temp_c,downstream-gpu-worker-0,0,NVIDIA L4,suse-ai,45.5
1788032160,gpu_util_pct,downstream-gpu-worker-0,0,NVIDIA L4,suse-ai,50
1788032160,tensor_active_fraction,downstream-gpu-worker-0,0,NVIDIA L4,suse-ai,0.436
1788032160,fb_used_mib,downstream-gpu-worker-0,0,NVIDIA L4,suse-ai,10811
1788032160,power_usage_w,downstream-gpu-worker-0,0,NVIDIA L4,suse-ai,56.6
1788032160,gpu_temp_c,downstream-gpu-worker-0,0,NVIDIA L4,suse-ai,47.6
1788032220,gpu_util_pct,downstream-gpu-worker-0,0,NVIDIA L4,suse-ai,59
1788032220,tensor_active_fraction,downstream-gpu-worker-0,0,NVIDIA L4,suse-ai,0.476
1788032220,fb_used_mib,downstream-gpu-worker-0,0,NVIDIA L4,suse-ai,12782
1788032220,power_usage_w,downstream-gpu-worker-0,0,NVIDIA L4,suse-ai,65.6
1788032220,gpu_temp_c,downstream-gpu-worker-0,0,NVIDIA L4,suse-ai,53.6
1788032280,gpu_util_pct,downstream-gpu-worker-0,0,NVIDIA L4,suse-ai,0
1788032280,tensor_active_fraction,downstream-gpu-worker-0,0,NVIDIA L4,suse-ai,0.026
1788032280,fb_used_mib,downstream-gpu-worker-0,0,NVIDIA L4,suse-ai,1850
1788032280,power_usage_w,downstream-gpu-worker-0,0,NVIDIA L4,suse-ai,28.4
1788032280,gpu_temp_c,downstream-gpu-worker-0,0,NVIDIA L4,suse-ai,34.7
1788032340,gpu_util_pct,downstream-gpu-worker-0,0,NVIDIA L4,suse-ai,7
1788032340,tensor_active_fraction,downstream-gpu-worker-0,0,NVIDIA L4,suse-ai,0.057
1788032340,fb_used_mib,downstream-gpu-worker-0,0,NVIDIA L4,suse-ai,4087
1788032340,power_usage_w,downstream-gpu-worker-0,0,NVIDIA L4,suse-ai,35.2
1788032340,gpu_temp_c,downstream-gpu-worker-0,0,NVIDIA L4,suse-ai,38.0
1788032400,gpu_util_pct,downstream-gpu-worker-0,0,NVIDIA L4,suse-ai,38
1788032400,tensor_active_fraction,downstream-gpu-worker-0,0,NVIDIA L4,suse-ai,0.344
1788032400,fb_used_mib,downstream-gpu-worker-0,0,NVIDIA L4,suse-ai,9436
1788032400,power_usage_w,downstream-gpu-worker-0,0,NVIDIA L4,suse-ai,53.8
1788032400,gpu_temp_c,downstream-gpu-worker-0,0,NVIDIA L4,suse-ai,48.6
1788032460,gpu_util_pct,downstream-gpu-worker-0,0,NVIDIA L4,suse-ai,2
1788032460,tensor_active_fraction,downstream-gpu-worker-0,0,NVIDIA L4,suse-ai,0.057
1788032460,fb_used_mib,downstream-gpu-worker-0,0,NVIDIA L4,suse-ai,2459
1788032460,power_usage_w,downstream-gpu-worker-0,0,NVIDIA L4,suse-ai,33.9
1788032460,gpu_temp_c,downstream-gpu-worker-0,0,NVIDIA L4,suse-ai,35.7
1788032520,gpu_util_pct,downstream-gpu-worker-0,0,NVIDIA L4,suse-ai,55
1788032520,tensor_active_fraction,downstream-gpu-worker-0,0,NVIDIA L4,suse-ai,0.394
1788032520,fb_used_mib,downstream-gpu-worker-0,0,NVIDIA L4,suse-ai,11574
1788032520,power_usage_w,downstream-gpu-worker-0,0,NVIDIA L4,suse-ai,60.7
1788032520,gpu_temp_c,downstream-gpu-worker-0,0,NVIDIA L4,suse-ai,49.6
1788032580,gpu_util_pct,downstream-gpu-worker-0,0,NVIDIA L4,suse-ai,4
1788032580,tensor_active_fraction,downstream-gpu-worker-0,0,NVIDIA L4,suse-ai,0.049
1788032580,fb_used_mib,downstream-gpu-worker-0,0,NVIDIA L4,suse-ai,2121
1788032580,power_usage_w,downstream-gpu-worker-0,0,NVIDIA L4,suse-ai,31.2
1788032580,gpu_temp_c,downstream-gpu-worker-0,0,NVIDIA L4,suse-ai,33.9
1788032640,gpu_util_pct,downstream-gpu-worker-0,0,NVIDIA L4,suse-ai,57
1788032640,tensor_active_fraction,downstream-gpu-worker-0,0,NVIDIA L4,suse-ai,0.426
1788032640,fb_used_mib,downstream-gpu-worker-0,0,NVIDIA L4,suse-ai,12349
1788032640,power_usage_w,downstream-gpu-worker-0,0,NVIDIA L4,suse-ai,61.7
1788032640,gpu_temp_c,downstream-gpu-worker-0,0,NVIDIA L4,suse-ai,52.1
1788032700,gpu_util_pct,downstream-gpu-worker-0,0,NVIDIA L4,suse-ai,59
1788032700,tensor_active_fraction,downstream-gpu-worker-0,0,NVIDIA L4,suse-ai,0.555
1788032700,fb_used_mib,downstream-gpu-worker-0,0,NVIDIA L4,suse-ai,13557
1788032700,power_usage_w,downstream-gpu-worker-0,0,NVIDIA L4,suse-ai,65.7
1788032700,gpu_temp_c,downstream-gpu-worker-0,0,NVIDIA L4,suse-ai,52.7
1788032760,gpu_util_pct,downstream-gpu-worker-0,0,NVIDIA L4,suse-ai,37
1788032760,tensor_active_fraction,downstream-gpu-worker-0,0,NVIDIA L4,suse-ai,0.239
1788032760,fb_used_mib,downstream-gpu-worker-0,0,NVIDIA L4,suse-ai,8049
1788032760,power_usage_w,downstream-gpu-worker-0,0,NVIDIA L4,suse-ai,49.7
1788032760,gpu_temp_c,downstream-gpu-worker-0,0,NVIDIA L4,suse-ai,44.9
1788032820,gpu_util_pct,downstream-gpu-worker-0,0,NVIDIA L4,suse-ai,2
1788032820,tensor_active_fraction,downstream-gpu-worker-0,0,NVIDIA L4,suse-ai,0.034
1788032820,fb_used_mib,downstream-gpu-worker-0,0,NVIDIA L4,suse-ai,2984
1788032820,power_usage_w,downstream-gpu-worker-0,0,NVIDIA L4,suse-ai,32.0
1788032820,gpu_temp_c,downstream-gpu-worker-0,0,NVIDIA L4,suse-ai,36.9
1788032880,gpu_util_pct,downstream-gpu-worker-0,0,NVIDIA L4,suse-ai,62
1788032880,tensor_active_fraction,downstream-gpu-worker-0,0,NVIDIA L4,suse-ai,0.553
1788032880,fb_used_mib,downstream-gpu-worker-0,0,NVIDIA L4,suse-ai,13623
1788032880,power_usage_w,downstream-gpu-worker-0,0,NVIDIA L4,suse-ai,71.5
1788032880,gpu_temp_c,downstream-gpu-worker-0,0,NVIDIA L4,suse-ai,53.8
1788032940,gpu_util_pct,downstream-gpu-worker-0,0,NVIDIA L4,suse-ai,21
1788032940,tensor_active_fraction,downstream-gpu-worker-0,0,NVIDIA L4,suse-ai,0.16
1788032940,fb_used_mib,downstream-gpu-worker-0,0,NVIDIA L4,suse-ai,5809
1788032940,power_usage_w,downstream-gpu-worker-0,0,NVIDIA L4,suse-ai,42.2
1788032940,gpu_temp_c,downstream-gpu-worker-0,0,NVIDIA L4,suse-ai,39.9
1788033000,gpu_util_pct,downstream-gpu-worker-0,0,NVIDIA L4,suse-ai,64
1788033000,tensor_active_fraction,downstream-gpu-worker-0,0,NVIDIA L4,suse-ai,0.537
1788033000,fb_used_mib,downstream-gpu-worker-0,0,NVIDIA L4,suse-ai,13456
1788033000,power_usage_w,downstream-gpu-worker-0,0,NVIDIA L4,suse-ai,65.8
1788033000,gpu_temp_c,downstream-gpu-worker-0,0,NVIDIA L4,suse-ai,55.8
1788033060,gpu_util_pct,downstream-gpu-worker-0,0,NVIDIA L4,suse-ai,15
1788033060,tensor_active_fraction,downstream-gpu-worker-0,0,NVIDIA L4,suse-ai,0.126
1788033060,fb_used_mib,downstream-gpu-worker-0,0,NVIDIA L4,suse-ai,4582
1788033060,power_usage_w,downstream-gpu-worker-0,0,NVIDIA L4,suse-ai,38.3
1788033060,gpu_temp_c,downstream-gpu-worker-0,0,NVIDIA L4,suse-ai,38.7
1788033120,gpu_util_pct,downstream-gpu-worker-0,0,NVIDIA L4,suse-ai,14
1788033120,tensor_active_fraction,downstream-gpu-worker-0,0,NVIDIA L4,suse-ai,0.108
1788033120,fb_used_mib,downstream-gpu-worker-0,0,NVIDIA L4,suse-ai,4407
1788033120,power_usage_w,downstream-gpu-worker-0,0,NVIDIA L4,suse-ai,39.5
1788033120,gpu_temp_c,downstream-gpu-worker-0,0,NVIDIA L4,suse-ai,37.9
1788033180,gpu_util_pct,downstream-gpu-worker-0,0,NVIDIA L4,suse-ai,56
1788033180,tensor_active_fraction,downstream-gpu-worker-0,0,NVIDIA L4,suse-ai,0.527
1788033180,fb_used_mib,downstream-gpu-worker-0,0,NVIDIA L4,suse-ai,13129
1788033180,power_usage_w,downstream-gpu-worker-0,0,NVIDIA L4,suse-ai,66.0
1788033180,gpu_temp_c,downstream-gpu-worker-0,0,NVIDIA L4,suse-ai,53.0
1788033240,gpu_util_pct,downstream-gpu-worker-0,0,NVIDIA L4,suse-ai,23
1788033240,tensor_active_fraction,downstream-gpu-worker-0,0,NVIDIA L4,suse-ai,0.213
1788033240,fb_used_mib,downstream-gpu-worker-0,0,NVIDIA L4,suse-ai,6210
1788033240,power_usage_w,downstream-gpu-worker-0,0,NVIDIA L4,suse-ai,43.0
1788033240,gpu_temp_c,downstream-gpu-worker-0,0,NVIDIA L4,suse-ai,44.0
1788033300,gpu_util_pct,downstream-gpu-worker-0,0,NVIDIA L4,suse-ai,4
1788033300,tensor_active_fraction,downstream-gpu-worker-0,0,NVIDIA L4,suse-ai,0.049
1788033300,fb_used_mib,downstream-gpu-worker-0,0,NVIDIA L4,suse-ai,1850
1788033300,power_usage_w,downstream-gpu-worker-0,0,NVIDIA L4,suse-ai,32.6
1788033300,gpu_temp_c,downstream-gpu-worker-0,0,NVIDIA L4,suse-ai,33.6
1788033360,gpu_util_pct,downstream-gpu-worker-0,0,NVIDIA L4,suse-ai,55
1788033360,tensor_active_fraction,downstream-gpu-worker-0,0,NVIDIA L4,suse-ai,0.427
1788033360,fb_used_mib,downstream-gpu-worker-0,0,NVIDIA L4,suse-ai,11098
1788033360,power_usage_w,downstream-gpu-worker-0,0,NVIDIA L4,suse-ai,59.1
1788033360,gpu_temp_c,downstream-gpu-worker-0,0,NVIDIA L4,suse-ai,50.8
1788033420,gpu_util_pct,downstream-gpu-worker-0,0,NVIDIA L4,suse-ai,39
1788033420,tensor_active_fraction,downstream-gpu-worker-0,0,NVIDIA L4,suse-ai,0.278
1788033420,fb_used_mib,downstream-gpu-worker-0,0,NVIDIA L4,suse-ai,9207
1788033420,power_usage_w,downstream-gpu-worker-0,0,NVIDIA L4,suse-ai,53.7
1788033420,gpu_temp_c,downstream-gpu-worker-0,0,NVIDIA L4,suse-ai,46.1
1788033480,gpu_util_pct,downstream-gpu-worker-0,0,NVIDIA L4,suse-ai,33
1788033480,tensor_active_fraction,downstream-gpu-worker-0,0,NVIDIA L4,suse-ai,0.213
1788033480,fb_used_mib,downstream-gpu-worker-0,0,NVIDIA L4,suse-ai,7176
1788033480,power_usage_w,downstream-gpu-worker-0,0,NVIDIA L4,suse-ai,44.1
1788033480,gpu_temp_c,downstream-gpu-worker-0,0,NVIDIA L4,suse-ai,44.2
1788033540,gpu_util_pct,downstream-gpu-worker-0,0,NVIDIA L4,suse-ai,4
1788033540,tensor_active_fraction,downstream-gpu-worker-0,0,NVIDIA L4,suse-ai,0.068
1788033540,fb_used_mib,downstream-gpu-worker-0,0,NVIDIA L4,suse-ai,2394
1788033540,power_usage_w,downstream-gpu-worker-0,0,NVIDIA L4,suse-ai,30.3
1788033540,gpu_temp_c,downstream-gpu-worker-0,0,NVIDIA L4,suse-ai,36.2
1788033600,gpu_util_pct,downstream-gpu-worker-0,0,NVIDIA L4,suse-ai,39
1788033600,tensor_active_fraction,downstream-gpu-worker-0,0,NVIDIA L4,suse-ai,0.302
1788033600,fb_used_mib,downstream-gpu-worker-0,0,NVIDIA L4,suse-ai,9491
1788033600,power_usage_w,downstream-gpu-worker-0,0,NVIDIA L4,suse-ai,56.8
1788033600,gpu_temp_c,downstream-gpu-worker-0,0,NVIDIA L4,suse-ai,47.3
1788033660,gpu_util_pct,downstream-gpu-worker-0,0,NVIDIA L4,suse-ai,51
1788033660,tensor_active_fraction,downstream-gpu-worker-0,0,NVIDIA L4,suse-ai,0.325
1788033660,fb_used_mib,downstream-gpu-worker-0,0,NVIDIA L4,suse-ai,10429
1788033660,power_usage_w,downstream-gpu-worker-0,0,NVIDIA L4,suse-ai,59.8
1788033660,gpu_temp_c,downstream-gpu-worker-0,0,NVIDIA L4,suse-ai,47.4
1788033720,gpu_util_pct,downstream-gpu-worker-0,0,NVIDIA L4,suse-ai,26
1788033720,tensor_active_fraction,downstream-gpu-worker-0,0,NVIDIA L4,suse-ai,0.195
1788033720,fb_used_mib,downstream-gpu-worker-0,0,NVIDIA L4,suse-ai,6393
1788033720,power_usage_w,downstream-gpu-worker-0,0,NVIDIA L4,suse-ai,46.9
1788033720,gpu_temp_c,downstream-gpu-worker-0,0,NVIDIA L4,suse-ai,42.6
1788033780,gpu_util_pct,downstream-gpu-worker-0,0,NVIDIA L4,suse-ai,51
1788033780,tensor_active_fraction,downstream-gpu-worker-0,0,NVIDIA L4,suse-ai,0.428
1788033780,fb_used_mib,downstream-gpu-worker-0,0,NVIDIA L4,suse-ai,10822
1788033780,power_usage_w,downstream-gpu-worker-0,0,NVIDIA L4,suse-ai,56.6
1788033780,gpu_temp_c,downstream-gpu-worker-0,0,NVIDIA L4,suse-ai,49.7
1788033840,gpu_util_pct,downstream-gpu-worker-0,0,NVIDIA L4,suse-ai,56
1788033840,tensor_active_fraction,downstream-gpu-worker-0,0,NVIDIA L4,suse-ai,0.403
1788033840,fb_used_mib,downstream-gpu-worker-0,0,NVIDIA L4,suse-ai,11461
1788033840,power_usage_w,downstream-gpu-worker-0,0,NVIDIA L4,suse-ai,63.4
1788033840,gpu_temp_c,downstream-gpu-worker-0,0,NVIDIA L4,suse-ai,51.8
1788033900,gpu_util_pct,downstream-gpu-worker-0,0,NVIDIA L4,suse-ai,0
1788033900,tensor_active_fraction,downstream-gpu-worker-0,0,NVIDIA L4,suse-ai,0.0
1788033900,fb_used_mib,downstream-gpu-worker-0,0,NVIDIA L4,suse-ai,1839
1788033900,power_usage_w,downstream-gpu-worker-0,0,NVIDIA L4,suse-ai,31.6
1788033900,gpu_temp_c,downstream-gpu-worker-0,0,NVIDIA L4,suse-ai,34.7
1788033960,gpu_util_pct,downstream-gpu-worker-0,0,NVIDIA L4,suse-ai,21
1788033960,tensor_active_fraction,downstream-gpu-worker-0,0,NVIDIA L4,suse-ai,0.181
1788033960,fb_used_mib,downstream-gpu-worker-0,0,NVIDIA L4,suse-ai,6096
1788033960,power_usage_w,downstream-gpu-worker-0,0,NVIDIA L4,suse-ai,42.2
1788033960,gpu_temp_c,downstream-gpu-worker-0,0,NVIDIA L4,suse-ai,40.6
1788034020,gpu_util_pct,downstream-gpu-worker-0,0,NVIDIA L4,suse-ai,29
1788034020,tensor_active_fraction,downstream-gpu-worker-0,0,NVIDIA L4,suse-ai,0.193
1788034020,fb_used_mib,downstream-gpu-worker-0,0,NVIDIA L4,suse-ai,7235
1788034020,power_usage_w,downstream-gpu-worker-0,0,NVIDIA L4,suse-ai,45.6
1788034020,gpu_temp_c,downstream-gpu-worker-0,0,NVIDIA L4,suse-ai,42.5
1788034080,gpu_util_pct,downstream-gpu-worker-0,0,NVIDIA L4,suse-ai,53
1788034080,tensor_active_fraction,downstream-gpu-worker-0,0,NVIDIA L4,suse-ai,0.367
1788034080,fb_used_mib,downstream-gpu-worker-0,0,NVIDIA L4,suse-ai,11147
1788034080,power_usage_w,downstream-gpu-worker-0,0,NVIDIA L4,suse-ai,62.1
1788034080,gpu_temp_c,downstream-gpu-worker-0,0,NVIDIA L4,suse-ai,49.7
1788034140,gpu_util_pct,downstream-gpu-worker-0,0,NVIDIA L4,suse-ai,59
1788034140,tensor_active_fraction,downstream-gpu-worker-0,0,NVIDIA L4,suse-ai,0.515
1788034140,fb_used_mib,downstream-gpu-worker-0,0,NVIDIA L4,suse-ai,13123
1788034140,power_usage_w,downstream-gpu-worker-0,0,NVIDIA L4,suse-ai,65.2
1788034140,gpu_temp_c,downstream-gpu-worker-0,0,NVIDIA L4,suse-ai,52.3
1788034200,gpu_util_pct,downstream-gpu-worker-0,0,NVIDIA L4,suse-ai,0
1788034200,tensor_active_fraction,downstream-gpu-worker-0,0,NVIDIA L4,suse-ai,0.0
1788034200,fb_used_mib,downstream-gpu-worker-0,0,NVIDIA L4,suse-ai,1994
1788034200,power_usage_w,downstream-gpu-worker-0,0,NVIDIA L4,suse-ai,31.6
1788034200,gpu_temp_c,downstream-gpu-worker-0,0,NVIDIA L4,suse-ai,33.0
1788034260,gpu_util_pct,downstream-gpu-worker-0,0,NVIDIA L4,suse-ai,16
1788034260,tensor_active_fraction,downstream-gpu-worker-0,0,NVIDIA L4,suse-ai,0.107
1788034260,fb_used_mib,downstream-gpu-worker-0,0,NVIDIA L4,suse-ai,4158
1788034260,power_usage_w,downstream-gpu-worker-0,0,NVIDIA L4,suse-ai,34.1
1788034260,gpu_temp_c,downstream-gpu-worker-0,0,NVIDIA L4,suse-ai,37.2
1788034320,gpu_util_pct,downstream-gpu-worker-0,0,NVIDIA L4,suse-ai,52
1788034320,tensor_active_fraction,downstream-gpu-worker-0,0,NVIDIA L4,suse-ai,0.429
1788034320,fb_used_mib,downstream-gpu-worker-0,0,NVIDIA L4,suse-ai,11787
1788034320,power_usage_w,downstream-gpu-worker-0,0,NVIDIA L4,suse-ai,60.6
1788034320,gpu_temp_c,downstream-gpu-worker-0,0,NVIDIA L4,suse-ai,50.9
1788034380,gpu_util_pct,downstream-gpu-worker-0,0,NVIDIA L4,suse-ai,52
1788034380,tensor_active_fraction,downstream-gpu-worker-0,0,NVIDIA L4,suse-ai,0.389
1788034380,fb_used_mib,downstream-gpu-worker-0,0,NVIDIA L4,suse-ai,11184
1788034380,power_usage_w,downstream-gpu-worker-0,0,NVIDIA L4,suse-ai,59.4
1788034380,gpu_temp_c,downstream-gpu-worker-0,0,NVIDIA L4,suse-ai,49.4
1788034440,gpu_util_pct,downstream-gpu-worker-0,0,NVIDIA L4,suse-ai,8
1788034440,tensor_active_fraction,downstream-gpu-worker-0,0,NVIDIA L4,suse-ai,0.062
1788034440,fb_used_mib,downstream-gpu-worker-0,0,NVIDIA L4,suse-ai,3671
1788034440,power_usage_w,downstream-gpu-worker-0,0,NVIDIA L4,suse-ai,38.3
1788034440,gpu_temp_c,downstream-gpu-worker-0,0,NVIDIA L4,suse-ai,39.2
1788034500,gpu_util_pct,downstream-gpu-worker-0,0,NVIDIA L4,suse-ai,50
1788034500,tensor_active_fraction,downstream-gpu-worker-0,0,NVIDIA L4,suse-ai,0.475
1788034500,fb_used_mib,downstream-gpu-worker-0,0,NVIDIA L4,suse-ai,11812
1788034500,power_usage_w,downstream-gpu-worker-0,0,NVIDIA L4,suse-ai,64.9
1788034500,gpu_temp_c,downstream-gpu-worker-0,0,NVIDIA L4,suse-ai,53.1
1788034560,gpu_util_pct,downstream-gpu-worker-0,0,NVIDIA L4,suse-ai,0
1788034560,tensor_active_fraction,downstream-gpu-worker-0,0,NVIDIA L4,suse-ai,0.003
1788034560,fb_used_mib,downstream-gpu-worker-0,0,NVIDIA L4,suse-ai,2180
1788034560,power_usage_w,downstream-gpu-worker-0,0,NVIDIA L4,suse-ai,31.5
1788034560,gpu_temp_c,downstream-gpu-worker-0,0,NVIDIA L4,suse-ai,34.0
1788034620,gpu_util_pct,downstream-gpu-worker-0,0,NVIDIA L4,suse-ai,28
1788034620,tensor_active_fraction,downstream-gpu-worker-0,0,NVIDIA L4,suse-ai,0.246
1788034620,fb_used_mib,downstream-gpu-worker-0,0,NVIDIA L4,suse-ai,6703
1788034620,power_usage_w,downstream-gpu-worker-0,0,NVIDIA L4,suse-ai,46.6
1788034620,gpu_temp_c,downstream-gpu-worker-0,0,NVIDIA L4,suse-ai,40.8
1788034680,gpu_util_pct,downstream-gpu-worker-0,0,NVIDIA L4,suse-ai,46
1788034680,tensor_active_fraction,downstream-gpu-worker-0,0,NVIDIA L4,suse-ai,0.312
1788034680,fb_used_mib,downstream-gpu-worker-0,0,NVIDIA L4,suse-ai,9479
1788034680,power_usage_w,downstream-gpu-worker-0,0,NVIDIA L4,suse-ai,57.0
1788034680,gpu_temp_c,downstream-gpu-worker-0,0,NVIDIA L4,suse-ai,49.3
1788034740,gpu_util_pct,downstream-gpu-worker-0,0,NVIDIA L4,suse-ai,51
1788034740,tensor_active_fraction,downstream-gpu-worker-0,0,NVIDIA L4,suse-ai,0.368
1788034740,fb_used_mib,downstream-gpu-worker-0,0,NVIDIA L4,suse-ai,10864
1788034740,power_usage_w,downstream-gpu-worker-0,0,NVIDIA L4,suse-ai,61.0
1788034740,gpu_temp_c,downstream-gpu-worker-0,0,NVIDIA L4,suse-ai,51.0
1788034800,gpu_util_pct,downstream-gpu-worker-0,0,NVIDIA L4,suse-ai,22
1788034800,tensor_active_fraction,downstream-gpu-worker-0,0,NVIDIA L4,suse-ai,0.185
1788034800,fb_used_mib,downstream-gpu-worker-0,0,NVIDIA L4,suse-ai,5152
1788034800,power_usage_w,downstream-gpu-worker-0,0,NVIDIA L4,suse-ai,41.5
1788034800,gpu_temp_c,downstream-gpu-worker-0,0,NVIDIA L4,suse-ai,41.1
1788034860,gpu_util_pct,downstream-gpu-worker-0,0,NVIDIA L4,suse-ai,0
1788034860,tensor_active_fraction,downstream-gpu-worker-0,0,NVIDIA L4,suse-ai,0.011
1788034860,fb_used_mib,downstream-gpu-worker-0,0,NVIDIA L4,suse-ai,2085
1788034860,power_usage_w,downstream-gpu-worker-0,0,NVIDIA L4,suse-ai,32.2
1788034860,gpu_temp_c,downstream-gpu-worker-0,0,NVIDIA L4,suse-ai,36.5
1788034920,gpu_util_pct,downstream-gpu-worker-0,0,NVIDIA L4,suse-ai,56
1788034920,tensor_active_fraction,downstream-gpu-worker-0,0,NVIDIA L4,suse-ai,0.381
1788034920,fb_used_mib,downstream-gpu-worker-0,0,NVIDIA L4,suse-ai,11629
1788034920,power_usage_w,downstream-gpu-worker-0,0,NVIDIA L4,suse-ai,59.6
1788034920,gpu_temp_c,downstream-gpu-worker-0,0,NVIDIA L4,suse-ai,52.4
1788034980,gpu_util_pct,downstream-gpu-worker-0,0,NVIDIA L4,suse-ai,76
1788034980,tensor_active_fraction,downstream-gpu-worker-0,0,NVIDIA L4,suse-ai,0.565
1788034980,fb_used_mib,downstream-gpu-worker-0,0,NVIDIA L4,suse-ai,14951
1788034980,power_usage_w,downstream-gpu-worker-0,0,NVIDIA L4,suse-ai,75.4
1788034980,gpu_temp_c,downstream-gpu-worker-0,0,NVIDIA L4,suse-ai,56.2
1788035040,gpu_util_pct,downstream-gpu-worker-0,0,NVIDIA L4,suse-ai,31
1788035040,tensor_active_fraction,downstream-gpu-worker-0,0,NVIDIA L4,suse-ai,0.234
1788035040,fb_used_mib,downstream-gpu-worker-0,0,NVIDIA L4,suse-ai,8185
1788035040,power_usage_w,downstream-gpu-worker-0,0,NVIDIA L4,suse-ai,51.2
1788035040,gpu_temp_c,downstream-gpu-worker-0,0,NVIDIA L4,suse-ai,43.4
1788035100,gpu_util_pct,downstream-gpu-worker-0,0,NVIDIA L4,suse-ai,66
1788035100,tensor_active_fraction,downstream-gpu-worker-0,0,NVIDIA L4,suse-ai,0.611
1788035100,fb_used_mib,downstream-gpu-worker-0,0,NVIDIA L4,suse-ai,14724
1788035100,power_usage_w,downstream-gpu-worker-0,0,NVIDIA L4,suse-ai,71.9
1788035100,gpu_temp_c,downstream-gpu-worker-0,0,NVIDIA L4,suse-ai,55.4
1788035160,gpu_util_pct,downstream-gpu-worker-0,0,NVIDIA L4,suse-ai,50
1788035160,tensor_active_fraction,downstream-gpu-worker-0,0,NVIDIA L4,suse-ai,0.432
1788035160,fb_used_mib,downstream-gpu-worker-0,0,NVIDIA L4,suse-ai,10762
1788035160,power_usage_w,downstream-gpu-worker-0,0,NVIDIA L4,suse-ai,60.0
1788035160,gpu_temp_c,downstream-gpu-worker-0,0,NVIDIA L4,suse-ai,51.2
1788035220,gpu_util_pct,downstream-gpu-worker-0,0,NVIDIA L4,suse-ai,41
1788035220,tensor_active_fraction,downstream-gpu-worker-0,0,NVIDIA L4,suse-ai,0.359
1788035220,fb_used_mib,downstream-gpu-worker-0,0,NVIDIA L4,suse-ai,9346
1788035220,power_usage_w,downstream-gpu-worker-0,0,NVIDIA L4,suse-ai,53.1
1788035220,gpu_temp_c,downstream-gpu-worker-0,0,NVIDIA L4,suse-ai,47.7
1788035280,gpu_util_pct,downstream-gpu-worker-0,0,NVIDIA L4,suse-ai,61
1788035280,tensor_active_fraction,downstream-gpu-worker-0,0,NVIDIA L4,suse-ai,0.509
1788035280,fb_used_mib,downstream-gpu-worker-0,0,NVIDIA L4,suse-ai,13973
1788035280,power_usage_w,downstream-gpu-worker-0,0,NVIDIA L4,suse-ai,70.8
1788035280,gpu_temp_c,downstream-gpu-worker-0,0,NVIDIA L4,suse-ai,55.6
1788035340,gpu_util_pct,downstream-gpu-worker-0,0,NVIDIA L4,suse-ai,46
1788035340,tensor_active_fraction,downstream-gpu-worker-0,0,NVIDIA L4,suse-ai,0.39
1788035340,fb_used_mib,downstream-gpu-worker-0,0,NVIDIA L4,suse-ai,9709
1788035340,power_usage_w,downstream-gpu-worker-0,0,NVIDIA L4,suse-ai,54.2
1788035340,gpu_temp_c,downstream-gpu-worker-0,0,NVIDIA L4,suse-ai,46.9
1788035400,gpu_util_pct,downstream-gpu-worker-0,0,NVIDIA L4,suse-ai,8
1788035400,tensor_active_fraction,downstream-gpu-worker-0,0,NVIDIA L4,suse-ai,0.083
1788035400,fb_used_mib,downstream-gpu-worker-0,0,NVIDIA L4,suse-ai,4258
1788035400,power_usage_w,downstream-gpu-worker-0,0,NVIDIA L4,suse-ai,35.5
1788035400,gpu_temp_c,downstream-gpu-worker-0,0,NVIDIA L4,suse-ai,40.5
1788035460,gpu_util_pct,downstream-gpu-worker-0,0,NVIDIA L4,suse-ai,32
1788035460,tensor_active_fraction,downstream-gpu-worker-0,0,NVIDIA L4,suse-ai,0.271
1788035460,fb_used_mib,downstream-gpu-worker-0,0,NVIDIA L4,suse-ai,8463
1788035460,power_usage_w,downstream-gpu-worker-0,0,NVIDIA L4,suse-ai,53.1
1788035460,gpu_temp_c,downstream-gpu-worker-0,0,NVIDIA L4,suse-ai,45.1
1788035520,gpu_util_pct,downstream-gpu-worker-0,0,NVIDIA L4,suse-ai,35
1788035520,tensor_active_fraction,downstream-gpu-worker-0,0,NVIDIA L4,suse-ai,0.29
1788035520,fb_used_mib,downstream-gpu-worker-0,0,NVIDIA L4,suse-ai,8747
1788035520,power_usage_w,downstream-gpu-worker-0,0,NVIDIA L4,suse-ai,54.2
1788035520,gpu_temp_c,downstream-gpu-worker-0,0,NVIDIA L4,suse-ai,47.5
1788035580,gpu_util_pct,downstream-gpu-worker-0,0,NVIDIA L4,suse-ai,63
1788035580,tensor_active_fraction,downstream-gpu-worker-0,0,NVIDIA L4,suse-ai,0.552
1788035580,fb_used_mib,downstream-gpu-worker-0,0,NVIDIA L4,suse-ai,14095
1788035580,power_usage_w,downstream-gpu-worker-0,0,NVIDIA L4,suse-ai,67.8
1788035580,gpu_temp_c,downstream-gpu-worker-0,0,NVIDIA L4,suse-ai,53.1
1788035640,gpu_util_pct,downstream-gpu-worker-0,0,NVIDIA L4,suse-ai,58
1788035640,tensor_active_fraction,downstream-gpu-worker-0,0,NVIDIA L4,suse-ai,0.513
1788035640,fb_used_mib,downstream-gpu-worker-0,0,NVIDIA L4,suse-ai,12742
1788035640,power_usage_w,downstream-gpu-worker-0,0,NVIDIA L4,suse-ai,64.4
1788035640,gpu_temp_c,downstream-gpu-worker-0,0,NVIDIA L4,suse-ai,53.8
1788035700,gpu_util_pct,downstream-gpu-worker-0,0,NVIDIA L4,suse-ai,0
1788035700,tensor_active_fraction,downstream-gpu-worker-0,0,NVIDIA L4,suse-ai,0.025
1788035700,fb_used_mib,downstream-gpu-worker-0,0,NVIDIA L4,suse-ai,2140
1788035700,power_usage_w,downstream-gpu-worker-0,0,NVIDIA L4,suse-ai,32.0
1788035700,gpu_temp_c,downstream-gpu-worker-0,0,NVIDIA L4,suse-ai,33.1
1788035760,gpu_util_pct,downstream-gpu-worker-0,0,NVIDIA L4,suse-ai,15
1788035760,tensor_active_fraction,downstream-gpu-worker-0,0,NVIDIA L4,suse-ai,0.135
1788035760,fb_used_mib,downstream-gpu-worker-0,0,NVIDIA L4,suse-ai,4525
1788035760,power_usage_w,downstream-gpu-worker-0,0,NVIDIA L4,suse-ai,40.8
1788035760,gpu_temp_c,downstream-gpu-worker-0,0,NVIDIA L4,suse-ai,39.7
1788035820,gpu_util_pct,downstream-gpu-worker-0,0,NVIDIA L4,suse-ai,38
1788035820,tensor_active_fraction,downstream-gpu-worker-0,0,NVIDIA L4,suse-ai,0.31
1788035820,fb_used_mib,downstream-gpu-worker-0,0,NVIDIA L4,suse-ai,9622
1788035820,power_usage_w,downstream-gpu-worker-0,0,NVIDIA L4,suse-ai,52.1
1788035820,gpu_temp_c,downstream-gpu-worker-0,0,NVIDIA L4,suse-ai,48.6
1788035880,gpu_util_pct,downstream-gpu-worker-0,0,NVIDIA L4,suse-ai,2
1788035880,tensor_active_fraction,downstream-gpu-worker-0,0,NVIDIA L4,suse-ai,0.035
1788035880,fb_used_mib,downstream-gpu-worker-0,0,NVIDIA L4,suse-ai,2174
1788035880,power_usage_w,downstream-gpu-worker-0,0,NVIDIA L4,suse-ai,28.4
1788035880,gpu_temp_c,downstream-gpu-worker-0,0,NVIDIA L4,suse-ai,35.9
1788035940,gpu_util_pct,downstream-gpu-worker-0,0,NVIDIA L4,suse-ai,69
1788035940,tensor_active_fraction,downstream-gpu-worker-0,0,NVIDIA L4,suse-ai,0.569
1788035940,fb_used_mib,downstream-gpu-worker-0,0,NVIDIA L4,suse-ai,14099
1788035940,power_usage_w,downstream-gpu-worker-0,0,NVIDIA L4,suse-ai,68.8
1788035940,gpu_temp_c,downstream-gpu-worker-0,0,NVIDIA L4,suse-ai,56.3
1788036000,gpu_util_pct,downstream-gpu-worker-0,0,NVIDIA L4,suse-ai,62
1788036000,tensor_active_fraction,downstream-gpu-worker-0,0,NVIDIA L4,suse-ai,0.479
1788036000,fb_used_mib,downstream-gpu-worker-0,0,NVIDIA L4,suse-ai,13815
1788036000,power_usage_w,downstream-gpu-worker-0,0,NVIDIA L4,suse-ai,69.1
1788036000,gpu_temp_c,downstream-gpu-worker-0,0,NVIDIA L4,suse-ai,54.7
1788036060,gpu_util_pct,downstream-gpu-worker-0,0,NVIDIA L4,suse-ai,16
1788036060,tensor_active_fraction,downstream-gpu-worker-0,0,NVIDIA L4,suse-ai,0.091
1788036060,fb_used_mib,downstream-gpu-worker-0,0,NVIDIA L4,suse-ai,5108
1788036060,power_usage_w,downstream-gpu-worker-0,0,NVIDIA L4,suse-ai,38.8
1788036060,gpu_temp_c,downstream-gpu-worker-0,0,NVIDIA L4,suse-ai,41.7
1788036120,gpu_util_pct,downstream-gpu-worker-0,0,NVIDIA L4,suse-ai,48
1788036120,tensor_active_fraction,downstream-gpu-worker-0,0,NVIDIA L4,suse-ai,0.341
1788036120,fb_used_mib,downstream-gpu-worker-0,0,NVIDIA L4,suse-ai,10497
1788036120,power_usage_w,downstream-gpu-worker-0,0,NVIDIA L4,suse-ai,60.3
1788036120,gpu_temp_c,downstream-gpu-worker-0,0,NVIDIA L4,suse-ai,50.7
1788036180,gpu_util_pct,downstream-gpu-worker-0,0,NVIDIA L4,suse-ai,4
1788036180,tensor_active_fraction,downstream-gpu-worker-0,0,NVIDIA L4,suse-ai,0.0
1788036180,fb_used_mib,downstream-gpu-worker-0,0,NVIDIA L4,suse-ai,2062
1788036180,power_usage_w,downstream-gpu-worker-0,0,NVIDIA L4,suse-ai,30.5
1788036180,gpu_temp_c,downstream-gpu-worker-0,0,NVIDIA L4,suse-ai,34.8
1788036240,gpu_util_pct,downstream-gpu-worker-0,0,NVIDIA L4,suse-ai,32
1788036240,tensor_active_fraction,downstream-gpu-worker-0,0,NVIDIA L4,suse-ai,0.199
1788036240,fb_used_mib,downstream-gpu-worker-0,0,NVIDIA L4,suse-ai,7244
1788036240,power_usage_w,downstream-gpu-worker-0,0,NVIDIA L4,suse-ai,45.2
1788036240,gpu_temp_c,downstream-gpu-worker-0,0,NVIDIA L4,suse-ai,44.1
1788036300,gpu_util_pct,downstream-gpu-worker-0,0,NVIDIA L4,suse-ai,21
1788036300,tensor_active_fraction,downstream-gpu-worker-0,0,NVIDIA L4,suse-ai,0.103
1788036300,fb_used_mib,downstream-gpu-worker-0,0,NVIDIA L4,suse-ai,5326
1788036300,power_usage_w,downstream-gpu-worker-0,0,NVIDIA L4,suse-ai,42.9
1788036300,gpu_temp_c,downstream-gpu-worker-0,0,NVIDIA L4,suse-ai,39.9
1788036360,gpu_util_pct,downstream-gpu-worker-0,0,NVIDIA L4,suse-ai,75
1788036360,tensor_active_fraction,downstream-gpu-worker-0,0,NVIDIA L4,suse-ai,0.549
1788036360,fb_used_mib,downstream-gpu-worker-0,0,NVIDIA L4,suse-ai,14912
1788036360,power_usage_w,downstream-gpu-worker-0,0,NVIDIA L4,suse-ai,72.8
1788036360,gpu_temp_c,downstream-gpu-worker-0,0,NVIDIA L4,suse-ai,56.7
1788036420,gpu_util_pct,downstream-gpu-worker-0,0,NVIDIA L4,suse-ai,66
1788036420,tensor_active_fraction,downstream-gpu-worker-0,0,NVIDIA L4,suse-ai,0.558
1788036420,fb_used_mib,downstream-gpu-worker-0,0,NVIDIA L4,suse-ai,14445
1788036420,power_usage_w,downstream-gpu-worker-0,0,NVIDIA L4,suse-ai,71.3
1788036420,gpu_temp_c,downstream-gpu-worker-0,0,NVIDIA L4,suse-ai,54.4
1788036480,gpu_util_pct,downstream-gpu-worker-0,0,NVIDIA L4,suse-ai,47
1788036480,tensor_active_fraction,downstream-gpu-worker-0,0,NVIDIA L4,suse-ai,0.36
1788036480,fb_used_mib,downstream-gpu-worker-0,0,NVIDIA L4,suse-ai,10924
1788036480,power_usage_w,downstream-gpu-worker-0,0,NVIDIA L4,suse-ai,58.7
1788036480,gpu_temp_c,downstream-gpu-worker-0,0,NVIDIA L4,suse-ai,50.3
1788036540,gpu_util_pct,downstream-gpu-worker-0,0,NVIDIA L4,suse-ai,3
1788036540,tensor_active_fraction,downstream-gpu-worker-0,0,NVIDIA L4,suse-ai,0.034
1788036540,fb_used_mib,downstream-gpu-worker-0,0,NVIDIA L4,suse-ai,2335
1788036540,power_usage_w,downstream-gpu-worker-0,0,NVIDIA L4,suse-ai,31.5
1788036540,gpu_temp_c,downstream-gpu-worker-0,0,NVIDIA L4,suse-ai,33.6
1788036600,gpu_util_pct,downstream-gpu-worker-0,0,NVIDIA L4,suse-ai,30
1788036600,tensor_active_fraction,downstream-gpu-worker-0,0,NVIDIA L4,suse-ai,0.202
1788036600,fb_used_mib,downstream-gpu-worker-0,0,NVIDIA L4,suse-ai,6868
1788036600,power_usage_w,downstream-gpu-worker-0,0,NVIDIA L4,suse-ai,45.7
1788036600,gpu_temp_c,downstream-gpu-worker-0,0,NVIDIA L4,suse-ai,41.1
1788036660,gpu_util_pct,downstream-gpu-worker-0,0,NVIDIA L4,suse-ai,0
1788036660,tensor_active_fraction,downstream-gpu-worker-0,0,NVIDIA L4,suse-ai,0.014
1788036660,fb_used_mib,downstream-gpu-worker-0,0,NVIDIA L4,suse-ai,2163
1788036660,power_usage_w,downstream-gpu-worker-0,0,NVIDIA L4,suse-ai,28.3
1788036660,gpu_temp_c,downstream-gpu-worker-0,0,NVIDIA L4,suse-ai,35.3
1788036720,gpu_util_pct,downstream-gpu-worker-0,0,NVIDIA L4,suse-ai,74
1788036720,tensor_active_fraction,downstream-gpu-worker-0,0,NVIDIA L4,suse-ai,0.61
1788036720,fb_used_mib,downstream-gpu-worker-0,0,NVIDIA L4,suse-ai,15133
1788036720,power_usage_w,downstream-gpu-worker-0,0,NVIDIA L4,suse-ai,74.9
1788036720,gpu_temp_c,downstream-gpu-worker-0,0,NVIDIA L4,suse-ai,56.7
1788036780,gpu_util_pct,downstream-gpu-worker-0,0,NVIDIA L4,suse-ai,77
1788036780,tensor_active_fraction,downstream-gpu-worker-0,0,NVIDIA L4,suse-ai,0.581
1788036780,fb_used_mib,downstream-gpu-worker-0,0,NVIDIA L4,suse-ai,15372
1788036780,power_usage_w,downstream-gpu-worker-0,0,NVIDIA L4,suse-ai,74.0
1788036780,gpu_temp_c,downstream-gpu-worker-0,0,NVIDIA L4,suse-ai,58.4
1788036840,gpu_util_pct,downstream-gpu-worker-0,0,NVIDIA L4,suse-ai,63
1788036840,tensor_active_fraction,downstream-gpu-worker-0,0,NVIDIA L4,suse-ai,0.493
1788036840,fb_used_mib,downstream-gpu-worker-0,0,NVIDIA L4,suse-ai,13381
1788036840,power_usage_w,downstream-gpu-worker-0,0,NVIDIA L4,suse-ai,67.0
1788036840,gpu_temp_c,downstream-gpu-worker-0,0,NVIDIA L4,suse-ai,55.1
1788036900,gpu_util_pct,downstream-gpu-worker-0,0,NVIDIA L4,suse-ai,56
1788036900,tensor_active_fraction,downstream-gpu-worker-0,0,NVIDIA L4,suse-ai,0.402
1788036900,fb_used_mib,downstream-gpu-worker-0,0,NVIDIA L4,suse-ai,12165
1788036900,power_usage_w,downstream-gpu-worker-0,0,NVIDIA L4,suse-ai,63.7
1788036900,gpu_temp_c,downstream-gpu-worker-0,0,NVIDIA L4,suse-ai,53.0
1788036960,gpu_util_pct,downstream-gpu-worker-0,0,NVIDIA L4,suse-ai,46
1788036960,tensor_active_fraction,downstream-gpu-worker-0,0,NVIDIA L4,suse-ai,0.321
1788036960,fb_used_mib,downstream-gpu-worker-0,0,NVIDIA L4,suse-ai,9948
1788036960,power_usage_w,downstream-gpu-worker-0,0,NVIDIA L4,suse-ai,54.0
1788036960,gpu_temp_c,downstream-gpu-worker-0,0,NVIDIA L4,suse-ai,49.6
1788037020,gpu_util_pct,downstream-gpu-worker-0,0,NVIDIA L4,suse-ai,43
1788037020,tensor_active_fraction,downstream-gpu-worker-0,0,NVIDIA L4,suse-ai,0.377
1788037020,fb_used_mib,downstream-gpu-worker-0,0,NVIDIA L4,suse-ai,10532
1788037020,power_usage_w,downstream-gpu-worker-0,0,NVIDIA L4,suse-ai,55.9
1788037020,gpu_temp_c,downstream-gpu-worker-0,0,NVIDIA L4,suse-ai,49.6
1788037080,gpu_util_pct,downstream-gpu-worker-0,0,NVIDIA L4,suse-ai,40
1788037080,tensor_active_fraction,downstream-gpu-worker-0,0,NVIDIA L4,suse-ai,0.327
1788037080,fb_used_mib,downstream-gpu-worker-0,0,NVIDIA L4,suse-ai,10015
1788037080,power_usage_w,downstream-gpu-worker-0,0,NVIDIA L4,suse-ai,53.9
1788037080,gpu_temp_c,downstream-gpu-worker-0,0,NVIDIA L4,suse-ai,46.7
1788037140,gpu_util_pct,downstream-gpu-worker-0,0,NVIDIA L4,suse-ai,16
1788037140,tensor_active_fraction,downstream-gpu-worker-0,0,NVIDIA L4,suse-ai,0.059
1788037140,fb_used_mib,downstream-gpu-worker-0,0,NVIDIA L4,suse-ai,4264
1788037140,power_usage_w,downstream-gpu-worker-0,0,NVIDIA L4,suse-ai,37.9
1788037140,gpu_temp_c,downstream-gpu-worker-0,0,NVIDIA L4,suse-ai,37.4
1788037200,gpu_util_pct,downstream-gpu-worker-0,0,NVIDIA L4,suse-ai,4
1788037200,tensor_active_fraction,downstream-gpu-worker-0,0,NVIDIA L4,suse-ai,0.04
1788037200,fb_used_mib,downstream-gpu-worker-0,0,NVIDIA L4,suse-ai,1917
1788037200,power_usage_w,downstream-gpu-worker-0,0,NVIDIA L4,suse-ai,30.2
1788037200,gpu_temp_c,downstream-gpu-worker-0,0,NVIDIA L4,suse-ai,33.6
1788037260,gpu_util_pct,downstream-gpu-worker-0,0,NVIDIA L4,suse-ai,27
1788037260,tensor_active_fraction,downstream-gpu-worker-0,0,NVIDIA L4,suse-ai,0.274
1788037260,fb_used_mib,downstream-gpu-worker-0,0,NVIDIA L4,suse-ai,7440
1788037260,power_usage_w,downstream-gpu-worker-0,0,NVIDIA L4,suse-ai,48.1
1788037260,gpu_temp_c,downstream-gpu-worker-0,0,NVIDIA L4,suse-ai,43.8
1788037320,gpu_util_pct,downstream-gpu-worker-0,0,NVIDIA L4,suse-ai,49
1788037320,tensor_active_fraction,downstream-gpu-worker-0,0,NVIDIA L4,suse-ai,0.334
1788037320,fb_used_mib,downstream-gpu-worker-0,0,NVIDIA L4,suse-ai,10344
1788037320,power_usage_w,downstream-gpu-worker-0,0,NVIDIA L4,suse-ai,56.3
1788037320,gpu_temp_c,downstream-gpu-worker-0,0,NVIDIA L4,suse-ai,50.6
1788037380,gpu_util_pct,downstream-gpu-worker-0,0,NVIDIA L4,suse-ai,0
1788037380,tensor_active_fraction,downstream-gpu-worker-0,0,NVIDIA L4,suse-ai,0.034
1788037380,fb_used_mib,downstream-gpu-worker-0,0,NVIDIA L4,suse-ai,2682
1788037380,power_usage_w,downstream-gpu-worker-0,0,NVIDIA L4,suse-ai,30.8
1788037380,gpu_temp_c,downstream-gpu-worker-0,0,NVIDIA L4,suse-ai,37.0
1788037440,gpu_util_pct,downstream-gpu-worker-0,0,NVIDIA L4,suse-ai,23
1788037440,tensor_active_fraction,downstream-gpu-worker-0,0,NVIDIA L4,suse-ai,0.158
1788037440,fb_used_mib,downstream-gpu-worker-0,0,NVIDIA L4,suse-ai,6154
1788037440,power_usage_w,downstream-gpu-worker-0,0,NVIDIA L4,suse-ai,41.6
1788037440,gpu_temp_c,downstream-gpu-worker-0,0,NVIDIA L4,suse-ai,41.6
1788037500,gpu_util_pct,downstream-gpu-worker-0,0,NVIDIA L4,suse-ai,73
1788037500,tensor_active_fraction,downstream-gpu-worker-0,0,NVIDIA L4,suse-ai,0.616
1788037500,fb_used_mib,downstream-gpu-worker-0,0,NVIDIA L4,suse-ai,14722
1788037500,power_usage_w,downstream-gpu-worker-0,0,NVIDIA L4,suse-ai,71.1
1788037500,gpu_temp_c,downstream-gpu-worker-0,0,NVIDIA L4,suse-ai,57.0
1788037560,gpu_util_pct,downstream-gpu-worker-0,0,NVIDIA L4,suse-ai,10
1788037560,tensor_active_fraction,downstream-gpu-worker-0,0,NVIDIA L4,suse-ai,0.082
1788037560,fb_used_mib,downstream-gpu-worker-0,0,NVIDIA L4,suse-ai,3605
1788037560,power_usage_w,downstream-gpu-worker-0,0,NVIDIA L4,suse-ai,35.4
1788037560,gpu_temp_c,downstream-gpu-worker-0,0,NVIDIA L4,suse-ai,38.1
1788037620,gpu_util_pct,downstream-gpu-worker-0,0,NVIDIA L4,suse-ai,28
1788037620,tensor_active_fraction,downstream-gpu-worker-0,0,NVIDIA L4,suse-ai,0.281
1788037620,fb_used_mib,downstream-gpu-worker-0,0,NVIDIA L4,suse-ai,7519
1788037620,power_usage_w,downstream-gpu-worker-0,0,NVIDIA L4,suse-ai,50.4
1788037620,gpu_temp_c,downstream-gpu-worker-0,0,NVIDIA L4,suse-ai,43.8
1788037680,gpu_util_pct,downstream-gpu-worker-0,0,NVIDIA L4,suse-ai,71
1788037680,tensor_active_fraction,downstream-gpu-worker-0,0,NVIDIA L4,suse-ai,0.566
1788037680,fb_used_mib,downstream-gpu-worker-0,0,NVIDIA L4,suse-ai,15264
1788037680,power_usage_w,downstream-gpu-worker-0,0,NVIDIA L4,suse-ai,75.3
1788037680,gpu_temp_c,downstream-gpu-worker-0,0,NVIDIA L4,suse-ai,56.7
1788037740,gpu_util_pct,downstream-gpu-worker-0,0,NVIDIA L4,suse-ai,10
1788037740,tensor_active_fraction,downstream-gpu-worker-0,0,NVIDIA L4,suse-ai,0.152
1788037740,fb_used_mib,downstream-gpu-worker-0,0,NVIDIA L4,suse-ai,4616
1788037740,power_usage_w,downstream-gpu-worker-0,0,NVIDIA L4,suse-ai,36.2
1788037740,gpu_temp_c,downstream-gpu-worker-0,0,NVIDIA L4,suse-ai,40.4
1788037800,gpu_util_pct,downstream-gpu-worker-0,0,NVIDIA L4,suse-ai,5
1788037800,tensor_active_fraction,downstream-gpu-worker-0,0,NVIDIA L4,suse-ai,0.117
1788037800,fb_used_mib,downstream-gpu-worker-0,0,NVIDIA L4,suse-ai,3439
1788037800,power_usage_w,downstream-gpu-worker-0,0,NVIDIA L4,suse-ai,37.9
1788037800,gpu_temp_c,downstream-gpu-worker-0,0,NVIDIA L4,suse-ai,38.7
1788037860,gpu_util_pct,downstream-gpu-worker-0,0,NVIDIA L4,suse-ai,0
1788037860,tensor_active_fraction,downstream-gpu-worker-0,0,NVIDIA L4,suse-ai,0.038
1788037860,fb_used_mib,downstream-gpu-worker-0,0,NVIDIA L4,suse-ai,2036
1788037860,power_usage_w,downstream-gpu-worker-0,0,NVIDIA L4,suse-ai,31.8
1788037860,gpu_temp_c,downstream-gpu-worker-0,0,NVIDIA L4,suse-ai,33.4
1788037920,gpu_util_pct,downstream-gpu-worker-0,0,NVIDIA L4,suse-ai,16
1788037920,tensor_active_fraction,downstream-gpu-worker-0,0,NVIDIA L4,suse-ai,0.103
1788037920,fb_used_mib,downstream-gpu-worker-0,0,NVIDIA L4,suse-ai,4725
1788037920,power_usage_w,downstream-gpu-worker-0,0,NVIDIA L4,suse-ai,37.0
1788037920,gpu_temp_c,downstream-gpu-worker-0,0,NVIDIA L4,suse-ai,37.9
1788037980,gpu_util_pct,downstream-gpu-worker-0,0,NVIDIA L4,suse-ai,15
1788037980,tensor_active_fraction,downstream-gpu-worker-0,0,NVIDIA L4,suse-ai,0.069
1788037980,fb_used_mib,downstream-gpu-worker-0,0,NVIDIA L4,suse-ai,4402
1788037980,power_usage_w,downstream-gpu-worker-0,0,NVIDIA L4,suse-ai,38.7
1788037980,gpu_temp_c,downstream-gpu-worker-0,0,NVIDIA L4,suse-ai,40.0
1788038040,gpu_util_pct,downstream-gpu-worker-0,0,NVIDIA L4,suse-ai,39
1788038040,tensor_active_fraction,downstream-gpu-worker-0,0,NVIDIA L4,suse-ai,0.27
1788038040,fb_used_mib,downstream-gpu-worker-0,0,NVIDIA L4,suse-ai,8325
1788038040,power_usage_w,downstream-gpu-worker-0,0,NVIDIA L4,suse-ai,49.5
1788038040,gpu_temp_c,downstream-gpu-worker-0,0,NVIDIA L4,suse-ai,46.2
1788038100,gpu_util_pct,downstream-gpu-worker-0,0,NVIDIA L4,suse-ai,52
1788038100,tensor_active_fraction,downstream-gpu-worker-0,0,NVIDIA L4,suse-ai,0.368
1788038100,fb_used_mib,downstream-gpu-worker-0,0,NVIDIA L4,suse-ai,11102
1788038100,power_usage_w,downstream-gpu-worker-0,0,NVIDIA L4,suse-ai,58.9
1788038100,gpu_temp_c,downstream-gpu-worker-0,0,NVIDIA L4,suse-ai,51.8
1788038160,gpu_util_pct,downstream-gpu-worker-0,0,NVIDIA L4,suse-ai,42
1788038160,tensor_active_fraction,downstream-gpu-worker-0,0,NVIDIA L4,suse-ai,0.375
1788038160,fb_used_mib,downstream-gpu-worker-0,0,NVIDIA L4,suse-ai,9877
1788038160,power_usage_w,downstream-gpu-worker-0,0,NVIDIA L4,suse-ai,55.5
1788038160,gpu_temp_c,downstream-gpu-worker-0,0,NVIDIA L4,suse-ai,47.8
1788038220,gpu_util_pct,downstream-gpu-worker-0,0,NVIDIA L4,suse-ai,23
1788038220,tensor_active_fraction,downstream-gpu-worker-0,0,NVIDIA L4,suse-ai,0.19
1788038220,fb_used_mib,downstream-gpu-worker-0,0,NVIDIA L4,suse-ai,6257
1788038220,power_usage_w,downstream-gpu-worker-0,0,NVIDIA L4,suse-ai,47.2
1788038220,gpu_temp_c,downstream-gpu-worker-0,0,NVIDIA L4,suse-ai,42.3
1788038280,gpu_util_pct,downstream-gpu-worker-0,0,NVIDIA L4,suse-ai,55
1788038280,tensor_active_fraction,downstream-gpu-worker-0,0,NVIDIA L4,suse-ai,0.382
1788038280,fb_used_mib,downstream-gpu-worker-0,0,NVIDIA L4,suse-ai,11249
1788038280,power_usage_w,downstream-gpu-worker-0,0,NVIDIA L4,suse-ai,58.2
1788038280,gpu_temp_c,downstream-gpu-worker-0,0,NVIDIA L4,suse-ai,49.5
1788038340,gpu_util_pct,downstream-gpu-worker-0,0,NVIDIA L4,suse-ai,60
1788038340,tensor_active_fraction,downstream-gpu-worker-0,0,NVIDIA L4,suse-ai,0.463
1788038340,fb_used_mib,downstream-gpu-worker-0,0,NVIDIA L4,suse-ai,11943
1788038340,power_usage_w,downstream-gpu-worker-0,0,NVIDIA L4,suse-ai,62.1
1788038340,gpu_temp_c,downstream-gpu-worker-0,0,NVIDIA L4,suse-ai,50.2
1788038400,gpu_util_pct,downstream-gpu-worker-0,0,NVIDIA L4,suse-ai,33
1788038400,tensor_active_fraction,downstream-gpu-worker-0,0,NVIDIA L4,suse-ai,0.277
1788038400,fb_used_mib,downstream-gpu-worker-0,0,NVIDIA L4,suse-ai,8887
1788038400,power_usage_w,downstream-gpu-worker-0,0,NVIDIA L4,suse-ai,54.2
1788038400,gpu_temp_c,downstream-gpu-worker-0,0,NVIDIA L4,suse-ai,44.2
1788038460,gpu_util_pct,downstream-gpu-worker-0,0,NVIDIA L4,suse-ai,75
1788038460,tensor_active_fraction,downstream-gpu-worker-0,0,NVIDIA L4,suse-ai,0.632
1788038460,fb_used_mib,downstream-gpu-worker-0,0,NVIDIA L4,suse-ai,15104
1788038460,power_usage_w,downstream-gpu-worker-0,0,NVIDIA L4,suse-ai,74.2
1788038460,gpu_temp_c,downstream-gpu-worker-0,0,NVIDIA L4,suse-ai,57.8
1788038520,gpu_util_pct,downstream-gpu-worker-0,0,NVIDIA L4,suse-ai,48
1788038520,tensor_active_fraction,downstream-gpu-worker-0,0,NVIDIA L4,suse-ai,0.34
1788038520,fb_used_mib,downstream-gpu-worker-0,0,NVIDIA L4,suse-ai,10308
1788038520,power_usage_w,downstream-gpu-worker-0,0,NVIDIA L4,suse-ai,56.5
1788038520,gpu_temp_c,downstream-gpu-worker-0,0,NVIDIA L4,suse-ai,50.5
1788038580,gpu_util_pct,downstream-gpu-worker-0,0,NVIDIA L4,suse-ai,0
1788038580,tensor_active_fraction,downstream-gpu-worker-0,0,NVIDIA L4,suse-ai,0.003
1788038580,fb_used_mib,downstream-gpu-worker-0,0,NVIDIA L4,suse-ai,1938
1788038580,power_usage_w,downstream-gpu-worker-0,0,NVIDIA L4,suse-ai,33.0
1788038580,gpu_temp_c,downstream-gpu-worker-0,0,NVIDIA L4,suse-ai,35.6
1788038640,gpu_util_pct,downstream-gpu-worker-0,0,NVIDIA L4,suse-ai,76
1788038640,tensor_active_fraction,downstream-gpu-worker-0,0,NVIDIA L4,suse-ai,0.614
1788038640,fb_used_mib,downstream-gpu-worker-0,0,NVIDIA L4,suse-ai,14891
1788038640,power_usage_w,downstream-gpu-worker-0,0,NVIDIA L4,suse-ai,70.0
1788038640,gpu_temp_c,downstream-gpu-worker-0,0,NVIDIA L4,suse-ai,56.2
1788038700,gpu_util_pct,downstream-gpu-worker-0,0,NVIDIA L4,suse-ai,4
1788038700,tensor_active_fraction,downstream-gpu-worker-0,0,NVIDIA L4,suse-ai,0.026
1788038700,fb_used_mib,downstream-gpu-worker-0,0,NVIDIA L4,suse-ai,2162
1788038700,power_usage_w,downstream-gpu-worker-0,0,NVIDIA L4,suse-ai,28.0
1788038700,gpu_temp_c,downstream-gpu-worker-0,0,NVIDIA L4,suse-ai,34.5
1788038760,gpu_util_pct,downstream-gpu-worker-0,0,NVIDIA L4,suse-ai,0
1788038760,tensor_active_fraction,downstream-gpu-worker-0,0,NVIDIA L4,suse-ai,0.0
1788038760,fb_used_mib,downstream-gpu-worker-0,0,NVIDIA L4,suse-ai,1998
1788038760,power_usage_w,downstream-gpu-worker-0,0,NVIDIA L4,suse-ai,28.0
1788038760,gpu_temp_c,downstream-gpu-worker-0,0,NVIDIA L4,suse-ai,36.9
1788038820,gpu_util_pct,downstream-gpu-worker-0,0,NVIDIA L4,suse-ai,16
1788038820,tensor_active_fraction,downstream-gpu-worker-0,0,NVIDIA L4,suse-ai,0.145
1788038820,fb_used_mib,downstream-gpu-worker-0,0,NVIDIA L4,suse-ai,4660
1788038820,power_usage_w,downstream-gpu-worker-0,0,NVIDIA L4,suse-ai,40.5
1788038820,gpu_temp_c,downstream-gpu-worker-0,0,NVIDIA L4,suse-ai,38.4
1788038880,gpu_util_pct,downstream-gpu-worker-0,0,NVIDIA L4,suse-ai,26
1788038880,tensor_active_fraction,downstream-gpu-worker-0,0,NVIDIA L4,suse-ai,0.177
1788038880,fb_used_mib,downstream-gpu-worker-0,0,NVIDIA L4,suse-ai,7152
1788038880,power_usage_w,downstream-gpu-worker-0,0,NVIDIA L4,suse-ai,46.4
1788038880,gpu_temp_c,downstream-gpu-worker-0,0,NVIDIA L4,suse-ai,45.2
1788038940,gpu_util_pct,downstream-gpu-worker-0,0,NVIDIA L4,suse-ai,77
1788038940,tensor_active_fraction,downstream-gpu-worker-0,0,NVIDIA L4,suse-ai,0.582
1788038940,fb_used_mib,downstream-gpu-worker-0,0,NVIDIA L4,suse-ai,15223
1788038940,power_usage_w,downstream-gpu-worker-0,0,NVIDIA L4,suse-ai,76.2
1788038940,gpu_temp_c,downstream-gpu-worker-0,0,NVIDIA L4,suse-ai,58.3
1788039000,gpu_util_pct,downstream-gpu-worker-0,0,NVIDIA L4,suse-ai,60
1788039000,tensor_active_fraction,downstream-gpu-worker-0,0,NVIDIA L4,suse-ai,0.468
1788039000,fb_used_mib,downstream-gpu-worker-0,0,NVIDIA L4,suse-ai,13623
1788039000,power_usage_w,downstream-gpu-worker-0,0,NVIDIA L4,suse-ai,67.6
1788039000,gpu_temp_c,downstream-gpu-worker-0,0,NVIDIA L4,suse-ai,52.8
1788039060,gpu_util_pct,downstream-gpu-worker-0,0,NVIDIA L4,suse-ai,17
1788039060,tensor_active_fraction,downstream-gpu-worker-0,0,NVIDIA L4,suse-ai,0.11
1788039060,fb_used_mib,downstream-gpu-worker-0,0,NVIDIA L4,suse-ai,4505
1788039060,power_usage_w,downstream-gpu-worker-0,0,NVIDIA L4,suse-ai,38.6
1788039060,gpu_temp_c,downstream-gpu-worker-0,0,NVIDIA L4,suse-ai,38.3
1788039120,gpu_util_pct,downstream-gpu-worker-0,0,NVIDIA L4,suse-ai,37
1788039120,tensor_active_fraction,downstream-gpu-worker-0,0,NVIDIA L4,suse-ai,0.254
1788039120,fb_used_mib,downstream-gpu-worker-0,0,NVIDIA L4,suse-ai,8089
1788039120,power_usage_w,downstream-gpu-worker-0,0,NVIDIA L4,suse-ai,46.8
1788039120,gpu_temp_c,downstream-gpu-worker-0,0,NVIDIA L4,suse-ai,46.0
1788039180,gpu_util_pct,downstream-gpu-worker-0,0,NVIDIA L4,suse-ai,5
1788039180,tensor_active_fraction,downstream-gpu-worker-0,0,NVIDIA L4,suse-ai,0.027
1788039180,fb_used_mib,downstream-gpu-worker-0,0,NVIDIA L4,suse-ai,2837
1788039180,power_usage_w,downstream-gpu-worker-0,0,NVIDIA L4,suse-ai,35.3
1788039180,gpu_temp_c,downstream-gpu-worker-0,0,NVIDIA L4,suse-ai,36.6
1788039240,gpu_util_pct,downstream-gpu-worker-0,0,NVIDIA L4,suse-ai,12
1788039240,tensor_active_fraction,downstream-gpu-worker-0,0,NVIDIA L4,suse-ai,0.07
1788039240,fb_used_mib,downstream-gpu-worker-0,0,NVIDIA L4,suse-ai,3206
1788039240,power_usage_w,downstream-gpu-worker-0,0,NVIDIA L4,suse-ai,31.9
1788039240,gpu_temp_c,downstream-gpu-worker-0,0,NVIDIA L4,suse-ai,38.0
1788039300,gpu_util_pct,downstream-gpu-worker-0,0,NVIDIA L4,suse-ai,4
1788039300,tensor_active_fraction,downstream-gpu-worker-0,0,NVIDIA L4,suse-ai,0.021
1788039300,fb_used_mib,downstream-gpu-worker-0,0,NVIDIA L4,suse-ai,1844
1788039300,power_usage_w,downstream-gpu-worker-0,0,NVIDIA L4,suse-ai,28.7
1788039300,gpu_temp_c,downstream-gpu-worker-0,0,NVIDIA L4,suse-ai,33.5
1788039360,gpu_util_pct,downstream-gpu-worker-0,0,NVIDIA L4,suse-ai,20
1788039360,tensor_active_fraction,downstream-gpu-worker-0,0,NVIDIA L4,suse-ai,0.129
1788039360,fb_used_mib,downstream-gpu-worker-0,0,NVIDIA L4,suse-ai,6031
1788039360,power_usage_w,downstream-gpu-worker-0,0,NVIDIA L4,suse-ai,45.9
1788039360,gpu_temp_c,downstream-gpu-worker-0,0,NVIDIA L4,suse-ai,43.4
1788039420,gpu_util_pct,downstream-gpu-worker-0,0,NVIDIA L4,suse-ai,75
1788039420,tensor_active_fraction,downstream-gpu-worker-0,0,NVIDIA L4,suse-ai,0.63
1788039420,fb_used_mib,downstream-gpu-worker-0,0,NVIDIA L4,suse-ai,16200
1788039420,power_usage_w,downstream-gpu-worker-0,0,NVIDIA L4,suse-ai,78.4
1788039420,gpu_temp_c,downstream-gpu-worker-0,0,NVIDIA L4,suse-ai,57.2
1788039480,gpu_util_pct,downstream-gpu-worker-0,0,NVIDIA L4,suse-ai,58
1788039480,tensor_active_fraction,downstream-gpu-worker-0,0,NVIDIA L4,suse-ai,0.434
1788039480,fb_used_mib,downstream-gpu-worker-0,0,NVIDIA L4,suse-ai,12078
1788039480,power_usage_w,downstream-gpu-worker-0,0,NVIDIA L4,suse-ai,64.7
1788039480,gpu_temp_c,downstream-gpu-worker-0,0,NVIDIA L4,suse-ai,52.9
1788039540,gpu_util_pct,downstream-gpu-worker-0,0,NVIDIA L4,suse-ai,5
1788039540,tensor_active_fraction,downstream-gpu-worker-0,0,NVIDIA L4,suse-ai,0.029
1788039540,fb_used_mib,downstream-gpu-worker-0,0,NVIDIA L4,suse-ai,1850
1788039540,power_usage_w,downstream-gpu-worker-0,0,NVIDIA L4,suse-ai,29.1
1788039540,gpu_temp_c,downstream-gpu-worker-0,0,NVIDIA L4,suse-ai,33.1
1788039600,gpu_util_pct,downstream-gpu-worker-0,0,NVIDIA L4,suse-ai,44
1788039600,tensor_active_fraction,downstream-gpu-worker-0,0,NVIDIA L4,suse-ai,0.423
1788039600,fb_used_mib,downstream-gpu-worker-0,0,NVIDIA L4,suse-ai,10758
1788039600,power_usage_w,downstream-gpu-worker-0,0,NVIDIA L4,suse-ai,59.9
1788039600,gpu_temp_c,downstream-gpu-worker-0,0,NVIDIA L4,suse-ai,47.7
1788039660,gpu_util_pct,downstream-gpu-worker-0,0,NVIDIA L4,suse-ai,26
1788039660,tensor_active_fraction,downstream-gpu-worker-0,0,NVIDIA L4,suse-ai,0.182
1788039660,fb_used_mib,downstream-gpu-worker-0,0,NVIDIA L4,suse-ai,7007
1788039660,power_usage_w,downstream-gpu-worker-0,0,NVIDIA L4,suse-ai,47.5
1788039660,gpu_temp_c,downstream-gpu-worker-0,0,NVIDIA L4,suse-ai,44.3
1788039720,gpu_util_pct,downstream-gpu-worker-0,0,NVIDIA L4,suse-ai,0
1788039720,tensor_active_fraction,downstream-gpu-worker-0,0,NVIDIA L4,suse-ai,0.0
1788039720,fb_used_mib,downstream-gpu-worker-0,0,NVIDIA L4,suse-ai,1905
1788039720,power_usage_w,downstream-gpu-worker-0,0,NVIDIA L4,suse-ai,31.2
1788039720,gpu_temp_c,downstream-gpu-worker-0,0,NVIDIA L4,suse-ai,35.7
1788039780,gpu_util_pct,downstream-gpu-worker-0,0,NVIDIA L4,suse-ai,22
1788039780,tensor_active_fraction,downstream-gpu-worker-0,0,NVIDIA L4,suse-ai,0.21
1788039780,fb_used_mib,downstream-gpu-worker-0,0,NVIDIA L4,suse-ai,5931
1788039780,power_usage_w,downstream-gpu-worker-0,0,NVIDIA L4,suse-ai,45.0
1788039780,gpu_temp_c,downstream-gpu-worker-0,0,NVIDIA L4,suse-ai,42.3
1788039840,gpu_util_pct,downstream-gpu-worker-0,0,NVIDIA L4,suse-ai,4
1788039840,tensor_active_fraction,downstream-gpu-worker-0,0,NVIDIA L4,suse-ai,0.013
1788039840,fb_used_mib,downstream-gpu-worker-0,0,NVIDIA L4,suse-ai,1859
1788039840,power_usage_w,downstream-gpu-worker-0,0,NVIDIA L4,suse-ai,27.7
1788039840,gpu_temp_c,downstream-gpu-worker-0,0,NVIDIA L4,suse-ai,34.6
1788039900,gpu_util_pct,downstream-gpu-worker-0,0,NVIDIA L4,suse-ai,4
1788039900,tensor_active_fraction,downstream-gpu-worker-0,0,NVIDIA L4,suse-ai,0.018
1788039900,fb_used_mib,downstream-gpu-worker-0,0,NVIDIA L4,suse-ai,3004
1788039900,power_usage_w,downstream-gpu-worker-0,0,NVIDIA L4,suse-ai,32.2
1788039900,gpu_temp_c,downstream-gpu-worker-0,0,NVIDIA L4,suse-ai,38.5
1788039960,gpu_util_pct,downstream-gpu-worker-0,0,NVIDIA L4,suse-ai,18
1788039960,tensor_active_fraction,downstream-gpu-worker-0,0,NVIDIA L4,suse-ai,0.161
1788039960,fb_used_mib,downstream-gpu-worker-0,0,NVIDIA L4,suse-ai,5363
1788039960,power_usage_w,downstream-gpu-worker-0,0,NVIDIA L4,suse-ai,38.9
1788039960,gpu_temp_c,downstream-gpu-worker-0,0,NVIDIA L4,suse-ai,40.0
1788040020,gpu_util_pct,downstream-gpu-worker-0,0,NVIDIA L4,suse-ai,0
1788040020,tensor_active_fraction,downstream-gpu-worker-0,0,NVIDIA L4,suse-ai,0.0
1788040020,fb_used_mib,downstream-gpu-worker-0,0,NVIDIA L4,suse-ai,1844
1788040020,power_usage_w,downstream-gpu-worker-0,0,NVIDIA L4,suse-ai,29.2
1788040020,gpu_temp_c,downstream-gpu-worker-0,0,NVIDIA L4,suse-ai,36.8
1788040080,gpu_util_pct,downstream-gpu-worker-0,0,NVIDIA L4,suse-ai,49
1788040080,tensor_active_fraction,downstream-gpu-worker-0,0,NVIDIA L4,suse-ai,0.456
1788040080,fb_used_mib,downstream-gpu-worker-0,0,NVIDIA L4,suse-ai,11234
1788040080,power_usage_w,downstream-gpu-worker-0,0,NVIDIA L4,suse-ai,58.2
1788040080,gpu_temp_c,downstream-gpu-worker-0,0,NVIDIA L4,suse-ai,51.2
1788040140,gpu_util_pct,downstream-gpu-worker-0,0,NVIDIA L4,suse-ai,9
1788040140,tensor_active_fraction,downstream-gpu-worker-0,0,NVIDIA L4,suse-ai,0.069
1788040140,fb_used_mib,downstream-gpu-worker-0,0,NVIDIA L4,suse-ai,4096
1788040140,power_usage_w,downstream-gpu-worker-0,0,NVIDIA L4,suse-ai,36.4
1788040140,gpu_temp_c,downstream-gpu-worker-0,0,NVIDIA L4,suse-ai,37.4
1788040200,gpu_util_pct,downstream-gpu-worker-0,0,NVIDIA L4,suse-ai,27
1788040200,tensor_active_fraction,downstream-gpu-worker-0,0,NVIDIA L4,suse-ai,0.194
1788040200,fb_used_mib,downstream-gpu-worker-0,0,NVIDIA L4,suse-ai,7304
1788040200,power_usage_w,downstream-gpu-worker-0,0,NVIDIA L4,suse-ai,48.6
1788040200,gpu_temp_c,downstream-gpu-worker-0,0,NVIDIA L4,suse-ai,44.8
1788040260,gpu_util_pct,downstream-gpu-worker-0,0,NVIDIA L4,suse-ai,0
1788040260,tensor_active_fraction,downstream-gpu-worker-0,0,NVIDIA L4,suse-ai,0.031
1788040260,fb_used_mib,downstream-gpu-worker-0,0,NVIDIA L4,suse-ai,2097
1788040260,power_usage_w,downstream-gpu-worker-0,0,NVIDIA L4,suse-ai,30.5
1788040260,gpu_temp_c,downstream-gpu-worker-0,0,NVIDIA L4,suse-ai,35.4
1788040320,gpu_util_pct,downstream-gpu-worker-0,0,NVIDIA L4,suse-ai,0
1788040320,tensor_active_fraction,downstream-gpu-worker-0,0,NVIDIA L4,suse-ai,0.029
1788040320,fb_used_mib,downstream-gpu-worker-0,0,NVIDIA L4,suse-ai,2288
1788040320,power_usage_w,downstream-gpu-worker-0,0,NVIDIA L4,suse-ai,29.1
1788040320,gpu_temp_c,downstream-gpu-worker-0,0,NVIDIA L4,suse-ai,36.3
1788040380,gpu_util_pct,downstream-gpu-worker-0,0,NVIDIA L4,suse-ai,36
1788040380,tensor_active_fraction,downstream-gpu-worker-0,0,NVIDIA L4,suse-ai,0.373
1788040380,fb_used_mib,downstream-gpu-worker-0,0,NVIDIA L4,suse-ai,9483
1788040380,power_usage_w,downstream-gpu-worker-0,0,NVIDIA L4,suse-ai,56.3
1788040380,gpu_temp_c,downstream-gpu-worker-0,0,NVIDIA L4,suse-ai,46.0
1788040440,gpu_util_pct,downstream-gpu-worker-0,0,NVIDIA L4,suse-ai,20
1788040440,tensor_active_fraction,downstream-gpu-worker-0,0,NVIDIA L4,suse-ai,0.238
1788040440,fb_used_mib,downstream-gpu-worker-0,0,NVIDIA L4,suse-ai,6418
1788040440,power_usage_w,downstream-gpu-worker-0,0,NVIDIA L4,suse-ai,43.4
1788040440,gpu_temp_c,downstream-gpu-worker-0,0,NVIDIA L4,suse-ai,42.2
1788040500,gpu_util_pct,downstream-gpu-worker-0,0,NVIDIA L4,suse-ai,58
1788040500,tensor_active_fraction,downstream-gpu-worker-0,0,NVIDIA L4,suse-ai,0.426
1788040500,fb_used_mib,downstream-gpu-worker-0,0,NVIDIA L4,suse-ai,12219
1788040500,power_usage_w,downstream-gpu-worker-0,0,NVIDIA L4,suse-ai,64.1
1788040500,gpu_temp_c,downstream-gpu-worker-0,0,NVIDIA L4,suse-ai,53.1
1788040560,gpu_util_pct,downstream-gpu-worker-0,0,NVIDIA L4,suse-ai,74
1788040560,tensor_active_fraction,downstream-gpu-worker-0,0,NVIDIA L4,suse-ai,0.607
1788040560,fb_used_mib,downstream-gpu-worker-0,0,NVIDIA L4,suse-ai,14896
1788040560,power_usage_w,downstream-gpu-worker-0,0,NVIDIA L4,suse-ai,72.0
1788040560,gpu_temp_c,downstream-gpu-worker-0,0,NVIDIA L4,suse-ai,55.9
1788040620,gpu_util_pct,downstream-gpu-worker-0,0,NVIDIA L4,suse-ai,40
1788040620,tensor_active_fraction,downstream-gpu-worker-0,0,NVIDIA L4,suse-ai,0.344
1788040620,fb_used_mib,downstream-gpu-worker-0,0,NVIDIA L4,suse-ai,9877
1788040620,power_usage_w,downstream-gpu-worker-0,0,NVIDIA L4,suse-ai,56.4
1788040620,gpu_temp_c,downstream-gpu-worker-0,0,NVIDIA L4,suse-ai,49.9
1788040680,gpu_util_pct,downstream-gpu-worker-0,0,NVIDIA L4,suse-ai,58
1788040680,tensor_active_fraction,downstream-gpu-worker-0,0,NVIDIA L4,suse-ai,0.465
1788040680,fb_used_mib,downstream-gpu-worker-0,0,NVIDIA L4,suse-ai,13163
1788040680,power_usage_w,downstream-gpu-worker-0,0,NVIDIA L4,suse-ai,65.3
1788040680,gpu_temp_c,downstream-gpu-worker-0,0,NVIDIA L4,suse-ai,55.1
1788040740,gpu_util_pct,downstream-gpu-worker-0,0,NVIDIA L4,suse-ai,5
1788040740,tensor_active_fraction,downstream-gpu-worker-0,0,NVIDIA L4,suse-ai,0.0
1788040740,fb_used_mib,downstream-gpu-worker-0,0,NVIDIA L4,suse-ai,2126
1788040740,power_usage_w,downstream-gpu-worker-0,0,NVIDIA L4,suse-ai,30.0
1788040740,gpu_temp_c,downstream-gpu-worker-0,0,NVIDIA L4,suse-ai,35.1
1788040800,gpu_util_pct,downstream-gpu-worker-0,0,NVIDIA L4,suse-ai,27
1788040800,tensor_active_fraction,downstream-gpu-worker-0,0,NVIDIA L4,suse-ai,0.245
1788040800,fb_used_mib,downstream-gpu-worker-0,0,NVIDIA L4,suse-ai,7663
1788040800,power_usage_w,downstream-gpu-worker-0,0,NVIDIA L4,suse-ai,49.2
1788040800,gpu_temp_c,downstream-gpu-worker-0,0,NVIDIA L4,suse-ai,44.0
1788040860,gpu_util_pct,downstream-gpu-worker-0,0,NVIDIA L4,suse-ai,39
1788040860,tensor_active_fraction,downstream-gpu-worker-0,0,NVIDIA L4,suse-ai,0.282
1788040860,fb_used_mib,downstream-gpu-worker-0,0,NVIDIA L4,suse-ai,9499
1788040860,power_usage_w,downstream-gpu-worker-0,0,NVIDIA L4,suse-ai,55.5
1788040860,gpu_temp_c,downstream-gpu-worker-0,0,NVIDIA L4,suse-ai,45.5
1788040920,gpu_util_pct,downstream-gpu-worker-0,0,NVIDIA L4,suse-ai,76
1788040920,tensor_active_fraction,downstream-gpu-worker-0,0,NVIDIA L4,suse-ai,0.609
1788040920,fb_used_mib,downstream-gpu-worker-0,0,NVIDIA L4,suse-ai,15782
1788040920,power_usage_w,downstream-gpu-worker-0,0,NVIDIA L4,suse-ai,74.2
1788040920,gpu_temp_c,downstream-gpu-worker-0,0,NVIDIA L4,suse-ai,59.2
1788040980,gpu_util_pct,downstream-gpu-worker-0,0,NVIDIA L4,suse-ai,6
1788040980,tensor_active_fraction,downstream-gpu-worker-0,0,NVIDIA L4,suse-ai,0.026
1788040980,fb_used_mib,downstream-gpu-worker-0,0,NVIDIA L4,suse-ai,3340
1788040980,power_usage_w,downstream-gpu-worker-0,0,NVIDIA L4,suse-ai,35.0
1788040980,gpu_temp_c,downstream-gpu-worker-0,0,NVIDIA L4,suse-ai,36.6
1788041040,gpu_util_pct,downstream-gpu-worker-0,0,NVIDIA L4,suse-ai,49
1788041040,tensor_active_fraction,downstream-gpu-worker-0,0,NVIDIA L4,suse-ai,0.338
1788041040,fb_used_mib,downstream-gpu-worker-0,0,NVIDIA L4,suse-ai,9967
1788041040,power_usage_w,downstream-gpu-worker-0,0,NVIDIA L4,suse-ai,59.3
1788041040,gpu_temp_c,downstream-gpu-worker-0,0,NVIDIA L4,suse-ai,46.7
1788041100,gpu_util_pct,downstream-gpu-worker-0,0,NVIDIA L4,suse-ai,87
1788041100,tensor_active_fraction,downstream-gpu-worker-0,0,NVIDIA L4,suse-ai,0.627
1788041100,fb_used_mib,downstream-gpu-worker-0,0,NVIDIA L4,suse-ai,16600
1788041100,power_usage_w,downstream-gpu-worker-0,0,NVIDIA L4,suse-ai,80.1
1788041100,gpu_temp_c,downstream-gpu-worker-0,0,NVIDIA L4,suse-ai,60.1
1788041160,gpu_util_pct,downstream-gpu-worker-0,0,NVIDIA L4,suse-ai,79
1788041160,tensor_active_fraction,downstream-gpu-worker-0,0,NVIDIA L4,suse-ai,0.695
1788041160,fb_used_mib,downstream-gpu-worker-0,0,NVIDIA L4,suse-ai,16776
1788041160,power_usage_w,downstream-gpu-worker-0,0,NVIDIA L4,suse-ai,77.3
1788041160,gpu_temp_c,downstream-gpu-worker-0,0,NVIDIA L4,suse-ai,57.9
1788041220,gpu_util_pct,downstream-gpu-worker-0,0,NVIDIA L4,suse-ai,71
1788041220,tensor_active_fraction,downstream-gpu-worker-0,0,NVIDIA L4,suse-ai,0.635
1788041220,fb_used_mib,downstream-gpu-worker-0,0,NVIDIA L4,suse-ai,15248
1788041220,power_usage_w,downstream-gpu-worker-0,0,NVIDIA L4,suse-ai,71.1
1788041220,gpu_temp_c,downstream-gpu-worker-0,0,NVIDIA L4,suse-ai,56.4
1788041280,gpu_util_pct,downstream-gpu-worker-0,0,NVIDIA L4,suse-ai,53
1788041280,tensor_active_fraction,downstream-gpu-worker-0,0,NVIDIA L4,suse-ai,0.417
1788041280,fb_used_mib,downstream-gpu-worker-0,0,NVIDIA L4,suse-ai,11728
1788041280,power_usage_w,downstream-gpu-worker-0,0,NVIDIA L4,suse-ai,64.0
1788041280,gpu_temp_c,downstream-gpu-worker-0,0,NVIDIA L4,suse-ai,53.0
1788041340,gpu_util_pct,downstream-gpu-worker-0,0,NVIDIA L4,suse-ai,79
1788041340,tensor_active_fraction,downstream-gpu-worker-0,0,NVIDIA L4,suse-ai,0.646
1788041340,fb_used_mib,downstream-gpu-worker-0,0,NVIDIA L4,suse-ai,16109
1788041340,power_usage_w,downstream-gpu-worker-0,0,NVIDIA L4,suse-ai,79.5
1788041340,gpu_temp_c,downstream-gpu-worker-0,0,NVIDIA L4,suse-ai,57.4
1788041400,gpu_util_pct,downstream-gpu-worker-0,0,NVIDIA L4,suse-ai,45
1788041400,tensor_active_fraction,downstream-gpu-worker-0,0,NVIDIA L4,suse-ai,0.321
1788041400,fb_used_mib,downstream-gpu-worker-0,0,NVIDIA L4,suse-ai,9865
1788041400,power_usage_w,downstream-gpu-worker-0,0,NVIDIA L4,suse-ai,55.2
1788041400,gpu_temp_c,downstream-gpu-worker-0,0,NVIDIA L4,suse-ai,47.0
1788041460,gpu_util_pct,downstream-gpu-worker-0,0,NVIDIA L4,suse-ai,48
1788041460,tensor_active_fraction,downstream-gpu-worker-0,0,NVIDIA L4,suse-ai,0.344
1788041460,fb_used_mib,downstream-gpu-worker-0,0,NVIDIA L4,suse-ai,9943
1788041460,power_usage_w,downstream-gpu-worker-0,0,NVIDIA L4,suse-ai,57.9
1788041460,gpu_temp_c,downstream-gpu-worker-0,0,NVIDIA L4,suse-ai,48.0
1788041520,gpu_util_pct,downstream-gpu-worker-0,0,NVIDIA L4,suse-ai,0
1788041520,tensor_active_fraction,downstream-gpu-worker-0,0,NVIDIA L4,suse-ai,0.0
1788041520,fb_used_mib,downstream-gpu-worker-0,0,NVIDIA L4,suse-ai,1984
1788041520,power_usage_w,downstream-gpu-worker-0,0,NVIDIA L4,suse-ai,31.9
1788041520,gpu_temp_c,downstream-gpu-worker-0,0,NVIDIA L4,suse-ai,33.7
1788041580,gpu_util_pct,downstream-gpu-worker-0,0,NVIDIA L4,suse-ai,42
1788041580,tensor_active_fraction,downstream-gpu-worker-0,0,NVIDIA L4,suse-ai,0.269
1788041580,fb_used_mib,downstream-gpu-worker-0,0,NVIDIA L4,suse-ai,8695
1788041580,power_usage_w,downstream-gpu-worker-0,0,NVIDIA L4,suse-ai,51.5
1788041580,gpu_temp_c,downstream-gpu-worker-0,0,NVIDIA L4,suse-ai,47.8
1788041640,gpu_util_pct,downstream-gpu-worker-0,0,NVIDIA L4,suse-ai,67
1788041640,tensor_active_fraction,downstream-gpu-worker-0,0,NVIDIA L4,suse-ai,0.489
1788041640,fb_used_mib,downstream-gpu-worker-0,0,NVIDIA L4,suse-ai,13572
1788041640,power_usage_w,downstream-gpu-worker-0,0,NVIDIA L4,suse-ai,68.6
1788041640,gpu_temp_c,downstream-gpu-worker-0,0,NVIDIA L4,suse-ai,54.3
1788041700,gpu_util_pct,downstream-gpu-worker-0,0,NVIDIA L4,suse-ai,45
1788041700,tensor_active_fraction,downstream-gpu-worker-0,0,NVIDIA L4,suse-ai,0.391
1788041700,fb_used_mib,downstream-gpu-worker-0,0,NVIDIA L4,suse-ai,10148
1788041700,power_usage_w,downstream-gpu-worker-0,0,NVIDIA L4,suse-ai,59.1
1788041700,gpu_temp_c,downstream-gpu-worker-0,0,NVIDIA L4,suse-ai,46.9
1788041760,gpu_util_pct,downstream-gpu-worker-0,0,NVIDIA L4,suse-ai,0
1788041760,tensor_active_fraction,downstream-gpu-worker-0,0,NVIDIA L4,suse-ai,0.0
1788041760,fb_used_mib,downstream-gpu-worker-0,0,NVIDIA L4,suse-ai,1805
1788041760,power_usage_w,downstream-gpu-worker-0,0,NVIDIA L4,suse-ai,32.0
1788041760,gpu_temp_c,downstream-gpu-worker-0,0,NVIDIA L4,suse-ai,36.7
1788041820,gpu_util_pct,downstream-gpu-worker-0,0,NVIDIA L4,suse-ai,3
1788041820,tensor_active_fraction,downstream-gpu-worker-0,0,NVIDIA L4,suse-ai,0.0
1788041820,fb_used_mib,downstream-gpu-worker-0,0,NVIDIA L4,suse-ai,2175
1788041820,power_usage_w,downstream-gpu-worker-0,0,NVIDIA L4,suse-ai,30.6
1788041820,gpu_temp_c,downstream-gpu-worker-0,0,NVIDIA L4,suse-ai,36.2
1788041880,gpu_util_pct,downstream-gpu-worker-0,0,NVIDIA L4,suse-ai,3
1788041880,tensor_active_fraction,downstream-gpu-worker-0,0,NVIDIA L4,suse-ai,0.004
1788041880,fb_used_mib,downstream-gpu-worker-0,0,NVIDIA L4,suse-ai,2127
1788041880,power_usage_w,downstream-gpu-worker-0,0,NVIDIA L4,suse-ai,32.1
1788041880,gpu_temp_c,downstream-gpu-worker-0,0,NVIDIA L4,suse-ai,33.3
1788041940,gpu_util_pct,downstream-gpu-worker-0,0,NVIDIA L4,suse-ai,3
1788041940,tensor_active_fraction,downstream-gpu-worker-0,0,NVIDIA L4,suse-ai,0.039
1788041940,fb_used_mib,downstream-gpu-worker-0,0,NVIDIA L4,suse-ai,2126
1788041940,power_usage_w,downstream-gpu-worker-0,0,NVIDIA L4,suse-ai,28.8
1788041940,gpu_temp_c,downstream-gpu-worker-0,0,NVIDIA L4,suse-ai,34.9
1788042000,gpu_util_pct,downstream-gpu-worker-0,0,NVIDIA L4,suse-ai,2
1788042000,tensor_active_fraction,downstream-gpu-worker-0,0,NVIDIA L4,suse-ai,0.0
1788042000,fb_used_mib,downstream-gpu-worker-0,0,NVIDIA L4,suse-ai,2253
1788042000,power_usage_w,downstream-gpu-worker-0,0,NVIDIA L4,suse-ai,27.9
1788042000,gpu_temp_c,downstream-gpu-worker-0,0,NVIDIA L4,suse-ai,33.6
1788042060,gpu_util_pct,downstream-gpu-worker-0,0,NVIDIA L4,suse-ai,31
1788042060,tensor_active_fraction,downstream-gpu-worker-0,0,NVIDIA L4,suse-ai,0.319
1788042060,fb_used_mib,downstream-gpu-worker-0,0,NVIDIA L4,suse-ai,8268
1788042060,power_usage_w,downstream-gpu-worker-0,0,NVIDIA L4,suse-ai,48.0
1788042060,gpu_temp_c,downstream-gpu-worker-0,0,NVIDIA L4,suse-ai,44.4
1788042120,gpu_util_pct,downstream-gpu-worker-0,0,NVIDIA L4,suse-ai,0
1788042120,tensor_active_fraction,downstream-gpu-worker-0,0,NVIDIA L4,suse-ai,0.0
1788042120,fb_used_mib,downstream-gpu-worker-0,0,NVIDIA L4,suse-ai,1915
1788042120,power_usage_w,downstream-gpu-worker-0,0,NVIDIA L4,suse-ai,32.5
1788042120,gpu_temp_c,downstream-gpu-worker-0,0,NVIDIA L4,suse-ai,35.7
1788042180,gpu_util_pct,downstream-gpu-worker-0,0,NVIDIA L4,suse-ai,53
1788042180,tensor_active_fraction,downstream-gpu-worker-0,0,NVIDIA L4,suse-ai,0.449
1788042180,fb_used_mib,downstream-gpu-worker-0,0,NVIDIA L4,suse-ai,11187
1788042180,power_usage_w,downstream-gpu-worker-0,0,NVIDIA L4,suse-ai,63.6
1788042180,gpu_temp_c,downstream-gpu-worker-0,0,NVIDIA L4,suse-ai,49.2
1788042240,gpu_util_pct,downstream-gpu-worker-0,0,NVIDIA L4,suse-ai,79
1788042240,tensor_active_fraction,downstream-gpu-worker-0,0,NVIDIA L4,suse-ai,0.61
1788042240,fb_used_mib,downstream-gpu-worker-0,0,NVIDIA L4,suse-ai,16618
1788042240,power_usage_w,downstream-gpu-worker-0,0,NVIDIA L4,suse-ai,78.1
1788042240,gpu_temp_c,downstream-gpu-worker-0,0,NVIDIA L4,suse-ai,61.2
1788042300,gpu_util_pct,downstream-gpu-worker-0,0,NVIDIA L4,suse-ai,0
1788042300,tensor_active_fraction,downstream-gpu-worker-0,0,NVIDIA L4,suse-ai,0.0
1788042300,fb_used_mib,downstream-gpu-worker-0,0,NVIDIA L4,suse-ai,1971
1788042300,power_usage_w,downstream-gpu-worker-0,0,NVIDIA L4,suse-ai,29.0
1788042300,gpu_temp_c,downstream-gpu-worker-0,0,NVIDIA L4,suse-ai,33.7
1788042360,gpu_util_pct,downstream-gpu-worker-0,0,NVIDIA L4,suse-ai,25
1788042360,tensor_active_fraction,downstream-gpu-worker-0,0,NVIDIA L4,suse-ai,0.191
1788042360,fb_used_mib,downstream-gpu-worker-0,0,NVIDIA L4,suse-ai,5923
1788042360,power_usage_w,downstream-gpu-worker-0,0,NVIDIA L4,suse-ai,41.6
1788042360,gpu_temp_c,downstream-gpu-worker-0,0,NVIDIA L4,suse-ai,43.0
1788042420,gpu_util_pct,downstream-gpu-worker-0,0,NVIDIA L4,suse-ai,4
1788042420,tensor_active_fraction,downstream-gpu-worker-0,0,NVIDIA L4,suse-ai,0.019
1788042420,fb_used_mib,downstream-gpu-worker-0,0,NVIDIA L4,suse-ai,2619
1788042420,power_usage_w,downstream-gpu-worker-0,0,NVIDIA L4,suse-ai,34.8
1788042420,gpu_temp_c,downstream-gpu-worker-0,0,NVIDIA L4,suse-ai,37.4
1788042480,gpu_util_pct,downstream-gpu-worker-0,0,NVIDIA L4,suse-ai,67
1788042480,tensor_active_fraction,downstream-gpu-worker-0,0,NVIDIA L4,suse-ai,0.551
1788042480,fb_used_mib,downstream-gpu-worker-0,0,NVIDIA L4,suse-ai,13438
1788042480,power_usage_w,downstream-gpu-worker-0,0,NVIDIA L4,suse-ai,65.6
1788042480,gpu_temp_c,downstream-gpu-worker-0,0,NVIDIA L4,suse-ai,52.5
1788042540,gpu_util_pct,downstream-gpu-worker-0,0,NVIDIA L4,suse-ai,27
1788042540,tensor_active_fraction,downstream-gpu-worker-0,0,NVIDIA L4,suse-ai,0.239
1788042540,fb_used_mib,downstream-gpu-worker-0,0,NVIDIA L4,suse-ai,6430
1788042540,power_usage_w,downstream-gpu-worker-0,0,NVIDIA L4,suse-ai,42.0
1788042540,gpu_temp_c,downstream-gpu-worker-0,0,NVIDIA L4,suse-ai,41.9
1788042600,gpu_util_pct,downstream-gpu-worker-0,0,NVIDIA L4,suse-ai,52
1788042600,tensor_active_fraction,downstream-gpu-worker-0,0,NVIDIA L4,suse-ai,0.43
1788042600,fb_used_mib,downstream-gpu-worker-0,0,NVIDIA L4,suse-ai,11923
1788042600,power_usage_w,downstream-gpu-worker-0,0,NVIDIA L4,suse-ai,65.2
1788042600,gpu_temp_c,downstream-gpu-worker-0,0,NVIDIA L4,suse-ai,51.2
1788042660,gpu_util_pct,downstream-gpu-worker-0,0,NVIDIA L4,suse-ai,29
1788042660,tensor_active_fraction,downstream-gpu-worker-0,0,NVIDIA L4,suse-ai,0.282
1788042660,fb_used_mib,downstream-gpu-worker-0,0,NVIDIA L4,suse-ai,7321
1788042660,power_usage_w,downstream-gpu-worker-0,0,NVIDIA L4,suse-ai,48.4
1788042660,gpu_temp_c,downstream-gpu-worker-0,0,NVIDIA L4,suse-ai,42.4
1788042720,gpu_util_pct,downstream-gpu-worker-0,0,NVIDIA L4,suse-ai,85
1788042720,tensor_active_fraction,downstream-gpu-worker-0,0,NVIDIA L4,suse-ai,0.637
1788042720,fb_used_mib,downstream-gpu-worker-0,0,NVIDIA L4,suse-ai,16611
1788042720,power_usage_w,downstream-gpu-worker-0,0,NVIDIA L4,suse-ai,78.9
1788042720,gpu_temp_c,downstream-gpu-worker-0,0,NVIDIA L4,suse-ai,59.3
1788042780,gpu_util_pct,downstream-gpu-worker-0,0,NVIDIA L4,suse-ai,31
1788042780,tensor_active_fraction,downstream-gpu-worker-0,0,NVIDIA L4,suse-ai,0.232
1788042780,fb_used_mib,downstream-gpu-worker-0,0,NVIDIA L4,suse-ai,8237
1788042780,power_usage_w,downstream-gpu-worker-0,0,NVIDIA L4,suse-ai,50.7
1788042780,gpu_temp_c,downstream-gpu-worker-0,0,NVIDIA L4,suse-ai,46.4
1788042840,gpu_util_pct,downstream-gpu-worker-0,0,NVIDIA L4,suse-ai,63
1788042840,tensor_active_fraction,downstream-gpu-worker-0,0,NVIDIA L4,suse-ai,0.486
1788042840,fb_used_mib,downstream-gpu-worker-0,0,NVIDIA L4,suse-ai,13816
1788042840,power_usage_w,downstream-gpu-worker-0,0,NVIDIA L4,suse-ai,67.8
1788042840,gpu_temp_c,downstream-gpu-worker-0,0,NVIDIA L4,suse-ai,56.2
1788042900,gpu_util_pct,downstream-gpu-worker-0,0,NVIDIA L4,suse-ai,14
1788042900,tensor_active_fraction,downstream-gpu-worker-0,0,NVIDIA L4,suse-ai,0.076
1788042900,fb_used_mib,downstream-gpu-worker-0,0,NVIDIA L4,suse-ai,4377
1788042900,power_usage_w,downstream-gpu-worker-0,0,NVIDIA L4,suse-ai,40.9
1788042900,gpu_temp_c,downstream-gpu-worker-0,0,NVIDIA L4,suse-ai,38.7
1788042960,gpu_util_pct,downstream-gpu-worker-0,0,NVIDIA L4,suse-ai,73
1788042960,tensor_active_fraction,downstream-gpu-worker-0,0,NVIDIA L4,suse-ai,0.528
1788042960,fb_used_mib,downstream-gpu-worker-0,0,NVIDIA L4,suse-ai,14678
1788042960,power_usage_w,downstream-gpu-worker-0,0,NVIDIA L4,suse-ai,74.3
1788042960,gpu_temp_c,downstream-gpu-worker-0,0,NVIDIA L4,suse-ai,56.4
1788043020,gpu_util_pct,downstream-gpu-worker-0,0,NVIDIA L4,suse-ai,79
1788043020,tensor_active_fraction,downstream-gpu-worker-0,0,NVIDIA L4,suse-ai,0.612
1788043020,fb_used_mib,downstream-gpu-worker-0,0,NVIDIA L4,suse-ai,16316
1788043020,power_usage_w,downstream-gpu-worker-0,0,NVIDIA L4,suse-ai,79.6
1788043020,gpu_temp_c,downstream-gpu-worker-0,0,NVIDIA L4,suse-ai,57.5
1788043080,gpu_util_pct,downstream-gpu-worker-0,0,NVIDIA L4,suse-ai,49
1788043080,tensor_active_fraction,downstream-gpu-worker-0,0,NVIDIA L4,suse-ai,0.446
1788043080,fb_used_mib,downstream-gpu-worker-0,0,NVIDIA L4,suse-ai,11584
1788043080,power_usage_w,downstream-gpu-worker-0,0,NVIDIA L4,suse-ai,61.2
1788043080,gpu_temp_c,downstream-gpu-worker-0,0,NVIDIA L4,suse-ai,49.1
1788043140,gpu_util_pct,downstream-gpu-worker-0,0,NVIDIA L4,suse-ai,1
1788043140,tensor_active_fraction,downstream-gpu-worker-0,0,NVIDIA L4,suse-ai,0.0
1788043140,fb_used_mib,downstream-gpu-worker-0,0,NVIDIA L4,suse-ai,2038
1788043140,power_usage_w,downstream-gpu-worker-0,0,NVIDIA L4,suse-ai,27.9
1788043140,gpu_temp_c,downstream-gpu-worker-0,0,NVIDIA L4,suse-ai,33.6
1788043200,gpu_util_pct,downstream-gpu-worker-0,0,NVIDIA L4,suse-ai,18
1788043200,tensor_active_fraction,downstream-gpu-worker-0,0,NVIDIA L4,suse-ai,0.114
1788043200,fb_used_mib,downstream-gpu-worker-0,0,NVIDIA L4,suse-ai,5789
1788043200,power_usage_w,downstream-gpu-worker-0,0,NVIDIA L4,suse-ai,41.7
1788043200,gpu_temp_c,downstream-gpu-worker-0,0,NVIDIA L4,suse-ai,42.2
1788043260,gpu_util_pct,downstream-gpu-worker-0,0,NVIDIA L4,suse-ai,26
1788043260,tensor_active_fraction,downstream-gpu-worker-0,0,NVIDIA L4,suse-ai,0.236
1788043260,fb_used_mib,downstream-gpu-worker-0,0,NVIDIA L4,suse-ai,7431
1788043260,power_usage_w,downstream-gpu-worker-0,0,NVIDIA L4,suse-ai,47.3
1788043260,gpu_temp_c,downstream-gpu-worker-0,0,NVIDIA L4,suse-ai,44.6
1788043320,gpu_util_pct,downstream-gpu-worker-0,0,NVIDIA L4,suse-ai,30
1788043320,tensor_active_fraction,downstream-gpu-worker-0,0,NVIDIA L4,suse-ai,0.179
1788043320,fb_used_mib,downstream-gpu-worker-0,0,NVIDIA L4,suse-ai,6967
1788043320,power_usage_w,downstream-gpu-worker-0,0,NVIDIA L4,suse-ai,44.4
1788043320,gpu_temp_c,downstream-gpu-worker-0,0,NVIDIA L4,suse-ai,44.1
1788043380,gpu_util_pct,downstream-gpu-worker-0,0,NVIDIA L4,suse-ai,30
1788043380,tensor_active_fraction,downstream-gpu-worker-0,0,NVIDIA L4,suse-ai,0.229
1788043380,fb_used_mib,downstream-gpu-worker-0,0,NVIDIA L4,suse-ai,7879
1788043380,power_usage_w,downstream-gpu-worker-0,0,NVIDIA L4,suse-ai,49.3
1788043380,gpu_temp_c,downstream-gpu-worker-0,0,NVIDIA L4,suse-ai,46.7
1788043440,gpu_util_pct,downstream-gpu-worker-0,0,NVIDIA L4,suse-ai,31
1788043440,tensor_active_fraction,downstream-gpu-worker-0,0,NVIDIA L4,suse-ai,0.206
1788043440,fb_used_mib,downstream-gpu-worker-0,0,NVIDIA L4,suse-ai,7198
1788043440,power_usage_w,downstream-gpu-worker-0,0,NVIDIA L4,suse-ai,46.1
1788043440,gpu_temp_c,downstream-gpu-worker-0,0,NVIDIA L4,suse-ai,42.5
1788043500,gpu_util_pct,downstream-gpu-worker-0,0,NVIDIA L4,suse-ai,40
1788043500,tensor_active_fraction,downstream-gpu-worker-0,0,NVIDIA L4,suse-ai,0.297
1788043500,fb_used_mib,downstream-gpu-worker-0,0,NVIDIA L4,suse-ai,9545
1788043500,power_usage_w,downstream-gpu-worker-0,0,NVIDIA L4,suse-ai,58.0
1788043500,gpu_temp_c,downstream-gpu-worker-0,0,NVIDIA L4,suse-ai,48.6
1788043560,gpu_util_pct,downstream-gpu-worker-0,0,NVIDIA L4,suse-ai,23
1788043560,tensor_active_fraction,downstream-gpu-worker-0,0,NVIDIA L4,suse-ai,0.207
1788043560,fb_used_mib,downstream-gpu-worker-0,0,NVIDIA L4,suse-ai,7018
1788043560,power_usage_w,downstream-gpu-worker-0,0,NVIDIA L4,suse-ai,49.2
1788043560,gpu_temp_c,downstream-gpu-worker-0,0,NVIDIA L4,suse-ai,43.6
1788043620,gpu_util_pct,downstream-gpu-worker-0,0,NVIDIA L4,suse-ai,20
1788043620,tensor_active_fraction,downstream-gpu-worker-0,0,NVIDIA L4,suse-ai,0.14
1788043620,fb_used_mib,downstream-gpu-worker-0,0,NVIDIA L4,suse-ai,5273
1788043620,power_usage_w,downstream-gpu-worker-0,0,NVIDIA L4,suse-ai,40.1
1788043620,gpu_temp_c,downstream-gpu-worker-0,0,NVIDIA L4,suse-ai,39.9
1788043680,gpu_util_pct,downstream-gpu-worker-0,0,NVIDIA L4,suse-ai,16
1788043680,tensor_active_fraction,downstream-gpu-worker-0,0,NVIDIA L4,suse-ai,0.129
1788043680,fb_used_mib,downstream-gpu-worker-0,0,NVIDIA L4,suse-ai,4983
1788043680,power_usage_w,downstream-gpu-worker-0,0,NVIDIA L4,suse-ai,37.9
1788043680,gpu_temp_c,downstream-gpu-worker-0,0,NVIDIA L4,suse-ai,39.6
1788043740,gpu_util_pct,downstream-gpu-worker-0,0,NVIDIA L4,suse-ai,37
1788043740,tensor_active_fraction,downstream-gpu-worker-0,0,NVIDIA L4,suse-ai,0.279
1788043740,fb_used_mib,downstream-gpu-worker-0,0,NVIDIA L4,suse-ai,8733
1788043740,power_usage_w,downstream-gpu-worker-0,0,NVIDIA L4,suse-ai,50.5
1788043740,gpu_temp_c,downstream-gpu-worker-0,0,NVIDIA L4,suse-ai,45.3
1788043800,gpu_util_pct,downstream-gpu-worker-0,0,NVIDIA L4,suse-ai,20
1788043800,tensor_active_fraction,downstream-gpu-worker-0,0,NVIDIA L4,suse-ai,0.093
1788043800,fb_used_mib,downstream-gpu-worker-0,0,NVIDIA L4,suse-ai,4684
1788043800,power_usage_w,downstream-gpu-worker-0,0,NVIDIA L4,suse-ai,41.9
1788043800,gpu_temp_c,downstream-gpu-worker-0,0,NVIDIA L4,suse-ai,38.6
1788043860,gpu_util_pct,downstream-gpu-worker-0,0,NVIDIA L4,suse-ai,18
1788043860,tensor_active_fraction,downstream-gpu-worker-0,0,NVIDIA L4,suse-ai,0.096
1788043860,fb_used_mib,downstream-gpu-worker-0,0,NVIDIA L4,suse-ai,5372
1788043860,power_usage_w,downstream-gpu-worker-0,0,NVIDIA L4,suse-ai,40.5
1788043860,gpu_temp_c,downstream-gpu-worker-0,0,NVIDIA L4,suse-ai,38.5
1788043920,gpu_util_pct,downstream-gpu-worker-0,0,NVIDIA L4,suse-ai,16
1788043920,tensor_active_fraction,downstream-gpu-worker-0,0,NVIDIA L4,suse-ai,0.19
1788043920,fb_used_mib,downstream-gpu-worker-0,0,NVIDIA L4,suse-ai,5304
1788043920,power_usage_w,downstream-gpu-worker-0,0,NVIDIA L4,suse-ai,43.4
1788043920,gpu_temp_c,downstream-gpu-worker-0,0,NVIDIA L4,suse-ai,40.3
1788043980,gpu_util_pct,downstream-gpu-worker-0,0,NVIDIA L4,suse-ai,23
1788043980,tensor_active_fraction,downstream-gpu-worker-0,0,NVIDIA L4,suse-ai,0.181
1788043980,fb_used_mib,downstream-gpu-worker-0,0,NVIDIA L4,suse-ai,6242
1788043980,power_usage_w,downstream-gpu-worker-0,0,NVIDIA L4,suse-ai,45.7
1788043980,gpu_temp_c,downstream-gpu-worker-0,0,NVIDIA L4,suse-ai,41.6
1788044040,gpu_util_pct,downstream-gpu-worker-0,0,NVIDIA L4,suse-ai,42
1788044040,tensor_active_fraction,downstream-gpu-worker-0,0,NVIDIA L4,suse-ai,0.337
1788044040,fb_used_mib,downstream-gpu-worker-0,0,NVIDIA L4,suse-ai,9687
1788044040,power_usage_w,downstream-gpu-worker-0,0,NVIDIA L4,suse-ai,52.4
1788044040,gpu_temp_c,downstream-gpu-worker-0,0,NVIDIA L4,suse-ai,48.8
1788044100,gpu_util_pct,downstream-gpu-worker-0,0,NVIDIA L4,suse-ai,33
1788044100,tensor_active_fraction,downstream-gpu-worker-0,0,NVIDIA L4,suse-ai,0.188
1788044100,fb_used_mib,downstream-gpu-worker-0,0,NVIDIA L4,suse-ai,7137
1788044100,power_usage_w,downstream-gpu-worker-0,0,NVIDIA L4,suse-ai,48.7
1788044100,gpu_temp_c,downstream-gpu-worker-0,0,NVIDIA L4,suse-ai,42.1
1788044160,gpu_util_pct,downstream-gpu-worker-0,0,NVIDIA L4,suse-ai,38
1788044160,tensor_active_fraction,downstream-gpu-worker-0,0,NVIDIA L4,suse-ai,0.244
1788044160,fb_used_mib,downstream-gpu-worker-0,0,NVIDIA L4,suse-ai,7989
1788044160,power_usage_w,downstream-gpu-worker-0,0,NVIDIA L4,suse-ai,51.4
1788044160,gpu_temp_c,downstream-gpu-worker-0,0,NVIDIA L4,suse-ai,43.7
1788044220,gpu_util_pct,downstream-gpu-worker-0,0,NVIDIA L4,suse-ai,42
1788044220,tensor_active_fraction,downstream-gpu-worker-0,0,NVIDIA L4,suse-ai,0.295
1788044220,fb_used_mib,downstream-gpu-worker-0,0,NVIDIA L4,suse-ai,8826
1788044220,power_usage_w,downstream-gpu-worker-0,0,NVIDIA L4,suse-ai,52.8
1788044220,gpu_temp_c,downstream-gpu-worker-0,0,NVIDIA L4,suse-ai,46.1
1788044280,gpu_util_pct,downstream-gpu-worker-0,0,NVIDIA L4,suse-ai,38
1788044280,tensor_active_fraction,downstream-gpu-worker-0,0,NVIDIA L4,suse-ai,0.271
1788044280,fb_used_mib,downstream-gpu-worker-0,0,NVIDIA L4,suse-ai,8840
1788044280,power_usage_w,downstream-gpu-worker-0,0,NVIDIA L4,suse-ai,53.8
1788044280,gpu_temp_c,downstream-gpu-worker-0,0,NVIDIA L4,suse-ai,48.3
1788044340,gpu_util_pct,downstream-gpu-worker-0,0,NVIDIA L4,suse-ai,18
1788044340,tensor_active_fraction,downstream-gpu-worker-0,0,NVIDIA L4,suse-ai,0.141
1788044340,fb_used_mib,downstream-gpu-worker-0,0,NVIDIA L4,suse-ai,4667
1788044340,power_usage_w,downstream-gpu-worker-0,0,NVIDIA L4,suse-ai,42.2
1788044340,gpu_temp_c,downstream-gpu-worker-0,0,NVIDIA L4,suse-ai,40.0
1788044400,gpu_util_pct,downstream-gpu-worker-0,0,NVIDIA L4,suse-ai,45
1788044400,tensor_active_fraction,downstream-gpu-worker-0,0,NVIDIA L4,suse-ai,0.407
1788044400,fb_used_mib,downstream-gpu-worker-0,0,NVIDIA L4,suse-ai,9877
1788044400,power_usage_w,downstream-gpu-worker-0,0,NVIDIA L4,suse-ai,53.9
1788044400,gpu_temp_c,downstream-gpu-worker-0,0,NVIDIA L4,suse-ai,49.5
1788044460,gpu_util_pct,downstream-gpu-worker-0,0,NVIDIA L4,suse-ai,28
1788044460,tensor_active_fraction,downstream-gpu-worker-0,0,NVIDIA L4,suse-ai,0.221
1788044460,fb_used_mib,downstream-gpu-worker-0,0,NVIDIA L4,suse-ai,6452
1788044460,power_usage_w,downstream-gpu-worker-0,0,NVIDIA L4,suse-ai,44.3
1788044460,gpu_temp_c,downstream-gpu-worker-0,0,NVIDIA L4,suse-ai,42.0
1788044520,gpu_util_pct,downstream-gpu-worker-0,0,NVIDIA L4,suse-ai,17
1788044520,tensor_active_fraction,downstream-gpu-worker-0,0,NVIDIA L4,suse-ai,0.111
1788044520,fb_used_mib,downstream-gpu-worker-0,0,NVIDIA L4,suse-ai,5498
1788044520,power_usage_w,downstream-gpu-worker-0,0,NVIDIA L4,suse-ai,40.7
1788044520,gpu_temp_c,downstream-gpu-worker-0,0,NVIDIA L4,suse-ai,39.1
1788044580,gpu_util_pct,downstream-gpu-worker-0,0,NVIDIA L4,suse-ai,37
1788044580,tensor_active_fraction,downstream-gpu-worker-0,0,NVIDIA L4,suse-ai,0.344
1788044580,fb_used_mib,downstream-gpu-worker-0,0,NVIDIA L4,suse-ai,8833
1788044580,power_usage_w,downstream-gpu-worker-0,0,NVIDIA L4,suse-ai,53.7
1788044580,gpu_temp_c,downstream-gpu-worker-0,0,NVIDIA L4,suse-ai,45.8
1788044640,gpu_util_pct,downstream-gpu-worker-0,0,NVIDIA L4,suse-ai,48
1788044640,tensor_active_fraction,downstream-gpu-worker-0,0,NVIDIA L4,suse-ai,0.399
1788044640,fb_used_mib,downstream-gpu-worker-0,0,NVIDIA L4,suse-ai,9915
1788044640,power_usage_w,downstream-gpu-worker-0,0,NVIDIA L4,suse-ai,55.6
1788044640,gpu_temp_c,downstream-gpu-worker-0,0,NVIDIA L4,suse-ai,47.3
1788044700,gpu_util_pct,downstream-gpu-worker-0,0,NVIDIA L4,suse-ai,28
1788044700,tensor_active_fraction,downstream-gpu-worker-0,0,NVIDIA L4,suse-ai,0.234
1788044700,fb_used_mib,downstream-gpu-worker-0,0,NVIDIA L4,suse-ai,6832
1788044700,power_usage_w,downstream-gpu-worker-0,0,NVIDIA L4,suse-ai,46.3
1788044700,gpu_temp_c,downstream-gpu-worker-0,0,NVIDIA L4,suse-ai,43.6
1788044760,gpu_util_pct,downstream-gpu-worker-0,0,NVIDIA L4,suse-ai,20
1788044760,tensor_active_fraction,downstream-gpu-worker-0,0,NVIDIA L4,suse-ai,0.181
1788044760,fb_used_mib,downstream-gpu-worker-0,0,NVIDIA L4,suse-ai,6256
1788044760,power_usage_w,downstream-gpu-worker-0,0,NVIDIA L4,suse-ai,46.5
1788044760,gpu_temp_c,downstream-gpu-worker-0,0,NVIDIA L4,suse-ai,44.1
1788044820,gpu_util_pct,downstream-gpu-worker-0,0,NVIDIA L4,suse-ai,19
1788044820,tensor_active_fraction,downstream-gpu-worker-0,0,NVIDIA L4,suse-ai,0.072
1788044820,fb_used_mib,downstream-gpu-worker-0,0,NVIDIA L4,suse-ai,4738
1788044820,power_usage_w,downstream-gpu-worker-0,0,NVIDIA L4,suse-ai,39.9
1788044820,gpu_temp_c,downstream-gpu-worker-0,0,NVIDIA L4,suse-ai,39.6
1788044880,gpu_util_pct,downstream-gpu-worker-0,0,NVIDIA L4,suse-ai,14
1788044880,tensor_active_fraction,downstream-gpu-worker-0,0,NVIDIA L4,suse-ai,0.134
1788044880,fb_used_mib,downstream-gpu-worker-0,0,NVIDIA L4,suse-ai,5314
1788044880,power_usage_w,downstream-gpu-worker-0,0,NVIDIA L4,suse-ai,43.1
1788044880,gpu_temp_c,downstream-gpu-worker-0,0,NVIDIA L4,suse-ai,39.4
1788044940,gpu_util_pct,downstream-gpu-worker-0,0,NVIDIA L4,suse-ai,45
1788044940,tensor_active_fraction,downstream-gpu-worker-0,0,NVIDIA L4,suse-ai,0.327
1788044940,fb_used_mib,downstream-gpu-worker-0,0,NVIDIA L4,suse-ai,9694
1788044940,power_usage_w,downstream-gpu-worker-0,0,NVIDIA L4,suse-ai,55.9
1788044940,gpu_temp_c,downstream-gpu-worker-0,0,NVIDIA L4,suse-ai,49.1
1788045000,gpu_util_pct,downstream-gpu-worker-0,0,NVIDIA L4,suse-ai,13
1788045000,tensor_active_fraction,downstream-gpu-worker-0,0,NVIDIA L4,suse-ai,0.093
1788045000,fb_used_mib,downstream-gpu-worker-0,0,NVIDIA L4,suse-ai,5156
1788045000,power_usage_w,downstream-gpu-worker-0,0,NVIDIA L4,suse-ai,39.3
1788045000,gpu_temp_c,downstream-gpu-worker-0,0,NVIDIA L4,suse-ai,39.7
1788045060,gpu_util_pct,downstream-gpu-worker-0,0,NVIDIA L4,suse-ai,22
1788045060,tensor_active_fraction,downstream-gpu-worker-0,0,NVIDIA L4,suse-ai,0.197
1788045060,fb_used_mib,downstream-gpu-worker-0,0,NVIDIA L4,suse-ai,6826
1788045060,power_usage_w,downstream-gpu-worker-0,0,NVIDIA L4,suse-ai,44.2
1788045060,gpu_temp_c,downstream-gpu-worker-0,0,NVIDIA L4,suse-ai,43.9
1788045120,gpu_util_pct,downstream-gpu-worker-0,0,NVIDIA L4,suse-ai,16
1788045120,tensor_active_fraction,downstream-gpu-worker-0,0,NVIDIA L4,suse-ai,0.137
1788045120,fb_used_mib,downstream-gpu-worker-0,0,NVIDIA L4,suse-ai,5150
1788045120,power_usage_w,downstream-gpu-worker-0,0,NVIDIA L4,suse-ai,37.8
1788045120,gpu_temp_c,downstream-gpu-worker-0,0,NVIDIA L4,suse-ai,38.8
1788045180,gpu_util_pct,downstream-gpu-worker-0,0,NVIDIA L4,suse-ai,37
1788045180,tensor_active_fraction,downstream-gpu-worker-0,0,NVIDIA L4,suse-ai,0.287
1788045180,fb_used_mib,downstream-gpu-worker-0,0,NVIDIA L4,suse-ai,7658
1788045180,power_usage_w,downstream-gpu-worker-0,0,NVIDIA L4,suse-ai,51.3
1788045180,gpu_temp_c,downstream-gpu-worker-0,0,NVIDIA L4,suse-ai,45.9
1788045240,gpu_util_pct,downstream-gpu-worker-0,0,NVIDIA L4,suse-ai,44
1788045240,tensor_active_fraction,downstream-gpu-worker-0,0,NVIDIA L4,suse-ai,0.347
1788045240,fb_used_mib,downstream-gpu-worker-0,0,NVIDIA L4,suse-ai,10267
1788045240,power_usage_w,downstream-gpu-worker-0,0,NVIDIA L4,suse-ai,59.7
1788045240,gpu_temp_c,downstream-gpu-worker-0,0,NVIDIA L4,suse-ai,48.8
1788045300,gpu_util_pct,downstream-gpu-worker-0,0,NVIDIA L4,suse-ai,18
1788045300,tensor_active_fraction,downstream-gpu-worker-0,0,NVIDIA L4,suse-ai,0.133
1788045300,fb_used_mib,downstream-gpu-worker-0,0,NVIDIA L4,suse-ai,5714
1788045300,power_usage_w,downstream-gpu-worker-0,0,NVIDIA L4,suse-ai,40.2
1788045300,gpu_temp_c,downstream-gpu-worker-0,0,NVIDIA L4,suse-ai,42.8
1788045360,gpu_util_pct,downstream-gpu-worker-0,0,NVIDIA L4,suse-ai,27
1788045360,tensor_active_fraction,downstream-gpu-worker-0,0,NVIDIA L4,suse-ai,0.197
1788045360,fb_used_mib,downstream-gpu-worker-0,0,NVIDIA L4,suse-ai,7242
1788045360,power_usage_w,downstream-gpu-worker-0,0,NVIDIA L4,suse-ai,45.1
1788045360,gpu_temp_c,downstream-gpu-worker-0,0,NVIDIA L4,suse-ai,41.7
1788045420,gpu_util_pct,downstream-gpu-worker-0,0,NVIDIA L4,suse-ai,44
1788045420,tensor_active_fraction,downstream-gpu-worker-0,0,NVIDIA L4,suse-ai,0.401
1788045420,fb_used_mib,downstream-gpu-worker-0,0,NVIDIA L4,suse-ai,9896
1788045420,power_usage_w,downstream-gpu-worker-0,0,NVIDIA L4,suse-ai,54.8
1788045420,gpu_temp_c,downstream-gpu-worker-0,0,NVIDIA L4,suse-ai,50.1
1788045480,gpu_util_pct,downstream-gpu-worker-0,0,NVIDIA L4,suse-ai,30
1788045480,tensor_active_fraction,downstream-gpu-worker-0,0,NVIDIA L4,suse-ai,0.263
1788045480,fb_used_mib,downstream-gpu-worker-0,0,NVIDIA L4,suse-ai,7466
1788045480,power_usage_w,downstream-gpu-worker-0,0,NVIDIA L4,suse-ai,47.2
1788045480,gpu_temp_c,downstream-gpu-worker-0,0,NVIDIA L4,suse-ai,45.4
1788045540,gpu_util_pct,downstream-gpu-worker-0,0,NVIDIA L4,suse-ai,36
1788045540,tensor_active_fraction,downstream-gpu-worker-0,0,NVIDIA L4,suse-ai,0.267
1788045540,fb_used_mib,downstream-gpu-worker-0,0,NVIDIA L4,suse-ai,8023
1788045540,power_usage_w,downstream-gpu-worker-0,0,NVIDIA L4,suse-ai,47.7
1788045540,gpu_temp_c,downstream-gpu-worker-0,0,NVIDIA L4,suse-ai,45.7
1788045600,gpu_util_pct,downstream-gpu-worker-0,0,NVIDIA L4,suse-ai,29
1788045600,tensor_active_fraction,downstream-gpu-worker-0,0,NVIDIA L4,suse-ai,0.28
1788045600,fb_used_mib,downstream-gpu-worker-0,0,NVIDIA L4,suse-ai,8052
1788045600,power_usage_w,downstream-gpu-worker-0,0,NVIDIA L4,suse-ai,51.1
1788045600,gpu_temp_c,downstream-gpu-worker-0,0,NVIDIA L4,suse-ai,46.2
1788045660,gpu_util_pct,downstream-gpu-worker-0,0,NVIDIA L4,suse-ai,34
1788045660,tensor_active_fraction,downstream-gpu-worker-0,0,NVIDIA L4,suse-ai,0.349
1788045660,fb_used_mib,downstream-gpu-worker-0,0,NVIDIA L4,suse-ai,9137
1788045660,power_usage_w,downstream-gpu-worker-0,0,NVIDIA L4,suse-ai,53.2
1788045660,gpu_temp_c,downstream-gpu-worker-0,0,NVIDIA L4,suse-ai,45.9
1788045720,gpu_util_pct,downstream-gpu-worker-0,0,NVIDIA L4,suse-ai,43
1788045720,tensor_active_fraction,downstream-gpu-worker-0,0,NVIDIA L4,suse-ai,0.304
1788045720,fb_used_mib,downstream-gpu-worker-0,0,NVIDIA L4,suse-ai,9460
1788045720,power_usage_w,downstream-gpu-worker-0,0,NVIDIA L4,suse-ai,57.5
1788045720,gpu_temp_c,downstream-gpu-worker-0,0,NVIDIA L4,suse-ai,49.1
1788045780,gpu_util_pct,downstream-gpu-worker-0,0,NVIDIA L4,suse-ai,45
1788045780,tensor_active_fraction,downstream-gpu-worker-0,0,NVIDIA L4,suse-ai,0.362
1788045780,fb_used_mib,downstream-gpu-worker-0,0,NVIDIA L4,suse-ai,9859
1788045780,power_usage_w,downstream-gpu-worker-0,0,NVIDIA L4,suse-ai,53.3
1788045780,gpu_temp_c,downstream-gpu-worker-0,0,NVIDIA L4,suse-ai,49.0
1788045840,gpu_util_pct,downstream-gpu-worker-0,0,NVIDIA L4,suse-ai,20
1788045840,tensor_active_fraction,downstream-gpu-worker-0,0,NVIDIA L4,suse-ai,0.172
1788045840,fb_used_mib,downstream-gpu-worker-0,0,NVIDIA L4,suse-ai,5304
1788045840,power_usage_w,downstream-gpu-worker-0,0,NVIDIA L4,suse-ai,39.2
1788045840,gpu_temp_c,downstream-gpu-worker-0,0,NVIDIA L4,suse-ai,39.3
1788045900,gpu_util_pct,downstream-gpu-worker-0,0,NVIDIA L4,suse-ai,20
1788045900,tensor_active_fraction,downstream-gpu-worker-0,0,NVIDIA L4,suse-ai,0.191
1788045900,fb_used_mib,downstream-gpu-worker-0,0,NVIDIA L4,suse-ai,5222
1788045900,power_usage_w,downstream-gpu-worker-0,0,NVIDIA L4,suse-ai,40.1
1788045900,gpu_temp_c,downstream-gpu-worker-0,0,NVIDIA L4,suse-ai,39.7
1788045960,gpu_util_pct,downstream-gpu-worker-0,0,NVIDIA L4,suse-ai,26
1788045960,tensor_active_fraction,downstream-gpu-worker-0,0,NVIDIA L4,suse-ai,0.143
1788045960,fb_used_mib,downstream-gpu-worker-0,0,NVIDIA L4,suse-ai,6062
1788045960,power_usage_w,downstream-gpu-worker-0,0,NVIDIA L4,suse-ai,46.5
1788045960,gpu_temp_c,downstream-gpu-worker-0,0,NVIDIA L4,suse-ai,41.4
1788046020,gpu_util_pct,downstream-gpu-worker-0,0,NVIDIA L4,suse-ai,28
1788046020,tensor_active_fraction,downstream-gpu-worker-0,0,NVIDIA L4,suse-ai,0.187
1788046020,fb_used_mib,downstream-gpu-worker-0,0,NVIDIA L4,suse-ai,6555
1788046020,power_usage_w,downstream-gpu-worker-0,0,NVIDIA L4,suse-ai,43.6
1788046020,gpu_temp_c,downstream-gpu-worker-0,0,NVIDIA L4,suse-ai,44.0
1788046080,gpu_util_pct,downstream-gpu-worker-0,0,NVIDIA L4,suse-ai,27
1788046080,tensor_active_fraction,downstream-gpu-worker-0,0,NVIDIA L4,suse-ai,0.232
1788046080,fb_used_mib,downstream-gpu-worker-0,0,NVIDIA L4,suse-ai,6976
1788046080,power_usage_w,downstream-gpu-worker-0,0,NVIDIA L4,suse-ai,46.7
1788046080,gpu_temp_c,downstream-gpu-worker-0,0,NVIDIA L4,suse-ai,42.7
1788046140,gpu_util_pct,downstream-gpu-worker-0,0,NVIDIA L4,suse-ai,38
1788046140,tensor_active_fraction,downstream-gpu-worker-0,0,NVIDIA L4,suse-ai,0.304
1788046140,fb_used_mib,downstream-gpu-worker-0,0,NVIDIA L4,suse-ai,8608
1788046140,power_usage_w,downstream-gpu-worker-0,0,NVIDIA L4,suse-ai,54.4
1788046140,gpu_temp_c,downstream-gpu-worker-0,0,NVIDIA L4,suse-ai,47.5
1788046200,gpu_util_pct,downstream-gpu-worker-0,0,NVIDIA L4,suse-ai,10
1788046200,tensor_active_fraction,downstream-gpu-worker-0,0,NVIDIA L4,suse-ai,0.147
1788046200,fb_used_mib,downstream-gpu-worker-0,0,NVIDIA L4,suse-ai,4386
1788046200,power_usage_w,downstream-gpu-worker-0,0,NVIDIA L4,suse-ai,35.6
1788046200,gpu_temp_c,downstream-gpu-worker-0,0,NVIDIA L4,suse-ai,41.0
1788046260,gpu_util_pct,downstream-gpu-worker-0,0,NVIDIA L4,suse-ai,17
1788046260,tensor_active_fraction,downstream-gpu-worker-0,0,NVIDIA L4,suse-ai,0.126
1788046260,fb_used_mib,downstream-gpu-worker-0,0,NVIDIA L4,suse-ai,4582
1788046260,power_usage_w,downstream-gpu-worker-0,0,NVIDIA L4,suse-ai,39.3
1788046260,gpu_temp_c,downstream-gpu-worker-0,0,NVIDIA L4,suse-ai,39.3
1788046320,gpu_util_pct,downstream-gpu-worker-0,0,NVIDIA L4,suse-ai,44
1788046320,tensor_active_fraction,downstream-gpu-worker-0,0,NVIDIA L4,suse-ai,0.373
1788046320,fb_used_mib,downstream-gpu-worker-0,0,NVIDIA L4,suse-ai,9487
1788046320,power_usage_w,downstream-gpu-worker-0,0,NVIDIA L4,suse-ai,57.0
1788046320,gpu_temp_c,downstream-gpu-worker-0,0,NVIDIA L4,suse-ai,47.9
1788046380,gpu_util_pct,downstream-gpu-worker-0,0,NVIDIA L4,suse-ai,18
1788046380,tensor_active_fraction,downstream-gpu-worker-0,0,NVIDIA L4,suse-ai,0.161
1788046380,fb_used_mib,downstream-gpu-worker-0,0,NVIDIA L4,suse-ai,4547
1788046380,power_usage_w,downstream-gpu-worker-0,0,NVIDIA L4,suse-ai,40.5
1788046380,gpu_temp_c,downstream-gpu-worker-0,0,NVIDIA L4,suse-ai,39.2
1788046440,gpu_util_pct,downstream-gpu-worker-0,0,NVIDIA L4,suse-ai,48
1788046440,tensor_active_fraction,downstream-gpu-worker-0,0,NVIDIA L4,suse-ai,0.401
1788046440,fb_used_mib,downstream-gpu-worker-0,0,NVIDIA L4,suse-ai,10333
1788046440,power_usage_w,downstream-gpu-worker-0,0,NVIDIA L4,suse-ai,60.6
1788046440,gpu_temp_c,downstream-gpu-worker-0,0,NVIDIA L4,suse-ai,50.1
1788046500,gpu_util_pct,downstream-gpu-worker-0,0,NVIDIA L4,suse-ai,28
1788046500,tensor_active_fraction,downstream-gpu-worker-0,0,NVIDIA L4,suse-ai,0.258
1788046500,fb_used_mib,downstream-gpu-worker-0,0,NVIDIA L4,suse-ai,7378
1788046500,power_usage_w,downstream-gpu-worker-0,0,NVIDIA L4,suse-ai,50.6
1788046500,gpu_temp_c,downstream-gpu-worker-0,0,NVIDIA L4,suse-ai,45.7
1788046560,gpu_util_pct,downstream-gpu-worker-0,0,NVIDIA L4,suse-ai,32
1788046560,tensor_active_fraction,downstream-gpu-worker-0,0,NVIDIA L4,suse-ai,0.338
1788046560,fb_used_mib,downstream-gpu-worker-0,0,NVIDIA L4,suse-ai,8492
1788046560,power_usage_w,downstream-gpu-worker-0,0,NVIDIA L4,suse-ai,49.4
1788046560,gpu_temp_c,downstream-gpu-worker-0,0,NVIDIA L4,suse-ai,47.3
1788046620,gpu_util_pct,downstream-gpu-worker-0,0,NVIDIA L4,suse-ai,44
1788046620,tensor_active_fraction,downstream-gpu-worker-0,0,NVIDIA L4,suse-ai,0.377
1788046620,fb_used_mib,downstream-gpu-worker-0,0,NVIDIA L4,suse-ai,9857
1788046620,power_usage_w,downstream-gpu-worker-0,0,NVIDIA L4,suse-ai,54.5
1788046620,gpu_temp_c,downstream-gpu-worker-0,0,NVIDIA L4,suse-ai,48.5
1788046680,gpu_util_pct,downstream-gpu-worker-0,0,NVIDIA L4,suse-ai,28
1788046680,tensor_active_fraction,downstream-gpu-worker-0,0,NVIDIA L4,suse-ai,0.206
1788046680,fb_used_mib,downstream-gpu-worker-0,0,NVIDIA L4,suse-ai,6924
1788046680,power_usage_w,downstream-gpu-worker-0,0,NVIDIA L4,suse-ai,45.6
1788046680,gpu_temp_c,downstream-gpu-worker-0,0,NVIDIA L4,suse-ai,41.3
1788046740,gpu_util_pct,downstream-gpu-worker-0,0,NVIDIA L4,suse-ai,47
1788046740,tensor_active_fraction,downstream-gpu-worker-0,0,NVIDIA L4,suse-ai,0.428
1788046740,fb_used_mib,downstream-gpu-worker-0,0,NVIDIA L4,suse-ai,10602
1788046740,power_usage_w,downstream-gpu-worker-0,0,NVIDIA L4,suse-ai,60.2
1788046740,gpu_temp_c,downstream-gpu-worker-0,0,NVIDIA L4,suse-ai,49.0
1788046800,gpu_util_pct,downstream-gpu-worker-0,0,NVIDIA L4,suse-ai,19
1788046800,tensor_active_fraction,downstream-gpu-worker-0,0,NVIDIA L4,suse-ai,0.152
1788046800,fb_used_mib,downstream-gpu-worker-0,0,NVIDIA L4,suse-ai,6109
1788046800,power_usage_w,downstream-gpu-worker-0,0,NVIDIA L4,suse-ai,41.2
1788046800,gpu_temp_c,downstream-gpu-worker-0,0,NVIDIA L4,suse-ai,40.2
1788046860,gpu_util_pct,downstream-gpu-worker-0,0,NVIDIA L4,suse-ai,32
1788046860,tensor_active_fraction,downstream-gpu-worker-0,0,NVIDIA L4,suse-ai,0.292
1788046860,fb_used_mib,downstream-gpu-worker-0,0,NVIDIA L4,suse-ai,8152
1788046860,power_usage_w,downstream-gpu-worker-0,0,NVIDIA L4,suse-ai,52.0
1788046860,gpu_temp_c,downstream-gpu-worker-0,0,NVIDIA L4,suse-ai,43.6
1788046920,gpu_util_pct,downstream-gpu-worker-0,0,NVIDIA L4,suse-ai,18
1788046920,tensor_active_fraction,downstream-gpu-worker-0,0,NVIDIA L4,suse-ai,0.132
1788046920,fb_used_mib,downstream-gpu-worker-0,0,NVIDIA L4,suse-ai,5846
1788046920,power_usage_w,downstream-gpu-worker-0,0,NVIDIA L4,suse-ai,45.1
1788046920,gpu_temp_c,downstream-gpu-worker-0,0,NVIDIA L4,suse-ai,40.3
1788046980,gpu_util_pct,downstream-gpu-worker-0,0,NVIDIA L4,suse-ai,35
1788046980,tensor_active_fraction,downstream-gpu-worker-0,0,NVIDIA L4,suse-ai,0.328
1788046980,fb_used_mib,downstream-gpu-worker-0,0,NVIDIA L4,suse-ai,8337
1788046980,power_usage_w,downstream-gpu-worker-0,0,NVIDIA L4,suse-ai,48.2
1788046980,gpu_temp_c,downstream-gpu-worker-0,0,NVIDIA L4,suse-ai,46.5
1788047040,gpu_util_pct,downstream-gpu-worker-0,0,NVIDIA L4,suse-ai,52
1788047040,tensor_active_fraction,downstream-gpu-worker-0,0,NVIDIA L4,suse-ai,0.434
1788047040,fb_used_mib,downstream-gpu-worker-0,0,NVIDIA L4,suse-ai,11016
1788047040,power_usage_w,downstream-gpu-worker-0,0,NVIDIA L4,suse-ai,61.4
1788047040,gpu_temp_c,downstream-gpu-worker-0,0,NVIDIA L4,suse-ai,49.1
1788047100,gpu_util_pct,downstream-gpu-worker-0,0,NVIDIA L4,suse-ai,20
1788047100,tensor_active_fraction,downstream-gpu-worker-0,0,NVIDIA L4,suse-ai,0.157
1788047100,fb_used_mib,downstream-gpu-worker-0,0,NVIDIA L4,suse-ai,5139
1788047100,power_usage_w,downstream-gpu-worker-0,0,NVIDIA L4,suse-ai,39.3
1788047100,gpu_temp_c,downstream-gpu-worker-0,0,NVIDIA L4,suse-ai,39.1
1788047160,gpu_util_pct,downstream-gpu-worker-0,0,NVIDIA L4,suse-ai,6
1788047160,tensor_active_fraction,downstream-gpu-worker-0,0,NVIDIA L4,suse-ai,0.048
1788047160,fb_used_mib,downstream-gpu-worker-0,0,NVIDIA L4,suse-ai,3699
1788047160,power_usage_w,downstream-gpu-worker-0,0,NVIDIA L4,suse-ai,39.2
1788047160,gpu_temp_c,downstream-gpu-worker-0,0,NVIDIA L4,suse-ai,39.6
1788047220,gpu_util_pct,downstream-gpu-worker-0,0,NVIDIA L4,suse-ai,17
1788047220,tensor_active_fraction,downstream-gpu-worker-0,0,NVIDIA L4,suse-ai,0.066
1788047220,fb_used_mib,downstream-gpu-worker-0,0,NVIDIA L4,suse-ai,4193
1788047220,power_usage_w,downstream-gpu-worker-0,0,NVIDIA L4,suse-ai,36.4
1788047220,gpu_temp_c,downstream-gpu-worker-0,0,NVIDIA L4,suse-ai,37.6
1788047280,gpu_util_pct,downstream-gpu-worker-0,0,NVIDIA L4,suse-ai,15
1788047280,tensor_active_fraction,downstream-gpu-worker-0,0,NVIDIA L4,suse-ai,0.133
1788047280,fb_used_mib,downstream-gpu-worker-0,0,NVIDIA L4,suse-ai,3936
1788047280,power_usage_w,downstream-gpu-worker-0,0,NVIDIA L4,suse-ai,34.4
1788047280,gpu_temp_c,downstream-gpu-worker-0,0,NVIDIA L4,suse-ai,39.6
1788047340,gpu_util_pct,downstream-gpu-worker-0,0,NVIDIA L4,suse-ai,26
1788047340,tensor_active_fraction,downstream-gpu-worker-0,0,NVIDIA L4,suse-ai,0.222
1788047340,fb_used_mib,downstream-gpu-worker-0,0,NVIDIA L4,suse-ai,6597
1788047340,power_usage_w,downstream-gpu-worker-0,0,NVIDIA L4,suse-ai,45.2
1788047340,gpu_temp_c,downstream-gpu-worker-0,0,NVIDIA L4,suse-ai,44.4
1788047400,gpu_util_pct,downstream-gpu-worker-0,0,NVIDIA L4,suse-ai,35
1788047400,tensor_active_fraction,downstream-gpu-worker-0,0,NVIDIA L4,suse-ai,0.254
1788047400,fb_used_mib,downstream-gpu-worker-0,0,NVIDIA L4,suse-ai,8389
1788047400,power_usage_w,downstream-gpu-worker-0,0,NVIDIA L4,suse-ai,54.0
1788047400,gpu_temp_c,downstream-gpu-worker-0,0,NVIDIA L4,suse-ai,46.4
1788047460,gpu_util_pct,downstream-gpu-worker-0,0,NVIDIA L4,suse-ai,39
1788047460,tensor_active_fraction,downstream-gpu-worker-0,0,NVIDIA L4,suse-ai,0.249
1788047460,fb_used_mib,downstream-gpu-worker-0,0,NVIDIA L4,suse-ai,8394
1788047460,power_usage_w,downstream-gpu-worker-0,0,NVIDIA L4,suse-ai,50.6
1788047460,gpu_temp_c,downstream-gpu-worker-0,0,NVIDIA L4,suse-ai,47.7
1788047520,gpu_util_pct,downstream-gpu-worker-0,0,NVIDIA L4,suse-ai,30
1788047520,tensor_active_fraction,downstream-gpu-worker-0,0,NVIDIA L4,suse-ai,0.278
1788047520,fb_used_mib,downstream-gpu-worker-0,0,NVIDIA L4,suse-ai,8112
1788047520,power_usage_w,downstream-gpu-worker-0,0,NVIDIA L4,suse-ai,48.4
1788047520,gpu_temp_c,downstream-gpu-worker-0,0,NVIDIA L4,suse-ai,45.8
1788047580,gpu_util_pct,downstream-gpu-worker-0,0,NVIDIA L4,suse-ai,32
1788047580,tensor_active_fraction,downstream-gpu-worker-0,0,NVIDIA L4,suse-ai,0.279
1788047580,fb_used_mib,downstream-gpu-worker-0,0,NVIDIA L4,suse-ai,7579
1788047580,power_usage_w,downstream-gpu-worker-0,0,NVIDIA L4,suse-ai,48.2
1788047580,gpu_temp_c,downstream-gpu-worker-0,0,NVIDIA L4,suse-ai,46.1
1788047640,gpu_util_pct,downstream-gpu-worker-0,0,NVIDIA L4,suse-ai,5
1788047640,tensor_active_fraction,downstream-gpu-worker-0,0,NVIDIA L4,suse-ai,0.027
1788047640,fb_used_mib,downstream-gpu-worker-0,0,NVIDIA L4,suse-ai,3623
1788047640,power_usage_w,downstream-gpu-worker-0,0,NVIDIA L4,suse-ai,32.9
1788047640,gpu_temp_c,downstream-gpu-worker-0,0,NVIDIA L4,suse-ai,36.7
1788047700,gpu_util_pct,downstream-gpu-worker-0,0,NVIDIA L4,suse-ai,12
1788047700,tensor_active_fraction,downstream-gpu-worker-0,0,NVIDIA L4,suse-ai,0.151
1788047700,fb_used_mib,downstream-gpu-worker-0,0,NVIDIA L4,suse-ai,4984
1788047700,power_usage_w,downstream-gpu-worker-0,0,NVIDIA L4,suse-ai,39.5
1788047700,gpu_temp_c,downstream-gpu-worker-0,0,NVIDIA L4,suse-ai,41.1
1788047760,gpu_util_pct,downstream-gpu-worker-0,0,NVIDIA L4,suse-ai,32
1788047760,tensor_active_fraction,downstream-gpu-worker-0,0,NVIDIA L4,suse-ai,0.259
1788047760,fb_used_mib,downstream-gpu-worker-0,0,NVIDIA L4,suse-ai,6771
1788047760,power_usage_w,downstream-gpu-worker-0,0,NVIDIA L4,suse-ai,44.4
1788047760,gpu_temp_c,downstream-gpu-worker-0,0,NVIDIA L4,suse-ai,44.5
1788047820,gpu_util_pct,downstream-gpu-worker-0,0,NVIDIA L4,suse-ai,45
1788047820,tensor_active_fraction,downstream-gpu-worker-0,0,NVIDIA L4,suse-ai,0.281
1788047820,fb_used_mib,downstream-gpu-worker-0,0,NVIDIA L4,suse-ai,9327
1788047820,power_usage_w,downstream-gpu-worker-0,0,NVIDIA L4,suse-ai,54.6
1788047820,gpu_temp_c,downstream-gpu-worker-0,0,NVIDIA L4,suse-ai,45.7
1788047880,gpu_util_pct,downstream-gpu-worker-0,0,NVIDIA L4,suse-ai,19
1788047880,tensor_active_fraction,downstream-gpu-worker-0,0,NVIDIA L4,suse-ai,0.124
1788047880,fb_used_mib,downstream-gpu-worker-0,0,NVIDIA L4,suse-ai,4916
1788047880,power_usage_w,downstream-gpu-worker-0,0,NVIDIA L4,suse-ai,40.4
1788047880,gpu_temp_c,downstream-gpu-worker-0,0,NVIDIA L4,suse-ai,39.0
1788047940,gpu_util_pct,downstream-gpu-worker-0,0,NVIDIA L4,suse-ai,18
1788047940,tensor_active_fraction,downstream-gpu-worker-0,0,NVIDIA L4,suse-ai,0.161
1788047940,fb_used_mib,downstream-gpu-worker-0,0,NVIDIA L4,suse-ai,5755
1788047940,power_usage_w,downstream-gpu-worker-0,0,NVIDIA L4,suse-ai,42.0
1788047940,gpu_temp_c,downstream-gpu-worker-0,0,NVIDIA L4,suse-ai,43.0
1788048000,gpu_util_pct,downstream-gpu-worker-0,0,NVIDIA L4,suse-ai,45
1788048000,tensor_active_fraction,downstream-gpu-worker-0,0,NVIDIA L4,suse-ai,0.399
1788048000,fb_used_mib,downstream-gpu-worker-0,0,NVIDIA L4,suse-ai,10285
1788048000,power_usage_w,downstream-gpu-worker-0,0,NVIDIA L4,suse-ai,55.5
1788048000,gpu_temp_c,downstream-gpu-worker-0,0,NVIDIA L4,suse-ai,48.1
1788048060,gpu_util_pct,downstream-gpu-worker-0,0,NVIDIA L4,suse-ai,39
1788048060,tensor_active_fraction,downstream-gpu-worker-0,0,NVIDIA L4,suse-ai,0.324
1788048060,fb_used_mib,downstream-gpu-worker-0,0,NVIDIA L4,suse-ai,8296
1788048060,power_usage_w,downstream-gpu-worker-0,0,NVIDIA L4,suse-ai,50.3
1788048060,gpu_temp_c,downstream-gpu-worker-0,0,NVIDIA L4,suse-ai,43.9
1788048120,gpu_util_pct,downstream-gpu-worker-0,0,NVIDIA L4,suse-ai,44
1788048120,tensor_active_fraction,downstream-gpu-worker-0,0,NVIDIA L4,suse-ai,0.326
1788048120,fb_used_mib,downstream-gpu-worker-0,0,NVIDIA L4,suse-ai,9940
1788048120,power_usage_w,downstream-gpu-worker-0,0,NVIDIA L4,suse-ai,55.1
1788048120,gpu_temp_c,downstream-gpu-worker-0,0,NVIDIA L4,suse-ai,47.9
1788048180,gpu_util_pct,downstream-gpu-worker-0,0,NVIDIA L4,suse-ai,11
1788048180,tensor_active_fraction,downstream-gpu-worker-0,0,NVIDIA L4,suse-ai,0.055
1788048180,fb_used_mib,downstream-gpu-worker-0,0,NVIDIA L4,suse-ai,4424
1788048180,power_usage_w,downstream-gpu-worker-0,0,NVIDIA L4,suse-ai,39.1
1788048180,gpu_temp_c,downstream-gpu-worker-0,0,NVIDIA L4,suse-ai,37.8
1788048240,gpu_util_pct,downstream-gpu-worker-0,0,NVIDIA L4,suse-ai,31
1788048240,tensor_active_fraction,downstream-gpu-worker-0,0,NVIDIA L4,suse-ai,0.239
1788048240,fb_used_mib,downstream-gpu-worker-0,0,NVIDIA L4,suse-ai,7809
1788048240,power_usage_w,downstream-gpu-worker-0,0,NVIDIA L4,suse-ai,48.6
1788048240,gpu_temp_c,downstream-gpu-worker-0,0,NVIDIA L4,suse-ai,43.8
1788048300,gpu_util_pct,downstream-gpu-worker-0,0,NVIDIA L4,suse-ai,17
1788048300,tensor_active_fraction,downstream-gpu-worker-0,0,NVIDIA L4,suse-ai,0.153
1788048300,fb_used_mib,downstream-gpu-worker-0,0,NVIDIA L4,suse-ai,5125
1788048300,power_usage_w,downstream-gpu-worker-0,0,NVIDIA L4,suse-ai,41.7
1788048300,gpu_temp_c,downstream-gpu-worker-0,0,NVIDIA L4,suse-ai,40.6
1788048360,gpu_util_pct,downstream-gpu-worker-0,0,NVIDIA L4,suse-ai,35
1788048360,tensor_active_fraction,downstream-gpu-worker-0,0,NVIDIA L4,suse-ai,0.287
1788048360,fb_used_mib,downstream-gpu-worker-0,0,NVIDIA L4,suse-ai,8020
1788048360,power_usage_w,downstream-gpu-worker-0,0,NVIDIA L4,suse-ai,52.0
1788048360,gpu_temp_c,downstream-gpu-worker-0,0,NVIDIA L4,suse-ai,43.9
1788048420,gpu_util_pct,downstream-gpu-worker-0,0,NVIDIA L4,suse-ai,8
1788048420,tensor_active_fraction,downstream-gpu-worker-0,0,NVIDIA L4,suse-ai,0.019
1788048420,fb_used_mib,downstream-gpu-worker-0,0,NVIDIA L4,suse-ai,3358
1788048420,power_usage_w,downstream-gpu-worker-0,0,NVIDIA L4,suse-ai,32.5
1788048420,gpu_temp_c,downstream-gpu-worker-0,0,NVIDIA L4,suse-ai,37.2
1788048480,gpu_util_pct,downstream-gpu-worker-0,0,NVIDIA L4,suse-ai,36
1788048480,tensor_active_fraction,downstream-gpu-worker-0,0,NVIDIA L4,suse-ai,0.253
1788048480,fb_used_mib,downstream-gpu-worker-0,0,NVIDIA L4,suse-ai,8103
1788048480,power_usage_w,downstream-gpu-worker-0,0,NVIDIA L4,suse-ai,48.1
1788048480,gpu_temp_c,downstream-gpu-worker-0,0,NVIDIA L4,suse-ai,46.6
1788048540,gpu_util_pct,downstream-gpu-worker-0,0,NVIDIA L4,suse-ai,29
1788048540,tensor_active_fraction,downstream-gpu-worker-0,0,NVIDIA L4,suse-ai,0.266
1788048540,fb_used_mib,downstream-gpu-worker-0,0,NVIDIA L4,suse-ai,7924
1788048540,power_usage_w,downstream-gpu-worker-0,0,NVIDIA L4,suse-ai,53.0
1788048540,gpu_temp_c,downstream-gpu-worker-0,0,NVIDIA L4,suse-ai,43.3
1788048600,gpu_util_pct,downstream-gpu-worker-0,0,NVIDIA L4,suse-ai,32
1788048600,tensor_active_fraction,downstream-gpu-worker-0,0,NVIDIA L4,suse-ai,0.237
1788048600,fb_used_mib,downstream-gpu-worker-0,0,NVIDIA L4,suse-ai,7505
1788048600,power_usage_w,downstream-gpu-worker-0,0,NVIDIA L4,suse-ai,48.8
1788048600,gpu_temp_c,downstream-gpu-worker-0,0,NVIDIA L4,suse-ai,45.8
1788048660,gpu_util_pct,downstream-gpu-worker-0,0,NVIDIA L4,suse-ai,24
1788048660,tensor_active_fraction,downstream-gpu-worker-0,0,NVIDIA L4,suse-ai,0.188
1788048660,fb_used_mib,downstream-gpu-worker-0,0,NVIDIA L4,suse-ai,6578
1788048660,power_usage_w,downstream-gpu-worker-0,0,NVIDIA L4,suse-ai,42.9
1788048660,gpu_temp_c,downstream-gpu-worker-0,0,NVIDIA L4,suse-ai,43.8
1788048720,gpu_util_pct,downstream-gpu-worker-0,0,NVIDIA L4,suse-ai,25
1788048720,tensor_active_fraction,downstream-gpu-worker-0,0,NVIDIA L4,suse-ai,0.217
1788048720,fb_used_mib,downstream-gpu-worker-0,0,NVIDIA L4,suse-ai,7538
1788048720,power_usage_w,downstream-gpu-worker-0,0,NVIDIA L4,suse-ai,47.8
1788048720,gpu_temp_c,downstream-gpu-worker-0,0,NVIDIA L4,suse-ai,44.5
1788048780,gpu_util_pct,downstream-gpu-worker-0,0,NVIDIA L4,suse-ai,54
1788048780,tensor_active_fraction,downstream-gpu-worker-0,0,NVIDIA L4,suse-ai,0.449
1788048780,fb_used_mib,downstream-gpu-worker-0,0,NVIDIA L4,suse-ai,10954
1788048780,power_usage_w,downstream-gpu-worker-0,0,NVIDIA L4,suse-ai,58.7
1788048780,gpu_temp_c,downstream-gpu-worker-0,0,NVIDIA L4,suse-ai,51.5
1788048840,gpu_util_pct,downstream-gpu-worker-0,0,NVIDIA L4,suse-ai,17
1788048840,tensor_active_fraction,downstream-gpu-worker-0,0,NVIDIA L4,suse-ai,0.13
1788048840,fb_used_mib,downstream-gpu-worker-0,0,NVIDIA L4,suse-ai,4206
1788048840,power_usage_w,downstream-gpu-worker-0,0,NVIDIA L4,suse-ai,35.4
1788048840,gpu_temp_c,downstream-gpu-worker-0,0,NVIDIA L4,suse-ai,36.9
1788048900,gpu_util_pct,downstream-gpu-worker-0,0,NVIDIA L4,suse-ai,44
1788048900,tensor_active_fraction,downstream-gpu-worker-0,0,NVIDIA L4,suse-ai,0.363
1788048900,fb_used_mib,downstream-gpu-worker-0,0,NVIDIA L4,suse-ai,9462
1788048900,power_usage_w,downstream-gpu-worker-0,0,NVIDIA L4,suse-ai,51.9
1788048900,gpu_temp_c,downstream-gpu-worker-0,0,NVIDIA L4,suse-ai,48.2
1788048960,gpu_util_pct,downstream-gpu-worker-0,0,NVIDIA L4,suse-ai,11
1788048960,tensor_active_fraction,downstream-gpu-worker-0,0,NVIDIA L4,suse-ai,0.012
1788048960,fb_used_mib,downstream-gpu-worker-0,0,NVIDIA L4,suse-ai,3111
1788048960,power_usage_w,downstream-gpu-worker-0,0,NVIDIA L4,suse-ai,33.1
1788048960,gpu_temp_c,downstream-gpu-worker-0,0,NVIDIA L4,suse-ai,36.2
1788049020,gpu_util_pct,downstream-gpu-worker-0,0,NVIDIA L4,suse-ai,43
1788049020,tensor_active_fraction,downstream-gpu-worker-0,0,NVIDIA L4,suse-ai,0.305
1788049020,fb_used_mib,downstream-gpu-worker-0,0,NVIDIA L4,suse-ai,9213
1788049020,power_usage_w,downstream-gpu-worker-0,0,NVIDIA L4,suse-ai,56.3
1788049020,gpu_temp_c,downstream-gpu-worker-0,0,NVIDIA L4,suse-ai,47.2
1788049080,gpu_util_pct,downstream-gpu-worker-0,0,NVIDIA L4,suse-ai,9
1788049080,tensor_active_fraction,downstream-gpu-worker-0,0,NVIDIA L4,suse-ai,0.048
1788049080,fb_used_mib,downstream-gpu-worker-0,0,NVIDIA L4,suse-ai,3910
1788049080,power_usage_w,downstream-gpu-worker-0,0,NVIDIA L4,suse-ai,38.4
1788049080,gpu_temp_c,downstream-gpu-worker-0,0,NVIDIA L4,suse-ai,39.7
1788049140,gpu_util_pct,downstream-gpu-worker-0,0,NVIDIA L4,suse-ai,39
1788049140,tensor_active_fraction,downstream-gpu-worker-0,0,NVIDIA L4,suse-ai,0.299
1788049140,fb_used_mib,downstream-gpu-worker-0,0,NVIDIA L4,suse-ai,8571
1788049140,power_usage_w,downstream-gpu-worker-0,0,NVIDIA L4,suse-ai,52.1
1788049140,gpu_temp_c,downstream-gpu-worker-0,0,NVIDIA L4,suse-ai,46.1
1788049200,gpu_util_pct,downstream-gpu-worker-0,0,NVIDIA L4,suse-ai,21
1788049200,tensor_active_fraction,downstream-gpu-worker-0,0,NVIDIA L4,suse-ai,0.147
1788049200,fb_used_mib,downstream-gpu-worker-0,0,NVIDIA L4,suse-ai,5183
1788049200,power_usage_w,downstream-gpu-worker-0,0,NVIDIA L4,suse-ai,42.8
1788049200,gpu_temp_c,downstream-gpu-worker-0,0,NVIDIA L4,suse-ai,41.4
1788049260,gpu_util_pct,downstream-gpu-worker-0,0,NVIDIA L4,suse-ai,26
1788049260,tensor_active_fraction,downstream-gpu-worker-0,0,NVIDIA L4,suse-ai,0.153
1788049260,fb_used_mib,downstream-gpu-worker-0,0,NVIDIA L4,suse-ai,6076
1788049260,power_usage_w,downstream-gpu-worker-0,0,NVIDIA L4,suse-ai,45.5
1788049260,gpu_temp_c,downstream-gpu-worker-0,0,NVIDIA L4,suse-ai,42.5
1788049320,gpu_util_pct,downstream-gpu-worker-0,0,NVIDIA L4,suse-ai,8
1788049320,tensor_active_fraction,downstream-gpu-worker-0,0,NVIDIA L4,suse-ai,0.033
1788049320,fb_used_mib,downstream-gpu-worker-0,0,NVIDIA L4,suse-ai,3453
1788049320,power_usage_w,downstream-gpu-worker-0,0,NVIDIA L4,suse-ai,34.4
1788049320,gpu_temp_c,downstream-gpu-worker-0,0,NVIDIA L4,suse-ai,36.8
1788049380,gpu_util_pct,downstream-gpu-worker-0,0,NVIDIA L4,suse-ai,28
1788049380,tensor_active_fraction,downstream-gpu-worker-0,0,NVIDIA L4,suse-ai,0.266
1788049380,fb_used_mib,downstream-gpu-worker-0,0,NVIDIA L4,suse-ai,7387
1788049380,power_usage_w,downstream-gpu-worker-0,0,NVIDIA L4,suse-ai,47.7
1788049380,gpu_temp_c,downstream-gpu-worker-0,0,NVIDIA L4,suse-ai,43.1
1788049440,gpu_util_pct,downstream-gpu-worker-0,0,NVIDIA L4,suse-ai,56
1788049440,tensor_active_fraction,downstream-gpu-worker-0,0,NVIDIA L4,suse-ai,0.444
1788049440,fb_used_mib,downstream-gpu-worker-0,0,NVIDIA L4,suse-ai,11779
1788049440,power_usage_w,downstream-gpu-worker-0,0,NVIDIA L4,suse-ai,59.8
1788049440,gpu_temp_c,downstream-gpu-worker-0,0,NVIDIA L4,suse-ai,49.6
1788049500,gpu_util_pct,downstream-gpu-worker-0,0,NVIDIA L4,suse-ai,51
1788049500,tensor_active_fraction,downstream-gpu-worker-0,0,NVIDIA L4,suse-ai,0.413
1788049500,fb_used_mib,downstream-gpu-worker-0,0,NVIDIA L4,suse-ai,11442
1788049500,power_usage_w,downstream-gpu-worker-0,0,NVIDIA L4,suse-ai,59.5
1788049500,gpu_temp_c,downstream-gpu-worker-0,0,NVIDIA L4,suse-ai,50.3
1788049560,gpu_util_pct,downstream-gpu-worker-0,0,NVIDIA L4,suse-ai,6
1788049560,tensor_active_fraction,downstream-gpu-worker-0,0,NVIDIA L4,suse-ai,0.074
1788049560,fb_used_mib,downstream-gpu-worker-0,0,NVIDIA L4,suse-ai,3427
1788049560,power_usage_w,downstream-gpu-worker-0,0,NVIDIA L4,suse-ai,34.6
1788049560,gpu_temp_c,downstream-gpu-worker-0,0,NVIDIA L4,suse-ai,35.5
1788049620,gpu_util_pct,downstream-gpu-worker-0,0,NVIDIA L4,suse-ai,24
1788049620,tensor_active_fraction,downstream-gpu-worker-0,0,NVIDIA L4,suse-ai,0.184
1788049620,fb_used_mib,downstream-gpu-worker-0,0,NVIDIA L4,suse-ai,6829
1788049620,power_usage_w,downstream-gpu-worker-0,0,NVIDIA L4,suse-ai,46.5
1788049620,gpu_temp_c,downstream-gpu-worker-0,0,NVIDIA L4,suse-ai,42.4
1788049680,gpu_util_pct,downstream-gpu-worker-0,0,NVIDIA L4,suse-ai,29
1788049680,tensor_active_fraction,downstream-gpu-worker-0,0,NVIDIA L4,suse-ai,0.215
1788049680,fb_used_mib,downstream-gpu-worker-0,0,NVIDIA L4,suse-ai,7016
1788049680,power_usage_w,downstream-gpu-worker-0,0,NVIDIA L4,suse-ai,47.5
1788049680,gpu_temp_c,downstream-gpu-worker-0,0,NVIDIA L4,suse-ai,43.0
1788049740,gpu_util_pct,downstream-gpu-worker-0,0,NVIDIA L4,suse-ai,13
1788049740,tensor_active_fraction,downstream-gpu-worker-0,0,NVIDIA L4,suse-ai,0.108
1788049740,fb_used_mib,downstream-gpu-worker-0,0,NVIDIA L4,suse-ai,4522
1788049740,power_usage_w,downstream-gpu-worker-0,0,NVIDIA L4,suse-ai,38.3
1788049740,gpu_temp_c,downstream-gpu-worker-0,0,NVIDIA L4,suse-ai,38.8
1788049800,gpu_util_pct,downstream-gpu-worker-0,0,NVIDIA L4,suse-ai,4
1788049800,tensor_active_fraction,downstream-gpu-worker-0,0,NVIDIA L4,suse-ai,0.086
1788049800,fb_used_mib,downstream-gpu-worker-0,0,NVIDIA L4,suse-ai,2855
1788049800,power_usage_w,downstream-gpu-worker-0,0,NVIDIA L4,suse-ai,31.4
1788049800,gpu_temp_c,downstream-gpu-worker-0,0,NVIDIA L4,suse-ai,35.3
1788049860,gpu_util_pct,downstream-gpu-worker-0,0,NVIDIA L4,suse-ai,19
1788049860,tensor_active_fraction,downstream-gpu-worker-0,0,NVIDIA L4,suse-ai,0.144
1788049860,fb_used_mib,downstream-gpu-worker-0,0,NVIDIA L4,suse-ai,5035
1788049860,power_usage_w,downstream-gpu-worker-0,0,NVIDIA L4,suse-ai,37.9
1788049860,gpu_temp_c,downstream-gpu-worker-0,0,NVIDIA L4,suse-ai,39.3
1788049920,gpu_util_pct,downstream-gpu-worker-0,0,NVIDIA L4,suse-ai,5
1788049920,tensor_active_fraction,downstream-gpu-worker-0,0,NVIDIA L4,suse-ai,0.108
1788049920,fb_used_mib,downstream-gpu-worker-0,0,NVIDIA L4,suse-ai,3580
1788049920,power_usage_w,downstream-gpu-worker-0,0,NVIDIA L4,suse-ai,33.6
1788049920,gpu_temp_c,downstream-gpu-worker-0,0,NVIDIA L4,suse-ai,37.7
1788049980,gpu_util_pct,downstream-gpu-worker-0,0,NVIDIA L4,suse-ai,21
1788049980,tensor_active_fraction,downstream-gpu-worker-0,0,NVIDIA L4,suse-ai,0.161
1788049980,fb_used_mib,downstream-gpu-worker-0,0,NVIDIA L4,suse-ai,5129
1788049980,power_usage_w,downstream-gpu-worker-0,0,NVIDIA L4,suse-ai,39.9
1788049980,gpu_temp_c,downstream-gpu-worker-0,0,NVIDIA L4,suse-ai,39.2
1788050040,gpu_util_pct,downstream-gpu-worker-0,0,NVIDIA L4,suse-ai,50
1788050040,tensor_active_fraction,downstream-gpu-worker-0,0,NVIDIA L4,suse-ai,0.383
1788050040,fb_used_mib,downstream-gpu-worker-0,0,NVIDIA L4,suse-ai,10506
1788050040,power_usage_w,downstream-gpu-worker-0,0,NVIDIA L4,suse-ai,57.0
1788050040,gpu_temp_c,downstream-gpu-worker-0,0,NVIDIA L4,suse-ai,49.9
1788050100,gpu_util_pct,downstream-gpu-worker-0,0,NVIDIA L4,suse-ai,39
1788050100,tensor_active_fraction,downstream-gpu-worker-0,0,NVIDIA L4,suse-ai,0.282
1788050100,fb_used_mib,downstream-gpu-worker-0,0,NVIDIA L4,suse-ai,9340
1788050100,power_usage_w,downstream-gpu-worker-0,0,NVIDIA L4,suse-ai,57.3
1788050100,gpu_temp_c,downstream-gpu-worker-0,0,NVIDIA L4,suse-ai,47.9
1788050160,gpu_util_pct,downstream-gpu-worker-0,0,NVIDIA L4,suse-ai,47
1788050160,tensor_active_fraction,downstream-gpu-worker-0,0,NVIDIA L4,suse-ai,0.366
1788050160,fb_used_mib,downstream-gpu-worker-0,0,NVIDIA L4,suse-ai,9678
1788050160,power_usage_w,downstream-gpu-worker-0,0,NVIDIA L4,suse-ai,57.1
1788050160,gpu_temp_c,downstream-gpu-worker-0,0,NVIDIA L4,suse-ai,46.7
1788050220,gpu_util_pct,downstream-gpu-worker-0,0,NVIDIA L4,suse-ai,20
1788050220,tensor_active_fraction,downstream-gpu-worker-0,0,NVIDIA L4,suse-ai,0.211
1788050220,fb_used_mib,downstream-gpu-worker-0,0,NVIDIA L4,suse-ai,5767
1788050220,power_usage_w,downstream-gpu-worker-0,0,NVIDIA L4,suse-ai,41.9
1788050220,gpu_temp_c,downstream-gpu-worker-0,0,NVIDIA L4,suse-ai,39.3
1788050280,gpu_util_pct,downstream-gpu-worker-0,0,NVIDIA L4,suse-ai,61
1788050280,tensor_active_fraction,downstream-gpu-worker-0,0,NVIDIA L4,suse-ai,0.421
1788050280,fb_used_mib,downstream-gpu-worker-0,0,NVIDIA L4,suse-ai,12328
1788050280,power_usage_w,downstream-gpu-worker-0,0,NVIDIA L4,suse-ai,61.1
1788050280,gpu_temp_c,downstream-gpu-worker-0,0,NVIDIA L4,suse-ai,51.4
1788050340,gpu_util_pct,downstream-gpu-worker-0,0,NVIDIA L4,suse-ai,24
1788050340,tensor_active_fraction,downstream-gpu-worker-0,0,NVIDIA L4,suse-ai,0.265
1788050340,fb_used_mib,downstream-gpu-worker-0,0,NVIDIA L4,suse-ai,7122
1788050340,power_usage_w,downstream-gpu-worker-0,0,NVIDIA L4,suse-ai,44.4
1788050340,gpu_temp_c,downstream-gpu-worker-0,0,NVIDIA L4,suse-ai,41.6
1788050400,gpu_util_pct,downstream-gpu-worker-0,0,NVIDIA L4,suse-ai,38
1788050400,tensor_active_fraction,downstream-gpu-worker-0,0,NVIDIA L4,suse-ai,0.295
1788050400,fb_used_mib,downstream-gpu-worker-0,0,NVIDIA L4,suse-ai,9249
1788050400,power_usage_w,downstream-gpu-worker-0,0,NVIDIA L4,suse-ai,55.7
1788050400,gpu_temp_c,downstream-gpu-worker-0,0,NVIDIA L4,suse-ai,48.2
1788050460,gpu_util_pct,downstream-gpu-worker-0,0,NVIDIA L4,suse-ai,10
1788050460,tensor_active_fraction,downstream-gpu-worker-0,0,NVIDIA L4,suse-ai,0.04
1788050460,fb_used_mib,downstream-gpu-worker-0,0,NVIDIA L4,suse-ai,3274
1788050460,power_usage_w,downstream-gpu-worker-0,0,NVIDIA L4,suse-ai,33.4
1788050460,gpu_temp_c,downstream-gpu-worker-0,0,NVIDIA L4,suse-ai,37.3
1788050520,gpu_util_pct,downstream-gpu-worker-0,0,NVIDIA L4,suse-ai,37
1788050520,tensor_active_fraction,downstream-gpu-worker-0,0,NVIDIA L4,suse-ai,0.311
1788050520,fb_used_mib,downstream-gpu-worker-0,0,NVIDIA L4,suse-ai,9222
1788050520,power_usage_w,downstream-gpu-worker-0,0,NVIDIA L4,suse-ai,52.4
1788050520,gpu_temp_c,downstream-gpu-worker-0,0,NVIDIA L4,suse-ai,46.2
1788050580,gpu_util_pct,downstream-gpu-worker-0,0,NVIDIA L4,suse-ai,33
1788050580,tensor_active_fraction,downstream-gpu-worker-0,0,NVIDIA L4,suse-ai,0.285
1788050580,fb_used_mib,downstream-gpu-worker-0,0,NVIDIA L4,suse-ai,7723
1788050580,power_usage_w,downstream-gpu-worker-0,0,NVIDIA L4,suse-ai,48.5
1788050580,gpu_temp_c,downstream-gpu-worker-0,0,NVIDIA L4,suse-ai,43.4
1788050640,gpu_util_pct,downstream-gpu-worker-0,0,NVIDIA L4,suse-ai,33
1788050640,tensor_active_fraction,downstream-gpu-worker-0,0,NVIDIA L4,suse-ai,0.214
1788050640,fb_used_mib,downstream-gpu-worker-0,0,NVIDIA L4,suse-ai,7566
1788050640,power_usage_w,downstream-gpu-worker-0,0,NVIDIA L4,suse-ai,47.0
1788050640,gpu_temp_c,downstream-gpu-worker-0,0,NVIDIA L4,suse-ai,46.3
1788050700,gpu_util_pct,downstream-gpu-worker-0,0,NVIDIA L4,suse-ai,17
1788050700,tensor_active_fraction,downstream-gpu-worker-0,0,NVIDIA L4,suse-ai,0.181
1788050700,fb_used_mib,downstream-gpu-worker-0,0,NVIDIA L4,suse-ai,5981
1788050700,power_usage_w,downstream-gpu-worker-0,0,NVIDIA L4,suse-ai,42.6
1788050700,gpu_temp_c,downstream-gpu-worker-0,0,NVIDIA L4,suse-ai,40.3
1788050760,gpu_util_pct,downstream-gpu-worker-0,0,NVIDIA L4,suse-ai,10
1788050760,tensor_active_fraction,downstream-gpu-worker-0,0,NVIDIA L4,suse-ai,0.036
1788050760,fb_used_mib,downstream-gpu-worker-0,0,NVIDIA L4,suse-ai,2918
1788050760,power_usage_w,downstream-gpu-worker-0,0,NVIDIA L4,suse-ai,32.2
1788050760,gpu_temp_c,downstream-gpu-worker-0,0,NVIDIA L4,suse-ai,37.3
1788050820,gpu_util_pct,downstream-gpu-worker-0,0,NVIDIA L4,suse-ai,37
1788050820,tensor_active_fraction,downstream-gpu-worker-0,0,NVIDIA L4,suse-ai,0.31
1788050820,fb_used_mib,downstream-gpu-worker-0,0,NVIDIA L4,suse-ai,8025
1788050820,power_usage_w,downstream-gpu-worker-0,0,NVIDIA L4,suse-ai,47.6
1788050820,gpu_temp_c,downstream-gpu-worker-0,0,NVIDIA L4,suse-ai,46.4
1788050880,gpu_util_pct,downstream-gpu-worker-0,0,NVIDIA L4,suse-ai,19
1788050880,tensor_active_fraction,downstream-gpu-worker-0,0,NVIDIA L4,suse-ai,0.178
1788050880,fb_used_mib,downstream-gpu-worker-0,0,NVIDIA L4,suse-ai,5973
1788050880,power_usage_w,downstream-gpu-worker-0,0,NVIDIA L4,suse-ai,41.3
1788050880,gpu_temp_c,downstream-gpu-worker-0,0,NVIDIA L4,suse-ai,40.1
1788050940,gpu_util_pct,downstream-gpu-worker-0,0,NVIDIA L4,suse-ai,37
1788050940,tensor_active_fraction,downstream-gpu-worker-0,0,NVIDIA L4,suse-ai,0.311
1788050940,fb_used_mib,downstream-gpu-worker-0,0,NVIDIA L4,suse-ai,8097
1788050940,power_usage_w,downstream-gpu-worker-0,0,NVIDIA L4,suse-ai,52.6
1788050940,gpu_temp_c,downstream-gpu-worker-0,0,NVIDIA L4,suse-ai,45.7
1788051000,gpu_util_pct,downstream-gpu-worker-0,0,NVIDIA L4,suse-ai,46
1788051000,tensor_active_fraction,downstream-gpu-worker-0,0,NVIDIA L4,suse-ai,0.34
1788051000,fb_used_mib,downstream-gpu-worker-0,0,NVIDIA L4,suse-ai,10336
1788051000,power_usage_w,downstream-gpu-worker-0,0,NVIDIA L4,suse-ai,61.0
1788051000,gpu_temp_c,downstream-gpu-worker-0,0,NVIDIA L4,suse-ai,47.8
1788051060,gpu_util_pct,downstream-gpu-worker-0,0,NVIDIA L4,suse-ai,41
1788051060,tensor_active_fraction,downstream-gpu-worker-0,0,NVIDIA L4,suse-ai,0.305
1788051060,fb_used_mib,downstream-gpu-worker-0,0,NVIDIA L4,suse-ai,9369
1788051060,power_usage_w,downstream-gpu-worker-0,0,NVIDIA L4,suse-ai,52.5
1788051060,gpu_temp_c,downstream-gpu-worker-0,0,NVIDIA L4,suse-ai,47.2
1788051120,gpu_util_pct,downstream-gpu-worker-0,0,NVIDIA L4,suse-ai,2
1788051120,tensor_active_fraction,downstream-gpu-worker-0,0,NVIDIA L4,suse-ai,0.026
1788051120,fb_used_mib,downstream-gpu-worker-0,0,NVIDIA L4,suse-ai,2585
1788051120,power_usage_w,downstream-gpu-worker-0,0,NVIDIA L4,suse-ai,34.3
1788051120,gpu_temp_c,downstream-gpu-worker-0,0,NVIDIA L4,suse-ai,34.7
1788051180,gpu_util_pct,downstream-gpu-worker-0,0,NVIDIA L4,suse-ai,24
1788051180,tensor_active_fraction,downstream-gpu-worker-0,0,NVIDIA L4,suse-ai,0.22
1788051180,fb_used_mib,downstream-gpu-worker-0,0,NVIDIA L4,suse-ai,7407
1788051180,power_usage_w,downstream-gpu-worker-0,0,NVIDIA L4,suse-ai,44.9
1788051180,gpu_temp_c,downstream-gpu-worker-0,0,NVIDIA L4,suse-ai,42.3
1788051240,gpu_util_pct,downstream-gpu-worker-0,0,NVIDIA L4,suse-ai,56
1788051240,tensor_active_fraction,downstream-gpu-worker-0,0,NVIDIA L4,suse-ai,0.424
1788051240,fb_used_mib,downstream-gpu-worker-0,0,NVIDIA L4,suse-ai,11708
1788051240,power_usage_w,downstream-gpu-worker-0,0,NVIDIA L4,suse-ai,62.1
1788051240,gpu_temp_c,downstream-gpu-worker-0,0,NVIDIA L4,suse-ai,52.7
1788051300,gpu_util_pct,downstream-gpu-worker-0,0,NVIDIA L4,suse-ai,39
1788051300,tensor_active_fraction,downstream-gpu-worker-0,0,NVIDIA L4,suse-ai,0.367
1788051300,fb_used_mib,downstream-gpu-worker-0,0,NVIDIA L4,suse-ai,9704
1788051300,power_usage_w,downstream-gpu-worker-0,0,NVIDIA L4,suse-ai,58.3
1788051300,gpu_temp_c,downstream-gpu-worker-0,0,NVIDIA L4,suse-ai,47.0
1788051360,gpu_util_pct,downstream-gpu-worker-0,0,NVIDIA L4,suse-ai,6
1788051360,tensor_active_fraction,downstream-gpu-worker-0,0,NVIDIA L4,suse-ai,0.0
1788051360,fb_used_mib,downstream-gpu-worker-0,0,NVIDIA L4,suse-ai,2334
1788051360,power_usage_w,downstream-gpu-worker-0,0,NVIDIA L4,suse-ai,30.2
1788051360,gpu_temp_c,downstream-gpu-worker-0,0,NVIDIA L4,suse-ai,35.0
1788051420,gpu_util_pct,downstream-gpu-worker-0,0,NVIDIA L4,suse-ai,59
1788051420,tensor_active_fraction,downstream-gpu-worker-0,0,NVIDIA L4,suse-ai,0.48
1788051420,fb_used_mib,downstream-gpu-worker-0,0,NVIDIA L4,suse-ai,11895
1788051420,power_usage_w,downstream-gpu-worker-0,0,NVIDIA L4,suse-ai,60.9
1788051420,gpu_temp_c,downstream-gpu-worker-0,0,NVIDIA L4,suse-ai,51.2
1788051480,gpu_util_pct,downstream-gpu-worker-0,0,NVIDIA L4,suse-ai,56
1788051480,tensor_active_fraction,downstream-gpu-worker-0,0,NVIDIA L4,suse-ai,0.389
1788051480,fb_used_mib,downstream-gpu-worker-0,0,NVIDIA L4,suse-ai,11669
1788051480,power_usage_w,downstream-gpu-worker-0,0,NVIDIA L4,suse-ai,60.4
1788051480,gpu_temp_c,downstream-gpu-worker-0,0,NVIDIA L4,suse-ai,50.6
1788051540,gpu_util_pct,downstream-gpu-worker-0,0,NVIDIA L4,suse-ai,9
1788051540,tensor_active_fraction,downstream-gpu-worker-0,0,NVIDIA L4,suse-ai,0.071
1788051540,fb_used_mib,downstream-gpu-worker-0,0,NVIDIA L4,suse-ai,4231
1788051540,power_usage_w,downstream-gpu-worker-0,0,NVIDIA L4,suse-ai,36.6
1788051540,gpu_temp_c,downstream-gpu-worker-0,0,NVIDIA L4,suse-ai,37.2
1788051600,gpu_util_pct,downstream-gpu-worker-0,0,NVIDIA L4,suse-ai,51
1788051600,tensor_active_fraction,downstream-gpu-worker-0,0,NVIDIA L4,suse-ai,0.34
1788051600,fb_used_mib,downstream-gpu-worker-0,0,NVIDIA L4,suse-ai,10562
1788051600,power_usage_w,downstream-gpu-worker-0,0,NVIDIA L4,suse-ai,59.7
1788051600,gpu_temp_c,downstream-gpu-worker-0,0,NVIDIA L4,suse-ai,49.3
1788051660,gpu_util_pct,downstream-gpu-worker-0,0,NVIDIA L4,suse-ai,40
1788051660,tensor_active_fraction,downstream-gpu-worker-0,0,NVIDIA L4,suse-ai,0.318
1788051660,fb_used_mib,downstream-gpu-worker-0,0,NVIDIA L4,suse-ai,9461
1788051660,power_usage_w,downstream-gpu-worker-0,0,NVIDIA L4,suse-ai,57.7
1788051660,gpu_temp_c,downstream-gpu-worker-0,0,NVIDIA L4,suse-ai,47.3
1788051720,gpu_util_pct,downstream-gpu-worker-0,0,NVIDIA L4,suse-ai,51
1788051720,tensor_active_fraction,downstream-gpu-worker-0,0,NVIDIA L4,suse-ai,0.473
1788051720,fb_used_mib,downstream-gpu-worker-0,0,NVIDIA L4,suse-ai,11877
1788051720,power_usage_w,downstream-gpu-worker-0,0,NVIDIA L4,suse-ai,61.3
1788051720,gpu_temp_c,downstream-gpu-worker-0,0,NVIDIA L4,suse-ai,53.4
1788051780,gpu_util_pct,downstream-gpu-worker-0,0,NVIDIA L4,suse-ai,49
1788051780,tensor_active_fraction,downstream-gpu-worker-0,0,NVIDIA L4,suse-ai,0.371
1788051780,fb_used_mib,downstream-gpu-worker-0,0,NVIDIA L4,suse-ai,10686
1788051780,power_usage_w,downstream-gpu-worker-0,0,NVIDIA L4,suse-ai,61.2
1788051780,gpu_temp_c,downstream-gpu-worker-0,0,NVIDIA L4,suse-ai,50.9
1788051840,gpu_util_pct,downstream-gpu-worker-0,0,NVIDIA L4,suse-ai,5
1788051840,tensor_active_fraction,downstream-gpu-worker-0,0,NVIDIA L4,suse-ai,0.0
1788051840,fb_used_mib,downstream-gpu-worker-0,0,NVIDIA L4,suse-ai,2405
1788051840,power_usage_w,downstream-gpu-worker-0,0,NVIDIA L4,suse-ai,30.9
1788051840,gpu_temp_c,downstream-gpu-worker-0,0,NVIDIA L4,suse-ai,36.6
1788051900,gpu_util_pct,downstream-gpu-worker-0,0,NVIDIA L4,suse-ai,35
1788051900,tensor_active_fraction,downstream-gpu-worker-0,0,NVIDIA L4,suse-ai,0.208
1788051900,fb_used_mib,downstream-gpu-worker-0,0,NVIDIA L4,suse-ai,7513
1788051900,power_usage_w,downstream-gpu-worker-0,0,NVIDIA L4,suse-ai,51.6
1788051900,gpu_temp_c,downstream-gpu-worker-0,0,NVIDIA L4,suse-ai,42.8
1788051960,gpu_util_pct,downstream-gpu-worker-0,0,NVIDIA L4,suse-ai,39
1788051960,tensor_active_fraction,downstream-gpu-worker-0,0,NVIDIA L4,suse-ai,0.294
1788051960,fb_used_mib,downstream-gpu-worker-0,0,NVIDIA L4,suse-ai,8555
1788051960,power_usage_w,downstream-gpu-worker-0,0,NVIDIA L4,suse-ai,53.8
1788051960,gpu_temp_c,downstream-gpu-worker-0,0,NVIDIA L4,suse-ai,44.3
1788052020,gpu_util_pct,downstream-gpu-worker-0,0,NVIDIA L4,suse-ai,36
1788052020,tensor_active_fraction,downstream-gpu-worker-0,0,NVIDIA L4,suse-ai,0.305
1788052020,fb_used_mib,downstream-gpu-worker-0,0,NVIDIA L4,suse-ai,8452
1788052020,power_usage_w,downstream-gpu-worker-0,0,NVIDIA L4,suse-ai,51.3
1788052020,gpu_temp_c,downstream-gpu-worker-0,0,NVIDIA L4,suse-ai,45.9
1788052080,gpu_util_pct,downstream-gpu-worker-0,0,NVIDIA L4,suse-ai,56
1788052080,tensor_active_fraction,downstream-gpu-worker-0,0,NVIDIA L4,suse-ai,0.519
1788052080,fb_used_mib,downstream-gpu-worker-0,0,NVIDIA L4,suse-ai,12839
1788052080,power_usage_w,downstream-gpu-worker-0,0,NVIDIA L4,suse-ai,63.9
1788052080,gpu_temp_c,downstream-gpu-worker-0,0,NVIDIA L4,suse-ai,53.5
1788052140,gpu_util_pct,downstream-gpu-worker-0,0,NVIDIA L4,suse-ai,48
1788052140,tensor_active_fraction,downstream-gpu-worker-0,0,NVIDIA L4,suse-ai,0.383
1788052140,fb_used_mib,downstream-gpu-worker-0,0,NVIDIA L4,suse-ai,9984
1788052140,power_usage_w,downstream-gpu-worker-0,0,NVIDIA L4,suse-ai,54.7
1788052140,gpu_temp_c,downstream-gpu-worker-0,0,NVIDIA L4,suse-ai,46.5
1788052200,gpu_util_pct,downstream-gpu-worker-0,0,NVIDIA L4,suse-ai,11
1788052200,tensor_active_fraction,downstream-gpu-worker-0,0,NVIDIA L4,suse-ai,0.063
1788052200,fb_used_mib,downstream-gpu-worker-0,0,NVIDIA L4,suse-ai,3270
1788052200,power_usage_w,downstream-gpu-worker-0,0,NVIDIA L4,suse-ai,32.2
1788052200,gpu_temp_c,downstream-gpu-worker-0,0,NVIDIA L4,suse-ai,35.4
1788052260,gpu_util_pct,downstream-gpu-worker-0,0,NVIDIA L4,suse-ai,29
1788052260,tensor_active_fraction,downstream-gpu-worker-0,0,NVIDIA L4,suse-ai,0.286
1788052260,fb_used_mib,downstream-gpu-worker-0,0,NVIDIA L4,suse-ai,7388
1788052260,power_usage_w,downstream-gpu-worker-0,0,NVIDIA L4,suse-ai,48.1
1788052260,gpu_temp_c,downstream-gpu-worker-0,0,NVIDIA L4,suse-ai,42.8
1788052320,gpu_util_pct,downstream-gpu-worker-0,0,NVIDIA L4,suse-ai,16
1788052320,tensor_active_fraction,downstream-gpu-worker-0,0,NVIDIA L4,suse-ai,0.078
1788052320,fb_used_mib,downstream-gpu-worker-0,0,NVIDIA L4,suse-ai,4344
1788052320,power_usage_w,downstream-gpu-worker-0,0,NVIDIA L4,suse-ai,37.3
1788052320,gpu_temp_c,downstream-gpu-worker-0,0,NVIDIA L4,suse-ai,39.5
1788052380,gpu_util_pct,downstream-gpu-worker-0,0,NVIDIA L4,suse-ai,2
1788052380,tensor_active_fraction,downstream-gpu-worker-0,0,NVIDIA L4,suse-ai,0.0
1788052380,fb_used_mib,downstream-gpu-worker-0,0,NVIDIA L4,suse-ai,2831
1788052380,power_usage_w,downstream-gpu-worker-0,0,NVIDIA L4,suse-ai,34.7
1788052380,gpu_temp_c,downstream-gpu-worker-0,0,NVIDIA L4,suse-ai,35.6
1788052440,gpu_util_pct,downstream-gpu-worker-0,0,NVIDIA L4,suse-ai,33
1788052440,tensor_active_fraction,downstream-gpu-worker-0,0,NVIDIA L4,suse-ai,0.216
1788052440,fb_used_mib,downstream-gpu-worker-0,0,NVIDIA L4,suse-ai,7528
1788052440,power_usage_w,downstream-gpu-worker-0,0,NVIDIA L4,suse-ai,47.2
1788052440,gpu_temp_c,downstream-gpu-worker-0,0,NVIDIA L4,suse-ai,42.6
1788052500,gpu_util_pct,downstream-gpu-worker-0,0,NVIDIA L4,suse-ai,35
1788052500,tensor_active_fraction,downstream-gpu-worker-0,0,NVIDIA L4,suse-ai,0.264
1788052500,fb_used_mib,downstream-gpu-worker-0,0,NVIDIA L4,suse-ai,8405
1788052500,power_usage_w,downstream-gpu-worker-0,0,NVIDIA L4,suse-ai,53.3
1788052500,gpu_temp_c,downstream-gpu-worker-0,0,NVIDIA L4,suse-ai,45.6
1788052560,gpu_util_pct,downstream-gpu-worker-0,0,NVIDIA L4,suse-ai,47
1788052560,tensor_active_fraction,downstream-gpu-worker-0,0,NVIDIA L4,suse-ai,0.384
1788052560,fb_used_mib,downstream-gpu-worker-0,0,NVIDIA L4,suse-ai,10972
1788052560,power_usage_w,downstream-gpu-worker-0,0,NVIDIA L4,suse-ai,59.8
1788052560,gpu_temp_c,downstream-gpu-worker-0,0,NVIDIA L4,suse-ai,50.5
1788052620,gpu_util_pct,downstream-gpu-worker-0,0,NVIDIA L4,suse-ai,2
1788052620,tensor_active_fraction,downstream-gpu-worker-0,0,NVIDIA L4,suse-ai,0.016
1788052620,fb_used_mib,downstream-gpu-worker-0,0,NVIDIA L4,suse-ai,1978
1788052620,power_usage_w,downstream-gpu-worker-0,0,NVIDIA L4,suse-ai,32.4
1788052620,gpu_temp_c,downstream-gpu-worker-0,0,NVIDIA L4,suse-ai,34.4
1788052680,gpu_util_pct,downstream-gpu-worker-0,0,NVIDIA L4,suse-ai,10
1788052680,tensor_active_fraction,downstream-gpu-worker-0,0,NVIDIA L4,suse-ai,0.044
1788052680,fb_used_mib,downstream-gpu-worker-0,0,NVIDIA L4,suse-ai,2886
1788052680,power_usage_w,downstream-gpu-worker-0,0,NVIDIA L4,suse-ai,31.6
1788052680,gpu_temp_c,downstream-gpu-worker-0,0,NVIDIA L4,suse-ai,36.8
1788052740,gpu_util_pct,downstream-gpu-worker-0,0,NVIDIA L4,suse-ai,51
1788052740,tensor_active_fraction,downstream-gpu-worker-0,0,NVIDIA L4,suse-ai,0.473
1788052740,fb_used_mib,downstream-gpu-worker-0,0,NVIDIA L4,suse-ai,11748
1788052740,power_usage_w,downstream-gpu-worker-0,0,NVIDIA L4,suse-ai,62.5
1788052740,gpu_temp_c,downstream-gpu-worker-0,0,NVIDIA L4,suse-ai,49.9
1788052800,gpu_util_pct,downstream-gpu-worker-0,0,NVIDIA L4,suse-ai,8
1788052800,tensor_active_fraction,downstream-gpu-worker-0,0,NVIDIA L4,suse-ai,0.059
1788052800,fb_used_mib,downstream-gpu-worker-0,0,NVIDIA L4,suse-ai,3180
1788052800,power_usage_w,downstream-gpu-worker-0,0,NVIDIA L4,suse-ai,36.1
1788052800,gpu_temp_c,downstream-gpu-worker-0,0,NVIDIA L4,suse-ai,35.6
1788052860,gpu_util_pct,downstream-gpu-worker-0,0,NVIDIA L4,suse-ai,51
1788052860,tensor_active_fraction,downstream-gpu-worker-0,0,NVIDIA L4,suse-ai,0.436
1788052860,fb_used_mib,downstream-gpu-worker-0,0,NVIDIA L4,suse-ai,10677
1788052860,power_usage_w,downstream-gpu-worker-0,0,NVIDIA L4,suse-ai,61.5
1788052860,gpu_temp_c,downstream-gpu-worker-0,0,NVIDIA L4,suse-ai,49.7
1788052920,gpu_util_pct,downstream-gpu-worker-0,0,NVIDIA L4,suse-ai,62
1788052920,tensor_active_fraction,downstream-gpu-worker-0,0,NVIDIA L4,suse-ai,0.458
1788052920,fb_used_mib,downstream-gpu-worker-0,0,NVIDIA L4,suse-ai,13103
1788052920,power_usage_w,downstream-gpu-worker-0,0,NVIDIA L4,suse-ai,66.8
1788052920,gpu_temp_c,downstream-gpu-worker-0,0,NVIDIA L4,suse-ai,54.0
1788052980,gpu_util_pct,downstream-gpu-worker-0,0,NVIDIA L4,suse-ai,16
1788052980,tensor_active_fraction,downstream-gpu-worker-0,0,NVIDIA L4,suse-ai,0.118
1788052980,fb_used_mib,downstream-gpu-worker-0,0,NVIDIA L4,suse-ai,4496
1788052980,power_usage_w,downstream-gpu-worker-0,0,NVIDIA L4,suse-ai,38.7
1788052980,gpu_temp_c,downstream-gpu-worker-0,0,NVIDIA L4,suse-ai,40.4
1788053040,gpu_util_pct,downstream-gpu-worker-0,0,NVIDIA L4,suse-ai,0
1788053040,tensor_active_fraction,downstream-gpu-worker-0,0,NVIDIA L4,suse-ai,0.028
1788053040,fb_used_mib,downstream-gpu-worker-0,0,NVIDIA L4,suse-ai,2000
1788053040,power_usage_w,downstream-gpu-worker-0,0,NVIDIA L4,suse-ai,31.3
1788053040,gpu_temp_c,downstream-gpu-worker-0,0,NVIDIA L4,suse-ai,35.2
1788053100,gpu_util_pct,downstream-gpu-worker-0,0,NVIDIA L4,suse-ai,40
1788053100,tensor_active_fraction,downstream-gpu-worker-0,0,NVIDIA L4,suse-ai,0.311
1788053100,fb_used_mib,downstream-gpu-worker-0,0,NVIDIA L4,suse-ai,9712
1788053100,power_usage_w,downstream-gpu-worker-0,0,NVIDIA L4,suse-ai,57.8
1788053100,gpu_temp_c,downstream-gpu-worker-0,0,NVIDIA L4,suse-ai,48.9
1788053160,gpu_util_pct,downstream-gpu-worker-0,0,NVIDIA L4,suse-ai,7
1788053160,tensor_active_fraction,downstream-gpu-worker-0,0,NVIDIA L4,suse-ai,0.047
1788053160,fb_used_mib,downstream-gpu-worker-0,0,NVIDIA L4,suse-ai,2489
1788053160,power_usage_w,downstream-gpu-worker-0,0,NVIDIA L4,suse-ai,34.6
1788053160,gpu_temp_c,downstream-gpu-worker-0,0,NVIDIA L4,suse-ai,37.6
1788053220,gpu_util_pct,downstream-gpu-worker-0,0,NVIDIA L4,suse-ai,0
1788053220,tensor_active_fraction,downstream-gpu-worker-0,0,NVIDIA L4,suse-ai,0.0
1788053220,fb_used_mib,downstream-gpu-worker-0,0,NVIDIA L4,suse-ai,2100
1788053220,power_usage_w,downstream-gpu-worker-0,0,NVIDIA L4,suse-ai,29.6
1788053220,gpu_temp_c,downstream-gpu-worker-0,0,NVIDIA L4,suse-ai,34.5
1788053280,gpu_util_pct,downstream-gpu-worker-0,0,NVIDIA L4,suse-ai,34
1788053280,tensor_active_fraction,downstream-gpu-worker-0,0,NVIDIA L4,suse-ai,0.28
1788053280,fb_used_mib,downstream-gpu-worker-0,0,NVIDIA L4,suse-ai,8874
1788053280,power_usage_w,downstream-gpu-worker-0,0,NVIDIA L4,suse-ai,53.1
1788053280,gpu_temp_c,downstream-gpu-worker-0,0,NVIDIA L4,suse-ai,45.3
1788053340,gpu_util_pct,downstream-gpu-worker-0,0,NVIDIA L4,suse-ai,40
1788053340,tensor_active_fraction,downstream-gpu-worker-0,0,NVIDIA L4,suse-ai,0.286
1788053340,fb_used_mib,downstream-gpu-worker-0,0,NVIDIA L4,suse-ai,9109
1788053340,power_usage_w,downstream-gpu-worker-0,0,NVIDIA L4,suse-ai,54.8
1788053340,gpu_temp_c,downstream-gpu-worker-0,0,NVIDIA L4,suse-ai,45.8
1788053400,gpu_util_pct,downstream-gpu-worker-0,0,NVIDIA L4,suse-ai,46
1788053400,tensor_active_fraction,downstream-gpu-worker-0,0,NVIDIA L4,suse-ai,0.377
1788053400,fb_used_mib,downstream-gpu-worker-0,0,NVIDIA L4,suse-ai,10545
1788053400,power_usage_w,downstream-gpu-worker-0,0,NVIDIA L4,suse-ai,55.6
1788053400,gpu_temp_c,downstream-gpu-worker-0,0,NVIDIA L4,suse-ai,47.1
1788053460,gpu_util_pct,downstream-gpu-worker-0,0,NVIDIA L4,suse-ai,58
1788053460,tensor_active_fraction,downstream-gpu-worker-0,0,NVIDIA L4,suse-ai,0.45
1788053460,fb_used_mib,downstream-gpu-worker-0,0,NVIDIA L4,suse-ai,13029
1788053460,power_usage_w,downstream-gpu-worker-0,0,NVIDIA L4,suse-ai,64.3
1788053460,gpu_temp_c,downstream-gpu-worker-0,0,NVIDIA L4,suse-ai,54.7
1788053520,gpu_util_pct,downstream-gpu-worker-0,0,NVIDIA L4,suse-ai,38
1788053520,tensor_active_fraction,downstream-gpu-worker-0,0,NVIDIA L4,suse-ai,0.262
1788053520,fb_used_mib,downstream-gpu-worker-0,0,NVIDIA L4,suse-ai,8333
1788053520,power_usage_w,downstream-gpu-worker-0,0,NVIDIA L4,suse-ai,53.6
1788053520,gpu_temp_c,downstream-gpu-worker-0,0,NVIDIA L4,suse-ai,46.3
1788053580,gpu_util_pct,downstream-gpu-worker-0,0,NVIDIA L4,suse-ai,29
1788053580,tensor_active_fraction,downstream-gpu-worker-0,0,NVIDIA L4,suse-ai,0.227
1788053580,fb_used_mib,downstream-gpu-worker-0,0,NVIDIA L4,suse-ai,7887
1788053580,power_usage_w,downstream-gpu-worker-0,0,NVIDIA L4,suse-ai,49.2
1788053580,gpu_temp_c,downstream-gpu-worker-0,0,NVIDIA L4,suse-ai,44.0
1788053640,gpu_util_pct,downstream-gpu-worker-0,0,NVIDIA L4,suse-ai,62
1788053640,tensor_active_fraction,downstream-gpu-worker-0,0,NVIDIA L4,suse-ai,0.496
1788053640,fb_used_mib,downstream-gpu-worker-0,0,NVIDIA L4,suse-ai,12448
1788053640,power_usage_w,downstream-gpu-worker-0,0,NVIDIA L4,suse-ai,65.7
1788053640,gpu_temp_c,downstream-gpu-worker-0,0,NVIDIA L4,suse-ai,54.0
1788053700,gpu_util_pct,downstream-gpu-worker-0,0,NVIDIA L4,suse-ai,31
1788053700,tensor_active_fraction,downstream-gpu-worker-0,0,NVIDIA L4,suse-ai,0.281
1788053700,fb_used_mib,downstream-gpu-worker-0,0,NVIDIA L4,suse-ai,8121
1788053700,power_usage_w,downstream-gpu-worker-0,0,NVIDIA L4,suse-ai,50.9
1788053700,gpu_temp_c,downstream-gpu-worker-0,0,NVIDIA L4,suse-ai,43.7
1788053760,gpu_util_pct,downstream-gpu-worker-0,0,NVIDIA L4,suse-ai,28
1788053760,tensor_active_fraction,downstream-gpu-worker-0,0,NVIDIA L4,suse-ai,0.295
1788053760,fb_used_mib,downstream-gpu-worker-0,0,NVIDIA L4,suse-ai,7834
1788053760,power_usage_w,downstream-gpu-worker-0,0,NVIDIA L4,suse-ai,51.7
1788053760,gpu_temp_c,downstream-gpu-worker-0,0,NVIDIA L4,suse-ai,44.4
1788053820,gpu_util_pct,downstream-gpu-worker-0,0,NVIDIA L4,suse-ai,24
1788053820,tensor_active_fraction,downstream-gpu-worker-0,0,NVIDIA L4,suse-ai,0.125
1788053820,fb_used_mib,downstream-gpu-worker-0,0,NVIDIA L4,suse-ai,5493
1788053820,power_usage_w,downstream-gpu-worker-0,0,NVIDIA L4,suse-ai,42.1
1788053820,gpu_temp_c,downstream-gpu-worker-0,0,NVIDIA L4,suse-ai,39.9
1788053880,gpu_util_pct,downstream-gpu-worker-0,0,NVIDIA L4,suse-ai,32
1788053880,tensor_active_fraction,downstream-gpu-worker-0,0,NVIDIA L4,suse-ai,0.231
1788053880,fb_used_mib,downstream-gpu-worker-0,0,NVIDIA L4,suse-ai,7676
1788053880,power_usage_w,downstream-gpu-worker-0,0,NVIDIA L4,suse-ai,49.0
1788053880,gpu_temp_c,downstream-gpu-worker-0,0,NVIDIA L4,suse-ai,45.9
1788053940,gpu_util_pct,downstream-gpu-worker-0,0,NVIDIA L4,suse-ai,40
1788053940,tensor_active_fraction,downstream-gpu-worker-0,0,NVIDIA L4,suse-ai,0.336
1788053940,fb_used_mib,downstream-gpu-worker-0,0,NVIDIA L4,suse-ai,8530
1788053940,power_usage_w,downstream-gpu-worker-0,0,NVIDIA L4,suse-ai,48.8
1788053940,gpu_temp_c,downstream-gpu-worker-0,0,NVIDIA L4,suse-ai,45.5
1788054000,gpu_util_pct,downstream-gpu-worker-0,0,NVIDIA L4,suse-ai,12
1788054000,tensor_active_fraction,downstream-gpu-worker-0,0,NVIDIA L4,suse-ai,0.023
1788054000,fb_used_mib,downstream-gpu-worker-0,0,NVIDIA L4,suse-ai,3400
1788054000,power_usage_w,downstream-gpu-worker-0,0,NVIDIA L4,suse-ai,37.0
1788054000,gpu_temp_c,downstream-gpu-worker-0,0,NVIDIA L4,suse-ai,36.8
1788054060,gpu_util_pct,downstream-gpu-worker-0,0,NVIDIA L4,suse-ai,53
1788054060,tensor_active_fraction,downstream-gpu-worker-0,0,NVIDIA L4,suse-ai,0.345
1788054060,fb_used_mib,downstream-gpu-worker-0,0,NVIDIA L4,suse-ai,10744
1788054060,power_usage_w,downstream-gpu-worker-0,0,NVIDIA L4,suse-ai,61.0
1788054060,gpu_temp_c,downstream-gpu-worker-0,0,NVIDIA L4,suse-ai,49.8
1788054120,gpu_util_pct,downstream-gpu-worker-0,0,NVIDIA L4,suse-ai,41
1788054120,tensor_active_fraction,downstream-gpu-worker-0,0,NVIDIA L4,suse-ai,0.335
1788054120,fb_used_mib,downstream-gpu-worker-0,0,NVIDIA L4,suse-ai,8774
1788054120,power_usage_w,downstream-gpu-worker-0,0,NVIDIA L4,suse-ai,50.2
1788054120,gpu_temp_c,downstream-gpu-worker-0,0,NVIDIA L4,suse-ai,46.1
1788054180,gpu_util_pct,downstream-gpu-worker-0,0,NVIDIA L4,suse-ai,52
1788054180,tensor_active_fraction,downstream-gpu-worker-0,0,NVIDIA L4,suse-ai,0.418
1788054180,fb_used_mib,downstream-gpu-worker-0,0,NVIDIA L4,suse-ai,10525
1788054180,power_usage_w,downstream-gpu-worker-0,0,NVIDIA L4,suse-ai,56.2
1788054180,gpu_temp_c,downstream-gpu-worker-0,0,NVIDIA L4,suse-ai,50.1
1788054240,gpu_util_pct,downstream-gpu-worker-0,0,NVIDIA L4,suse-ai,1
1788054240,tensor_active_fraction,downstream-gpu-worker-0,0,NVIDIA L4,suse-ai,0.0
1788054240,fb_used_mib,downstream-gpu-worker-0,0,NVIDIA L4,suse-ai,2137
1788054240,power_usage_w,downstream-gpu-worker-0,0,NVIDIA L4,suse-ai,30.5
1788054240,gpu_temp_c,downstream-gpu-worker-0,0,NVIDIA L4,suse-ai,36.5
1788054300,gpu_util_pct,downstream-gpu-worker-0,0,NVIDIA L4,suse-ai,55
1788054300,tensor_active_fraction,downstream-gpu-worker-0,0,NVIDIA L4,suse-ai,0.504
1788054300,fb_used_mib,downstream-gpu-worker-0,0,NVIDIA L4,suse-ai,12174
1788054300,power_usage_w,downstream-gpu-worker-0,0,NVIDIA L4,suse-ai,66.2
1788054300,gpu_temp_c,downstream-gpu-worker-0,0,NVIDIA L4,suse-ai,51.1
1788054360,gpu_util_pct,downstream-gpu-worker-0,0,NVIDIA L4,suse-ai,37
1788054360,tensor_active_fraction,downstream-gpu-worker-0,0,NVIDIA L4,suse-ai,0.322
1788054360,fb_used_mib,downstream-gpu-worker-0,0,NVIDIA L4,suse-ai,8638
1788054360,power_usage_w,downstream-gpu-worker-0,0,NVIDIA L4,suse-ai,52.7
1788054360,gpu_temp_c,downstream-gpu-worker-0,0,NVIDIA L4,suse-ai,45.9
1788054420,gpu_util_pct,downstream-gpu-worker-0,0,NVIDIA L4,suse-ai,17
1788054420,tensor_active_fraction,downstream-gpu-worker-0,0,NVIDIA L4,suse-ai,0.188
1788054420,fb_used_mib,downstream-gpu-worker-0,0,NVIDIA L4,suse-ai,5790
1788054420,power_usage_w,downstream-gpu-worker-0,0,NVIDIA L4,suse-ai,40.3
1788054420,gpu_temp_c,downstream-gpu-worker-0,0,NVIDIA L4,suse-ai,39.8
1788054480,gpu_util_pct,downstream-gpu-worker-0,0,NVIDIA L4,suse-ai,43
1788054480,tensor_active_fraction,downstream-gpu-worker-0,0,NVIDIA L4,suse-ai,0.294
1788054480,fb_used_mib,downstream-gpu-worker-0,0,NVIDIA L4,suse-ai,8878
1788054480,power_usage_w,downstream-gpu-worker-0,0,NVIDIA L4,suse-ai,55.6
1788054480,gpu_temp_c,downstream-gpu-worker-0,0,NVIDIA L4,suse-ai,45.5
1788054540,gpu_util_pct,downstream-gpu-worker-0,0,NVIDIA L4,suse-ai,0
1788054540,tensor_active_fraction,downstream-gpu-worker-0,0,NVIDIA L4,suse-ai,0.0
1788054540,fb_used_mib,downstream-gpu-worker-0,0,NVIDIA L4,suse-ai,2101
1788054540,power_usage_w,downstream-gpu-worker-0,0,NVIDIA L4,suse-ai,31.8
1788054540,gpu_temp_c,downstream-gpu-worker-0,0,NVIDIA L4,suse-ai,35.1
1788054600,gpu_util_pct,downstream-gpu-worker-0,0,NVIDIA L4,suse-ai,3
1788054600,tensor_active_fraction,downstream-gpu-worker-0,0,NVIDIA L4,suse-ai,0.037
1788054600,fb_used_mib,downstream-gpu-worker-0,0,NVIDIA L4,suse-ai,1900
1788054600,power_usage_w,downstream-gpu-worker-0,0,NVIDIA L4,suse-ai,27.3
1788054600,gpu_temp_c,downstream-gpu-worker-0,0,NVIDIA L4,suse-ai,33.2
1788054660,gpu_util_pct,downstream-gpu-worker-0,0,NVIDIA L4,suse-ai,23
1788054660,tensor_active_fraction,downstream-gpu-worker-0,0,NVIDIA L4,suse-ai,0.185
1788054660,fb_used_mib,downstream-gpu-worker-0,0,NVIDIA L4,suse-ai,6614
1788054660,power_usage_w,downstream-gpu-worker-0,0,NVIDIA L4,suse-ai,47.6
1788054660,gpu_temp_c,downstream-gpu-worker-0,0,NVIDIA L4,suse-ai,44.6
1788054720,gpu_util_pct,downstream-gpu-worker-0,0,NVIDIA L4,suse-ai,1
1788054720,tensor_active_fraction,downstream-gpu-worker-0,0,NVIDIA L4,suse-ai,0.034
1788054720,fb_used_mib,downstream-gpu-worker-0,0,NVIDIA L4,suse-ai,2464
1788054720,power_usage_w,downstream-gpu-worker-0,0,NVIDIA L4,suse-ai,28.8
1788054720,gpu_temp_c,downstream-gpu-worker-0,0,NVIDIA L4,suse-ai,37.4
1788054780,gpu_util_pct,downstream-gpu-worker-0,0,NVIDIA L4,suse-ai,10
1788054780,tensor_active_fraction,downstream-gpu-worker-0,0,NVIDIA L4,suse-ai,0.094
1788054780,fb_used_mib,downstream-gpu-worker-0,0,NVIDIA L4,suse-ai,3575
1788054780,power_usage_w,downstream-gpu-worker-0,0,NVIDIA L4,suse-ai,36.9
1788054780,gpu_temp_c,downstream-gpu-worker-0,0,NVIDIA L4,suse-ai,37.1
1788054840,gpu_util_pct,downstream-gpu-worker-0,0,NVIDIA L4,suse-ai,14
1788054840,tensor_active_fraction,downstream-gpu-worker-0,0,NVIDIA L4,suse-ai,0.126
1788054840,fb_used_mib,downstream-gpu-worker-0,0,NVIDIA L4,suse-ai,4867
1788054840,power_usage_w,downstream-gpu-worker-0,0,NVIDIA L4,suse-ai,37.5
1788054840,gpu_temp_c,downstream-gpu-worker-0,0,NVIDIA L4,suse-ai,41.1
1788054900,gpu_util_pct,downstream-gpu-worker-0,0,NVIDIA L4,suse-ai,17
1788054900,tensor_active_fraction,downstream-gpu-worker-0,0,NVIDIA L4,suse-ai,0.091
1788054900,fb_used_mib,downstream-gpu-worker-0,0,NVIDIA L4,suse-ai,4869
1788054900,power_usage_w,downstream-gpu-worker-0,0,NVIDIA L4,suse-ai,39.2
1788054900,gpu_temp_c,downstream-gpu-worker-0,0,NVIDIA L4,suse-ai,41.7
1788054960,gpu_util_pct,downstream-gpu-worker-0,0,NVIDIA L4,suse-ai,25
1788054960,tensor_active_fraction,downstream-gpu-worker-0,0,NVIDIA L4,suse-ai,0.273
1788054960,fb_used_mib,downstream-gpu-worker-0,0,NVIDIA L4,suse-ai,7348
1788054960,power_usage_w,downstream-gpu-worker-0,0,NVIDIA L4,suse-ai,47.5
1788054960,gpu_temp_c,downstream-gpu-worker-0,0,NVIDIA L4,suse-ai,42.9
1788055020,gpu_util_pct,downstream-gpu-worker-0,0,NVIDIA L4,suse-ai,30
1788055020,tensor_active_fraction,downstream-gpu-worker-0,0,NVIDIA L4,suse-ai,0.295
1788055020,fb_used_mib,downstream-gpu-worker-0,0,NVIDIA L4,suse-ai,8242
1788055020,power_usage_w,downstream-gpu-worker-0,0,NVIDIA L4,suse-ai,47.6
1788055020,gpu_temp_c,downstream-gpu-worker-0,0,NVIDIA L4,suse-ai,44.2
1788055080,gpu_util_pct,downstream-gpu-worker-0,0,NVIDIA L4,suse-ai,28
1788055080,tensor_active_fraction,downstream-gpu-worker-0,0,NVIDIA L4,suse-ai,0.249
1788055080,fb_used_mib,downstream-gpu-worker-0,0,NVIDIA L4,suse-ai,6386
1788055080,power_usage_w,downstream-gpu-worker-0,0,NVIDIA L4,suse-ai,47.3
1788055080,gpu_temp_c,downstream-gpu-worker-0,0,NVIDIA L4,suse-ai,41.7
1788055140,gpu_util_pct,downstream-gpu-worker-0,0,NVIDIA L4,suse-ai,35
1788055140,tensor_active_fraction,downstream-gpu-worker-0,0,NVIDIA L4,suse-ai,0.341
1788055140,fb_used_mib,downstream-gpu-worker-0,0,NVIDIA L4,suse-ai,8443
1788055140,power_usage_w,downstream-gpu-worker-0,0,NVIDIA L4,suse-ai,54.2
1788055140,gpu_temp_c,downstream-gpu-worker-0,0,NVIDIA L4,suse-ai,45.6
1788055200,gpu_util_pct,downstream-gpu-worker-0,0,NVIDIA L4,suse-ai,0
1788055200,tensor_active_fraction,downstream-gpu-worker-0,0,NVIDIA L4,suse-ai,0.0
1788055200,fb_used_mib,downstream-gpu-worker-0,0,NVIDIA L4,suse-ai,1890
1788055200,power_usage_w,downstream-gpu-worker-0,0,NVIDIA L4,suse-ai,29.3
1788055200,gpu_temp_c,downstream-gpu-worker-0,0,NVIDIA L4,suse-ai,35.6
1788055260,gpu_util_pct,downstream-gpu-worker-0,0,NVIDIA L4,suse-ai,34
1788055260,tensor_active_fraction,downstream-gpu-worker-0,0,NVIDIA L4,suse-ai,0.213
1788055260,fb_used_mib,downstream-gpu-worker-0,0,NVIDIA L4,suse-ai,7957
1788055260,power_usage_w,downstream-gpu-worker-0,0,NVIDIA L4,suse-ai,52.1
1788055260,gpu_temp_c,downstream-gpu-worker-0,0,NVIDIA L4,suse-ai,46.4
1788055320,gpu_util_pct,downstream-gpu-worker-0,0,NVIDIA L4,suse-ai,48
1788055320,tensor_active_fraction,downstream-gpu-worker-0,0,NVIDIA L4,suse-ai,0.431
1788055320,fb_used_mib,downstream-gpu-worker-0,0,NVIDIA L4,suse-ai,10855
1788055320,power_usage_w,downstream-gpu-worker-0,0,NVIDIA L4,suse-ai,61.4
1788055320,gpu_temp_c,downstream-gpu-worker-0,0,NVIDIA L4,suse-ai,48.8
1788055380,gpu_util_pct,downstream-gpu-worker-0,0,NVIDIA L4,suse-ai,2
1788055380,tensor_active_fraction,downstream-gpu-worker-0,0,NVIDIA L4,suse-ai,0.012
1788055380,fb_used_mib,downstream-gpu-worker-0,0,NVIDIA L4,suse-ai,2146
1788055380,power_usage_w,downstream-gpu-worker-0,0,NVIDIA L4,suse-ai,31.7
1788055380,gpu_temp_c,downstream-gpu-worker-0,0,NVIDIA L4,suse-ai,36.7
1788055440,gpu_util_pct,downstream-gpu-worker-0,0,NVIDIA L4,suse-ai,53
1788055440,tensor_active_fraction,downstream-gpu-worker-0,0,NVIDIA L4,suse-ai,0.403
1788055440,fb_used_mib,downstream-gpu-worker-0,0,NVIDIA L4,suse-ai,11125
1788055440,power_usage_w,downstream-gpu-worker-0,0,NVIDIA L4,suse-ai,62.4
1788055440,gpu_temp_c,downstream-gpu-worker-0,0,NVIDIA L4,suse-ai,49.1
1788055500,gpu_util_pct,downstream-gpu-worker-0,0,NVIDIA L4,suse-ai,69
1788055500,tensor_active_fraction,downstream-gpu-worker-0,0,NVIDIA L4,suse-ai,0.54
1788055500,fb_used_mib,downstream-gpu-worker-0,0,NVIDIA L4,suse-ai,14402
1788055500,power_usage_w,downstream-gpu-worker-0,0,NVIDIA L4,suse-ai,72.7
1788055500,gpu_temp_c,downstream-gpu-worker-0,0,NVIDIA L4,suse-ai,54.6
1788055560,gpu_util_pct,downstream-gpu-worker-0,0,NVIDIA L4,suse-ai,66
1788055560,tensor_active_fraction,downstream-gpu-worker-0,0,NVIDIA L4,suse-ai,0.578
1788055560,fb_used_mib,downstream-gpu-worker-0,0,NVIDIA L4,suse-ai,13799
1788055560,power_usage_w,downstream-gpu-worker-0,0,NVIDIA L4,suse-ai,72.1
1788055560,gpu_temp_c,downstream-gpu-worker-0,0,NVIDIA L4,suse-ai,54.0
1788055620,gpu_util_pct,downstream-gpu-worker-0,0,NVIDIA L4,suse-ai,42
1788055620,tensor_active_fraction,downstream-gpu-worker-0,0,NVIDIA L4,suse-ai,0.405
1788055620,fb_used_mib,downstream-gpu-worker-0,0,NVIDIA L4,suse-ai,10097
1788055620,power_usage_w,downstream-gpu-worker-0,0,NVIDIA L4,suse-ai,55.4
1788055620,gpu_temp_c,downstream-gpu-worker-0,0,NVIDIA L4,suse-ai,48.6
1788055680,gpu_util_pct,downstream-gpu-worker-0,0,NVIDIA L4,suse-ai,0
1788055680,tensor_active_fraction,downstream-gpu-worker-0,0,NVIDIA L4,suse-ai,0.0
1788055680,fb_used_mib,downstream-gpu-worker-0,0,NVIDIA L4,suse-ai,1900
1788055680,power_usage_w,downstream-gpu-worker-0,0,NVIDIA L4,suse-ai,30.9
1788055680,gpu_temp_c,downstream-gpu-worker-0,0,NVIDIA L4,suse-ai,36.1
1788055740,gpu_util_pct,downstream-gpu-worker-0,0,NVIDIA L4,suse-ai,0
1788055740,tensor_active_fraction,downstream-gpu-worker-0,0,NVIDIA L4,suse-ai,0.016
1788055740,fb_used_mib,downstream-gpu-worker-0,0,NVIDIA L4,suse-ai,2134
1788055740,power_usage_w,downstream-gpu-worker-0,0,NVIDIA L4,suse-ai,32.1
1788055740,gpu_temp_c,downstream-gpu-worker-0,0,NVIDIA L4,suse-ai,34.8
1788055800,gpu_util_pct,downstream-gpu-worker-0,0,NVIDIA L4,suse-ai,0
1788055800,tensor_active_fraction,downstream-gpu-worker-0,0,NVIDIA L4,suse-ai,0.0
1788055800,fb_used_mib,downstream-gpu-worker-0,0,NVIDIA L4,suse-ai,1943
1788055800,power_usage_w,downstream-gpu-worker-0,0,NVIDIA L4,suse-ai,30.8
1788055800,gpu_temp_c,downstream-gpu-worker-0,0,NVIDIA L4,suse-ai,35.2
1788055860,gpu_util_pct,downstream-gpu-worker-0,0,NVIDIA L4,suse-ai,24
1788055860,tensor_active_fraction,downstream-gpu-worker-0,0,NVIDIA L4,suse-ai,0.14
1788055860,fb_used_mib,downstream-gpu-worker-0,0,NVIDIA L4,suse-ai,6247
1788055860,power_usage_w,downstream-gpu-worker-0,0,NVIDIA L4,suse-ai,43.9
1788055860,gpu_temp_c,downstream-gpu-worker-0,0,NVIDIA L4,suse-ai,43.6
1788055920,gpu_util_pct,downstream-gpu-worker-0,0,NVIDIA L4,suse-ai,23
1788055920,tensor_active_fraction,downstream-gpu-worker-0,0,NVIDIA L4,suse-ai,0.231
1788055920,fb_used_mib,downstream-gpu-worker-0,0,NVIDIA L4,suse-ai,6446
1788055920,power_usage_w,downstream-gpu-worker-0,0,NVIDIA L4,suse-ai,45.1
1788055920,gpu_temp_c,downstream-gpu-worker-0,0,NVIDIA L4,suse-ai,41.5
1788055980,gpu_util_pct,downstream-gpu-worker-0,0,NVIDIA L4,suse-ai,8
1788055980,tensor_active_fraction,downstream-gpu-worker-0,0,NVIDIA L4,suse-ai,0.047
1788055980,fb_used_mib,downstream-gpu-worker-0,0,NVIDIA L4,suse-ai,2591
1788055980,power_usage_w,downstream-gpu-worker-0,0,NVIDIA L4,suse-ai,33.3
1788055980,gpu_temp_c,downstream-gpu-worker-0,0,NVIDIA L4,suse-ai,34.9
1788056040,gpu_util_pct,downstream-gpu-worker-0,0,NVIDIA L4,suse-ai,30
1788056040,tensor_active_fraction,downstream-gpu-worker-0,0,NVIDIA L4,suse-ai,0.226
1788056040,fb_used_mib,downstream-gpu-worker-0,0,NVIDIA L4,suse-ai,7519
1788056040,power_usage_w,downstream-gpu-worker-0,0,NVIDIA L4,suse-ai,46.7
1788056040,gpu_temp_c,downstream-gpu-worker-0,0,NVIDIA L4,suse-ai,46.0
1788056100,gpu_util_pct,downstream-gpu-worker-0,0,NVIDIA L4,suse-ai,74
1788056100,tensor_active_fraction,downstream-gpu-worker-0,0,NVIDIA L4,suse-ai,0.509
1788056100,fb_used_mib,downstream-gpu-worker-0,0,NVIDIA L4,suse-ai,14689
1788056100,power_usage_w,downstream-gpu-worker-0,0,NVIDIA L4,suse-ai,73.9
1788056100,gpu_temp_c,downstream-gpu-worker-0,0,NVIDIA L4,suse-ai,56.1
1788056160,gpu_util_pct,downstream-gpu-worker-0,0,NVIDIA L4,suse-ai,0
1788056160,tensor_active_fraction,downstream-gpu-worker-0,0,NVIDIA L4,suse-ai,0.0
1788056160,fb_used_mib,downstream-gpu-worker-0,0,NVIDIA L4,suse-ai,2003
1788056160,power_usage_w,downstream-gpu-worker-0,0,NVIDIA L4,suse-ai,27.7
1788056160,gpu_temp_c,downstream-gpu-worker-0,0,NVIDIA L4,suse-ai,33.3
1788056220,gpu_util_pct,downstream-gpu-worker-0,0,NVIDIA L4,suse-ai,7
1788056220,tensor_active_fraction,downstream-gpu-worker-0,0,NVIDIA L4,suse-ai,0.081
1788056220,fb_used_mib,downstream-gpu-worker-0,0,NVIDIA L4,suse-ai,3144
1788056220,power_usage_w,downstream-gpu-worker-0,0,NVIDIA L4,suse-ai,31.0
1788056220,gpu_temp_c,downstream-gpu-worker-0,0,NVIDIA L4,suse-ai,36.5
1788056280,gpu_util_pct,downstream-gpu-worker-0,0,NVIDIA L4,suse-ai,8
1788056280,tensor_active_fraction,downstream-gpu-worker-0,0,NVIDIA L4,suse-ai,0.109
1788056280,fb_used_mib,downstream-gpu-worker-0,0,NVIDIA L4,suse-ai,4162
1788056280,power_usage_w,downstream-gpu-worker-0,0,NVIDIA L4,suse-ai,40.2
1788056280,gpu_temp_c,downstream-gpu-worker-0,0,NVIDIA L4,suse-ai,40.3
1788056340,gpu_util_pct,downstream-gpu-worker-0,0,NVIDIA L4,suse-ai,24
1788056340,tensor_active_fraction,downstream-gpu-worker-0,0,NVIDIA L4,suse-ai,0.137
1788056340,fb_used_mib,downstream-gpu-worker-0,0,NVIDIA L4,suse-ai,5369
1788056340,power_usage_w,downstream-gpu-worker-0,0,NVIDIA L4,suse-ai,41.1
1788056340,gpu_temp_c,downstream-gpu-worker-0,0,NVIDIA L4,suse-ai,40.1
1788056400,gpu_util_pct,downstream-gpu-worker-0,0,NVIDIA L4,suse-ai,2
1788056400,tensor_active_fraction,downstream-gpu-worker-0,0,NVIDIA L4,suse-ai,0.0
1788056400,fb_used_mib,downstream-gpu-worker-0,0,NVIDIA L4,suse-ai,2120
1788056400,power_usage_w,downstream-gpu-worker-0,0,NVIDIA L4,suse-ai,29.7
1788056400,gpu_temp_c,downstream-gpu-worker-0,0,NVIDIA L4,suse-ai,36.3
1788056460,gpu_util_pct,downstream-gpu-worker-0,0,NVIDIA L4,suse-ai,53
1788056460,tensor_active_fraction,downstream-gpu-worker-0,0,NVIDIA L4,suse-ai,0.421
1788056460,fb_used_mib,downstream-gpu-worker-0,0,NVIDIA L4,suse-ai,11159
1788056460,power_usage_w,downstream-gpu-worker-0,0,NVIDIA L4,suse-ai,59.2
1788056460,gpu_temp_c,downstream-gpu-worker-0,0,NVIDIA L4,suse-ai,50.3
1788056520,gpu_util_pct,downstream-gpu-worker-0,0,NVIDIA L4,suse-ai,39
1788056520,tensor_active_fraction,downstream-gpu-worker-0,0,NVIDIA L4,suse-ai,0.37
1788056520,fb_used_mib,downstream-gpu-worker-0,0,NVIDIA L4,suse-ai,9792
1788056520,power_usage_w,downstream-gpu-worker-0,0,NVIDIA L4,suse-ai,58.5
1788056520,gpu_temp_c,downstream-gpu-worker-0,0,NVIDIA L4,suse-ai,49.7
1788056580,gpu_util_pct,downstream-gpu-worker-0,0,NVIDIA L4,suse-ai,71
1788056580,tensor_active_fraction,downstream-gpu-worker-0,0,NVIDIA L4,suse-ai,0.616
1788056580,fb_used_mib,downstream-gpu-worker-0,0,NVIDIA L4,suse-ai,14785
1788056580,power_usage_w,downstream-gpu-worker-0,0,NVIDIA L4,suse-ai,73.8
1788056580,gpu_temp_c,downstream-gpu-worker-0,0,NVIDIA L4,suse-ai,56.4
1788056640,gpu_util_pct,downstream-gpu-worker-0,0,NVIDIA L4,suse-ai,4
1788056640,tensor_active_fraction,downstream-gpu-worker-0,0,NVIDIA L4,suse-ai,0.03
1788056640,fb_used_mib,downstream-gpu-worker-0,0,NVIDIA L4,suse-ai,2043
1788056640,power_usage_w,downstream-gpu-worker-0,0,NVIDIA L4,suse-ai,31.0
1788056640,gpu_temp_c,downstream-gpu-worker-0,0,NVIDIA L4,suse-ai,35.1
1788056700,gpu_util_pct,downstream-gpu-worker-0,0,NVIDIA L4,suse-ai,12
1788056700,tensor_active_fraction,downstream-gpu-worker-0,0,NVIDIA L4,suse-ai,0.126
1788056700,fb_used_mib,downstream-gpu-worker-0,0,NVIDIA L4,suse-ai,4821
1788056700,power_usage_w,downstream-gpu-worker-0,0,NVIDIA L4,suse-ai,37.8
1788056700,gpu_temp_c,downstream-gpu-worker-0,0,NVIDIA L4,suse-ai,40.6
1788056760,gpu_util_pct,downstream-gpu-worker-0,0,NVIDIA L4,suse-ai,67
1788056760,tensor_active_fraction,downstream-gpu-worker-0,0,NVIDIA L4,suse-ai,0.54
1788056760,fb_used_mib,downstream-gpu-worker-0,0,NVIDIA L4,suse-ai,14765
1788056760,power_usage_w,downstream-gpu-worker-0,0,NVIDIA L4,suse-ai,73.1
1788056760,gpu_temp_c,downstream-gpu-worker-0,0,NVIDIA L4,suse-ai,55.7
1788056820,gpu_util_pct,downstream-gpu-worker-0,0,NVIDIA L4,suse-ai,67
1788056820,tensor_active_fraction,downstream-gpu-worker-0,0,NVIDIA L4,suse-ai,0.505
1788056820,fb_used_mib,downstream-gpu-worker-0,0,NVIDIA L4,suse-ai,14323
1788056820,power_usage_w,downstream-gpu-worker-0,0,NVIDIA L4,suse-ai,68.5
1788056820,gpu_temp_c,downstream-gpu-worker-0,0,NVIDIA L4,suse-ai,54.9
1788056880,gpu_util_pct,downstream-gpu-worker-0,0,NVIDIA L4,suse-ai,26
1788056880,tensor_active_fraction,downstream-gpu-worker-0,0,NVIDIA L4,suse-ai,0.258
1788056880,fb_used_mib,downstream-gpu-worker-0,0,NVIDIA L4,suse-ai,7052
1788056880,power_usage_w,downstream-gpu-worker-0,0,NVIDIA L4,suse-ai,49.2
1788056880,gpu_temp_c,downstream-gpu-worker-0,0,NVIDIA L4,suse-ai,45.5
1788056940,gpu_util_pct,downstream-gpu-worker-0,0,NVIDIA L4,suse-ai,63
1788056940,tensor_active_fraction,downstream-gpu-worker-0,0,NVIDIA L4,suse-ai,0.568
1788056940,fb_used_mib,downstream-gpu-worker-0,0,NVIDIA L4,suse-ai,13926
1788056940,power_usage_w,downstream-gpu-worker-0,0,NVIDIA L4,suse-ai,70.5
1788056940,gpu_temp_c,downstream-gpu-worker-0,0,NVIDIA L4,suse-ai,55.2
1788057000,gpu_util_pct,downstream-gpu-worker-0,0,NVIDIA L4,suse-ai,53
1788057000,tensor_active_fraction,downstream-gpu-worker-0,0,NVIDIA L4,suse-ai,0.402
1788057000,fb_used_mib,downstream-gpu-worker-0,0,NVIDIA L4,suse-ai,11863
1788057000,power_usage_w,downstream-gpu-worker-0,0,NVIDIA L4,suse-ai,63.0
1788057000,gpu_temp_c,downstream-gpu-worker-0,0,NVIDIA L4,suse-ai,50.1
1788057060,gpu_util_pct,downstream-gpu-worker-0,0,NVIDIA L4,suse-ai,33
1788057060,tensor_active_fraction,downstream-gpu-worker-0,0,NVIDIA L4,suse-ai,0.206
1788057060,fb_used_mib,downstream-gpu-worker-0,0,NVIDIA L4,suse-ai,7183
1788057060,power_usage_w,downstream-gpu-worker-0,0,NVIDIA L4,suse-ai,47.4
1788057060,gpu_temp_c,downstream-gpu-worker-0,0,NVIDIA L4,suse-ai,42.5
1788057120,gpu_util_pct,downstream-gpu-worker-0,0,NVIDIA L4,suse-ai,26
1788057120,tensor_active_fraction,downstream-gpu-worker-0,0,NVIDIA L4,suse-ai,0.206
1788057120,fb_used_mib,downstream-gpu-worker-0,0,NVIDIA L4,suse-ai,6143
1788057120,power_usage_w,downstream-gpu-worker-0,0,NVIDIA L4,suse-ai,41.5
1788057120,gpu_temp_c,downstream-gpu-worker-0,0,NVIDIA L4,suse-ai,43.4
1788057180,gpu_util_pct,downstream-gpu-worker-0,0,NVIDIA L4,suse-ai,54
1788057180,tensor_active_fraction,downstream-gpu-worker-0,0,NVIDIA L4,suse-ai,0.434
1788057180,fb_used_mib,downstream-gpu-worker-0,0,NVIDIA L4,suse-ai,12352
1788057180,power_usage_w,downstream-gpu-worker-0,0,NVIDIA L4,suse-ai,65.2
1788057180,gpu_temp_c,downstream-gpu-worker-0,0,NVIDIA L4,suse-ai,52.7
1788057240,gpu_util_pct,downstream-gpu-worker-0,0,NVIDIA L4,suse-ai,20
1788057240,tensor_active_fraction,downstream-gpu-worker-0,0,NVIDIA L4,suse-ai,0.126
1788057240,fb_used_mib,downstream-gpu-worker-0,0,NVIDIA L4,suse-ai,5757
1788057240,power_usage_w,downstream-gpu-worker-0,0,NVIDIA L4,suse-ai,40.7
1788057240,gpu_temp_c,downstream-gpu-worker-0,0,NVIDIA L4,suse-ai,40.3
1788057300,gpu_util_pct,downstream-gpu-worker-0,0,NVIDIA L4,suse-ai,19
1788057300,tensor_active_fraction,downstream-gpu-worker-0,0,NVIDIA L4,suse-ai,0.112
1788057300,fb_used_mib,downstream-gpu-worker-0,0,NVIDIA L4,suse-ai,4925
1788057300,power_usage_w,downstream-gpu-worker-0,0,NVIDIA L4,suse-ai,37.3
1788057300,gpu_temp_c,downstream-gpu-worker-0,0,NVIDIA L4,suse-ai,40.7
1788057360,gpu_util_pct,downstream-gpu-worker-0,0,NVIDIA L4,suse-ai,4
1788057360,tensor_active_fraction,downstream-gpu-worker-0,0,NVIDIA L4,suse-ai,0.045
1788057360,fb_used_mib,downstream-gpu-worker-0,0,NVIDIA L4,suse-ai,2164
1788057360,power_usage_w,downstream-gpu-worker-0,0,NVIDIA L4,suse-ai,30.8
1788057360,gpu_temp_c,downstream-gpu-worker-0,0,NVIDIA L4,suse-ai,36.0
1788057420,gpu_util_pct,downstream-gpu-worker-0,0,NVIDIA L4,suse-ai,27
1788057420,tensor_active_fraction,downstream-gpu-worker-0,0,NVIDIA L4,suse-ai,0.216
1788057420,fb_used_mib,downstream-gpu-worker-0,0,NVIDIA L4,suse-ai,6495
1788057420,power_usage_w,downstream-gpu-worker-0,0,NVIDIA L4,suse-ai,46.0
1788057420,gpu_temp_c,downstream-gpu-worker-0,0,NVIDIA L4,suse-ai,42.7
1788057480,gpu_util_pct,downstream-gpu-worker-0,0,NVIDIA L4,suse-ai,58
1788057480,tensor_active_fraction,downstream-gpu-worker-0,0,NVIDIA L4,suse-ai,0.427
1788057480,fb_used_mib,downstream-gpu-worker-0,0,NVIDIA L4,suse-ai,12187
1788057480,power_usage_w,downstream-gpu-worker-0,0,NVIDIA L4,suse-ai,65.2
1788057480,gpu_temp_c,downstream-gpu-worker-0,0,NVIDIA L4,suse-ai,53.0
1788057540,gpu_util_pct,downstream-gpu-worker-0,0,NVIDIA L4,suse-ai,24
1788057540,tensor_active_fraction,downstream-gpu-worker-0,0,NVIDIA L4,suse-ai,0.175
1788057540,fb_used_mib,downstream-gpu-worker-0,0,NVIDIA L4,suse-ai,6763
1788057540,power_usage_w,downstream-gpu-worker-0,0,NVIDIA L4,suse-ai,44.3
1788057540,gpu_temp_c,downstream-gpu-worker-0,0,NVIDIA L4,suse-ai,43.9
1788057600,gpu_util_pct,downstream-gpu-worker-0,0,NVIDIA L4,suse-ai,7
1788057600,tensor_active_fraction,downstream-gpu-worker-0,0,NVIDIA L4,suse-ai,0.008
1788057600,fb_used_mib,downstream-gpu-worker-0,0,NVIDIA L4,suse-ai,3214
1788057600,power_usage_w,downstream-gpu-worker-0,0,NVIDIA L4,suse-ai,34.2
1788057600,gpu_temp_c,downstream-gpu-worker-0,0,NVIDIA L4,suse-ai,37.0
1788057660,gpu_util_pct,downstream-gpu-worker-0,0,NVIDIA L4,suse-ai,65
1788057660,tensor_active_fraction,downstream-gpu-worker-0,0,NVIDIA L4,suse-ai,0.527
1788057660,fb_used_mib,downstream-gpu-worker-0,0,NVIDIA L4,suse-ai,14225
1788057660,power_usage_w,downstream-gpu-worker-0,0,NVIDIA L4,suse-ai,73.1
1788057660,gpu_temp_c,downstream-gpu-worker-0,0,NVIDIA L4,suse-ai,53.4
1788057720,gpu_util_pct,downstream-gpu-worker-0,0,NVIDIA L4,suse-ai,73
1788057720,tensor_active_fraction,downstream-gpu-worker-0,0,NVIDIA L4,suse-ai,0.575
1788057720,fb_used_mib,downstream-gpu-worker-0,0,NVIDIA L4,suse-ai,14382
1788057720,power_usage_w,downstream-gpu-worker-0,0,NVIDIA L4,suse-ai,70.0
1788057720,gpu_temp_c,downstream-gpu-worker-0,0,NVIDIA L4,suse-ai,57.2
1788057780,gpu_util_pct,downstream-gpu-worker-0,0,NVIDIA L4,suse-ai,12
1788057780,tensor_active_fraction,downstream-gpu-worker-0,0,NVIDIA L4,suse-ai,0.076
1788057780,fb_used_mib,downstream-gpu-worker-0,0,NVIDIA L4,suse-ai,4383
1788057780,power_usage_w,downstream-gpu-worker-0,0,NVIDIA L4,suse-ai,38.1
1788057780,gpu_temp_c,downstream-gpu-worker-0,0,NVIDIA L4,suse-ai,38.0
1788057840,gpu_util_pct,downstream-gpu-worker-0,0,NVIDIA L4,suse-ai,5
1788057840,tensor_active_fraction,downstream-gpu-worker-0,0,NVIDIA L4,suse-ai,0.0
1788057840,fb_used_mib,downstream-gpu-worker-0,0,NVIDIA L4,suse-ai,2205
1788057840,power_usage_w,downstream-gpu-worker-0,0,NVIDIA L4,suse-ai,28.2
1788057840,gpu_temp_c,downstream-gpu-worker-0,0,NVIDIA L4,suse-ai,34.2
1788057900,gpu_util_pct,downstream-gpu-worker-0,0,NVIDIA L4,suse-ai,6
1788057900,tensor_active_fraction,downstream-gpu-worker-0,0,NVIDIA L4,suse-ai,0.089
1788057900,fb_used_mib,downstream-gpu-worker-0,0,NVIDIA L4,suse-ai,3887
1788057900,power_usage_w,downstream-gpu-worker-0,0,NVIDIA L4,suse-ai,34.3
1788057900,gpu_temp_c,downstream-gpu-worker-0,0,NVIDIA L4,suse-ai,38.5
1788057960,gpu_util_pct,downstream-gpu-worker-0,0,NVIDIA L4,suse-ai,4
1788057960,tensor_active_fraction,downstream-gpu-worker-0,0,NVIDIA L4,suse-ai,0.004
1788057960,fb_used_mib,downstream-gpu-worker-0,0,NVIDIA L4,suse-ai,1878
1788057960,power_usage_w,downstream-gpu-worker-0,0,NVIDIA L4,suse-ai,29.9
1788057960,gpu_temp_c,downstream-gpu-worker-0,0,NVIDIA L4,suse-ai,36.3
1788058020,gpu_util_pct,downstream-gpu-worker-0,0,NVIDIA L4,suse-ai,16
1788058020,tensor_active_fraction,downstream-gpu-worker-0,0,NVIDIA L4,suse-ai,0.192
1788058020,fb_used_mib,downstream-gpu-worker-0,0,NVIDIA L4,suse-ai,5287
1788058020,power_usage_w,downstream-gpu-worker-0,0,NVIDIA L4,suse-ai,40.7
1788058020,gpu_temp_c,downstream-gpu-worker-0,0,NVIDIA L4,suse-ai,39.0
1788058080,gpu_util_pct,downstream-gpu-worker-0,0,NVIDIA L4,suse-ai,30
1788058080,tensor_active_fraction,downstream-gpu-worker-0,0,NVIDIA L4,suse-ai,0.229
1788058080,fb_used_mib,downstream-gpu-worker-0,0,NVIDIA L4,suse-ai,6828
1788058080,power_usage_w,downstream-gpu-worker-0,0,NVIDIA L4,suse-ai,43.3
1788058080,gpu_temp_c,downstream-gpu-worker-0,0,NVIDIA L4,suse-ai,44.3
1788058140,gpu_util_pct,downstream-gpu-worker-0,0,NVIDIA L4,suse-ai,25
1788058140,tensor_active_fraction,downstream-gpu-worker-0,0,NVIDIA L4,suse-ai,0.199
1788058140,fb_used_mib,downstream-gpu-worker-0,0,NVIDIA L4,suse-ai,7203
1788058140,power_usage_w,downstream-gpu-worker-0,0,NVIDIA L4,suse-ai,48.7
1788058140,gpu_temp_c,downstream-gpu-worker-0,0,NVIDIA L4,suse-ai,45.7
1788058200,gpu_util_pct,downstream-gpu-worker-0,0,NVIDIA L4,suse-ai,60
1788058200,tensor_active_fraction,downstream-gpu-worker-0,0,NVIDIA L4,suse-ai,0.43
1788058200,fb_used_mib,downstream-gpu-worker-0,0,NVIDIA L4,suse-ai,12121
1788058200,power_usage_w,downstream-gpu-worker-0,0,NVIDIA L4,suse-ai,62.2
1788058200,gpu_temp_c,downstream-gpu-worker-0,0,NVIDIA L4,suse-ai,51.5
1788058260,gpu_util_pct,downstream-gpu-worker-0,0,NVIDIA L4,suse-ai,28
1788058260,tensor_active_fraction,downstream-gpu-worker-0,0,NVIDIA L4,suse-ai,0.224
1788058260,fb_used_mib,downstream-gpu-worker-0,0,NVIDIA L4,suse-ai,6478
1788058260,power_usage_w,downstream-gpu-worker-0,0,NVIDIA L4,suse-ai,46.6
1788058260,gpu_temp_c,downstream-gpu-worker-0,0,NVIDIA L4,suse-ai,44.3
1788058320,gpu_util_pct,downstream-gpu-worker-0,0,NVIDIA L4,suse-ai,0
1788058320,tensor_active_fraction,downstream-gpu-worker-0,0,NVIDIA L4,suse-ai,0.021
1788058320,fb_used_mib,downstream-gpu-worker-0,0,NVIDIA L4,suse-ai,2009
1788058320,power_usage_w,downstream-gpu-worker-0,0,NVIDIA L4,suse-ai,28.1
1788058320,gpu_temp_c,downstream-gpu-worker-0,0,NVIDIA L4,suse-ai,35.2
1788058380,gpu_util_pct,downstream-gpu-worker-0,0,NVIDIA L4,suse-ai,62
1788058380,tensor_active_fraction,downstream-gpu-worker-0,0,NVIDIA L4,suse-ai,0.529
1788058380,fb_used_mib,downstream-gpu-worker-0,0,NVIDIA L4,suse-ai,12936
1788058380,power_usage_w,downstream-gpu-worker-0,0,NVIDIA L4,suse-ai,64.8
1788058380,gpu_temp_c,downstream-gpu-worker-0,0,NVIDIA L4,suse-ai,53.5
1788058440,gpu_util_pct,downstream-gpu-worker-0,0,NVIDIA L4,suse-ai,61
1788058440,tensor_active_fraction,downstream-gpu-worker-0,0,NVIDIA L4,suse-ai,0.479
1788058440,fb_used_mib,downstream-gpu-worker-0,0,NVIDIA L4,suse-ai,13450
1788058440,power_usage_w,downstream-gpu-worker-0,0,NVIDIA L4,suse-ai,68.1
1788058440,gpu_temp_c,downstream-gpu-worker-0,0,NVIDIA L4,suse-ai,52.9
1788058500,gpu_util_pct,downstream-gpu-worker-0,0,NVIDIA L4,suse-ai,26
1788058500,tensor_active_fraction,downstream-gpu-worker-0,0,NVIDIA L4,suse-ai,0.251
1788058500,fb_used_mib,downstream-gpu-worker-0,0,NVIDIA L4,suse-ai,7182
1788058500,power_usage_w,downstream-gpu-worker-0,0,NVIDIA L4,suse-ai,47.9
1788058500,gpu_temp_c,downstream-gpu-worker-0,0,NVIDIA L4,suse-ai,44.8
1788058560,gpu_util_pct,downstream-gpu-worker-0,0,NVIDIA L4,suse-ai,3
1788058560,tensor_active_fraction,downstream-gpu-worker-0,0,NVIDIA L4,suse-ai,0.031
1788058560,fb_used_mib,downstream-gpu-worker-0,0,NVIDIA L4,suse-ai,2763
1788058560,power_usage_w,downstream-gpu-worker-0,0,NVIDIA L4,suse-ai,33.7
1788058560,gpu_temp_c,downstream-gpu-worker-0,0,NVIDIA L4,suse-ai,34.4
1788058620,gpu_util_pct,downstream-gpu-worker-0,0,NVIDIA L4,suse-ai,48
1788058620,tensor_active_fraction,downstream-gpu-worker-0,0,NVIDIA L4,suse-ai,0.39
1788058620,fb_used_mib,downstream-gpu-worker-0,0,NVIDIA L4,suse-ai,10381
1788058620,power_usage_w,downstream-gpu-worker-0,0,NVIDIA L4,suse-ai,57.4
1788058620,gpu_temp_c,downstream-gpu-worker-0,0,NVIDIA L4,suse-ai,49.3
1788058680,gpu_util_pct,downstream-gpu-worker-0,0,NVIDIA L4,suse-ai,75
1788058680,tensor_active_fraction,downstream-gpu-worker-0,0,NVIDIA L4,suse-ai,0.607
1788058680,fb_used_mib,downstream-gpu-worker-0,0,NVIDIA L4,suse-ai,15033
1788058680,power_usage_w,downstream-gpu-worker-0,0,NVIDIA L4,suse-ai,74.0
1788058680,gpu_temp_c,downstream-gpu-worker-0,0,NVIDIA L4,suse-ai,56.4
1788058740,gpu_util_pct,downstream-gpu-worker-0,0,NVIDIA L4,suse-ai,43
1788058740,tensor_active_fraction,downstream-gpu-worker-0,0,NVIDIA L4,suse-ai,0.34
1788058740,fb_used_mib,downstream-gpu-worker-0,0,NVIDIA L4,suse-ai,9466
1788058740,power_usage_w,downstream-gpu-worker-0,0,NVIDIA L4,suse-ai,53.5
1788058740,gpu_temp_c,downstream-gpu-worker-0,0,NVIDIA L4,suse-ai,49.4
1788058800,gpu_util_pct,downstream-gpu-worker-0,0,NVIDIA L4,suse-ai,69
1788058800,tensor_active_fraction,downstream-gpu-worker-0,0,NVIDIA L4,suse-ai,0.524
1788058800,fb_used_mib,downstream-gpu-worker-0,0,NVIDIA L4,suse-ai,13950
1788058800,power_usage_w,downstream-gpu-worker-0,0,NVIDIA L4,suse-ai,68.4
1788058800,gpu_temp_c,downstream-gpu-worker-0,0,NVIDIA L4,suse-ai,54.7
1788058860,gpu_util_pct,downstream-gpu-worker-0,0,NVIDIA L4,suse-ai,5
1788058860,tensor_active_fraction,downstream-gpu-worker-0,0,NVIDIA L4,suse-ai,0.017
1788058860,fb_used_mib,downstream-gpu-worker-0,0,NVIDIA L4,suse-ai,1962
1788058860,power_usage_w,downstream-gpu-worker-0,0,NVIDIA L4,suse-ai,29.5
1788058860,gpu_temp_c,downstream-gpu-worker-0,0,NVIDIA L4,suse-ai,33.6
1788058920,gpu_util_pct,downstream-gpu-worker-0,0,NVIDIA L4,suse-ai,69
1788058920,tensor_active_fraction,downstream-gpu-worker-0,0,NVIDIA L4,suse-ai,0.559
1788058920,fb_used_mib,downstream-gpu-worker-0,0,NVIDIA L4,suse-ai,13804
1788058920,power_usage_w,downstream-gpu-worker-0,0,NVIDIA L4,suse-ai,70.3
1788058920,gpu_temp_c,downstream-gpu-worker-0,0,NVIDIA L4,suse-ai,52.7
1788058980,gpu_util_pct,downstream-gpu-worker-0,0,NVIDIA L4,suse-ai,6
1788058980,tensor_active_fraction,downstream-gpu-worker-0,0,NVIDIA L4,suse-ai,0.103
1788058980,fb_used_mib,downstream-gpu-worker-0,0,NVIDIA L4,suse-ai,3489
1788058980,power_usage_w,downstream-gpu-worker-0,0,NVIDIA L4,suse-ai,35.5
1788058980,gpu_temp_c,downstream-gpu-worker-0,0,NVIDIA L4,suse-ai,36.8
1788059040,gpu_util_pct,downstream-gpu-worker-0,0,NVIDIA L4,suse-ai,45
1788059040,tensor_active_fraction,downstream-gpu-worker-0,0,NVIDIA L4,suse-ai,0.401
1788059040,fb_used_mib,downstream-gpu-worker-0,0,NVIDIA L4,suse-ai,10299
1788059040,power_usage_w,downstream-gpu-worker-0,0,NVIDIA L4,suse-ai,56.3
1788059040,gpu_temp_c,downstream-gpu-worker-0,0,NVIDIA L4,suse-ai,47.1
1788059100,gpu_util_pct,downstream-gpu-worker-0,0,NVIDIA L4,suse-ai,26
1788059100,tensor_active_fraction,downstream-gpu-worker-0,0,NVIDIA L4,suse-ai,0.243
1788059100,fb_used_mib,downstream-gpu-worker-0,0,NVIDIA L4,suse-ai,6975
1788059100,power_usage_w,downstream-gpu-worker-0,0,NVIDIA L4,suse-ai,46.9
1788059100,gpu_temp_c,downstream-gpu-worker-0,0,NVIDIA L4,suse-ai,42.5
1788059160,gpu_util_pct,downstream-gpu-worker-0,0,NVIDIA L4,suse-ai,65
1788059160,tensor_active_fraction,downstream-gpu-worker-0,0,NVIDIA L4,suse-ai,0.549
1788059160,fb_used_mib,downstream-gpu-worker-0,0,NVIDIA L4,suse-ai,13566
1788059160,power_usage_w,downstream-gpu-worker-0,0,NVIDIA L4,suse-ai,71.9
1788059160,gpu_temp_c,downstream-gpu-worker-0,0,NVIDIA L4,suse-ai,55.0
1788059220,gpu_util_pct,downstream-gpu-worker-0,0,NVIDIA L4,suse-ai,0
1788059220,tensor_active_fraction,downstream-gpu-worker-0,0,NVIDIA L4,suse-ai,0.045
1788059220,fb_used_mib,downstream-gpu-worker-0,0,NVIDIA L4,suse-ai,1808
1788059220,power_usage_w,downstream-gpu-worker-0,0,NVIDIA L4,suse-ai,29.3
1788059220,gpu_temp_c,downstream-gpu-worker-0,0,NVIDIA L4,suse-ai,36.1
1788059280,gpu_util_pct,downstream-gpu-worker-0,0,NVIDIA L4,suse-ai,13
1788059280,tensor_active_fraction,downstream-gpu-worker-0,0,NVIDIA L4,suse-ai,0.141
1788059280,fb_used_mib,downstream-gpu-worker-0,0,NVIDIA L4,suse-ai,4405
1788059280,power_usage_w,downstream-gpu-worker-0,0,NVIDIA L4,suse-ai,35.9
1788059280,gpu_temp_c,downstream-gpu-worker-0,0,NVIDIA L4,suse-ai,38.1
1788059340,gpu_util_pct,downstream-gpu-worker-0,0,NVIDIA L4,suse-ai,38
1788059340,tensor_active_fraction,downstream-gpu-worker-0,0,NVIDIA L4,suse-ai,0.301
1788059340,fb_used_mib,downstream-gpu-worker-0,0,NVIDIA L4,suse-ai,7960
1788059340,power_usage_w,downstream-gpu-worker-0,0,NVIDIA L4,suse-ai,51.3
1788059340,gpu_temp_c,downstream-gpu-worker-0,0,NVIDIA L4,suse-ai,44.2
1788059400,gpu_util_pct,downstream-gpu-worker-0,0,NVIDIA L4,suse-ai,0
1788059400,tensor_active_fraction,downstream-gpu-worker-0,0,NVIDIA L4,suse-ai,0.0
1788059400,fb_used_mib,downstream-gpu-worker-0,0,NVIDIA L4,suse-ai,2021
1788059400,power_usage_w,downstream-gpu-worker-0,0,NVIDIA L4,suse-ai,28.5
1788059400,gpu_temp_c,downstream-gpu-worker-0,0,NVIDIA L4,suse-ai,33.1
1788059460,gpu_util_pct,downstream-gpu-worker-0,0,NVIDIA L4,suse-ai,65
1788059460,tensor_active_fraction,downstream-gpu-worker-0,0,NVIDIA L4,suse-ai,0.505
1788059460,fb_used_mib,downstream-gpu-worker-0,0,NVIDIA L4,suse-ai,13293
1788059460,power_usage_w,downstream-gpu-worker-0,0,NVIDIA L4,suse-ai,69.4
1788059460,gpu_temp_c,downstream-gpu-worker-0,0,NVIDIA L4,suse-ai,52.0
1788059520,gpu_util_pct,downstream-gpu-worker-0,0,NVIDIA L4,suse-ai,5
1788059520,tensor_active_fraction,downstream-gpu-worker-0,0,NVIDIA L4,suse-ai,0.088
1788059520,fb_used_mib,downstream-gpu-worker-0,0,NVIDIA L4,suse-ai,3766
1788059520,power_usage_w,downstream-gpu-worker-0,0,NVIDIA L4,suse-ai,32.8
1788059520,gpu_temp_c,downstream-gpu-worker-0,0,NVIDIA L4,suse-ai,38.8
1788059580,gpu_util_pct,downstream-gpu-worker-0,0,NVIDIA L4,suse-ai,59
1788059580,tensor_active_fraction,downstream-gpu-worker-0,0,NVIDIA L4,suse-ai,0.469
1788059580,fb_used_mib,downstream-gpu-worker-0,0,NVIDIA L4,suse-ai,12894
1788059580,power_usage_w,downstream-gpu-worker-0,0,NVIDIA L4,suse-ai,68.1
1788059580,gpu_temp_c,downstream-gpu-worker-0,0,NVIDIA L4,suse-ai,54.4
1788059640,gpu_util_pct,downstream-gpu-worker-0,0,NVIDIA L4,suse-ai,0
1788059640,tensor_active_fraction,downstream-gpu-worker-0,0,NVIDIA L4,suse-ai,0.02
1788059640,fb_used_mib,downstream-gpu-worker-0,0,NVIDIA L4,suse-ai,2093
1788059640,power_usage_w,downstream-gpu-worker-0,0,NVIDIA L4,suse-ai,27.1
1788059640,gpu_temp_c,downstream-gpu-worker-0,0,NVIDIA L4,suse-ai,36.0
1788059700,gpu_util_pct,downstream-gpu-worker-0,0,NVIDIA L4,suse-ai,38
1788059700,tensor_active_fraction,downstream-gpu-worker-0,0,NVIDIA L4,suse-ai,0.231
1788059700,fb_used_mib,downstream-gpu-worker-0,0,NVIDIA L4,suse-ai,8154
1788059700,power_usage_w,downstream-gpu-worker-0,0,NVIDIA L4,suse-ai,49.7
1788059700,gpu_temp_c,downstream-gpu-worker-0,0,NVIDIA L4,suse-ai,46.5
1788059760,gpu_util_pct,downstream-gpu-worker-0,0,NVIDIA L4,suse-ai,67
1788059760,tensor_active_fraction,downstream-gpu-worker-0,0,NVIDIA L4,suse-ai,0.508
1788059760,fb_used_mib,downstream-gpu-worker-0,0,NVIDIA L4,suse-ai,13706
1788059760,power_usage_w,downstream-gpu-worker-0,0,NVIDIA L4,suse-ai,67.5
1788059760,gpu_temp_c,downstream-gpu-worker-0,0,NVIDIA L4,suse-ai,54.2
1788059820,gpu_util_pct,downstream-gpu-worker-0,0,NVIDIA L4,suse-ai,5
1788059820,tensor_active_fraction,downstream-gpu-worker-0,0,NVIDIA L4,suse-ai,0.008
1788059820,fb_used_mib,downstream-gpu-worker-0,0,NVIDIA L4,suse-ai,1951
1788059820,power_usage_w,downstream-gpu-worker-0,0,NVIDIA L4,suse-ai,29.6
1788059820,gpu_temp_c,downstream-gpu-worker-0,0,NVIDIA L4,suse-ai,33.9
1788059880,gpu_util_pct,downstream-gpu-worker-0,0,NVIDIA L4,suse-ai,19
1788059880,tensor_active_fraction,downstream-gpu-worker-0,0,NVIDIA L4,suse-ai,0.146
1788059880,fb_used_mib,downstream-gpu-worker-0,0,NVIDIA L4,suse-ai,5854
1788059880,power_usage_w,downstream-gpu-worker-0,0,NVIDIA L4,suse-ai,42.6
1788059880,gpu_temp_c,downstream-gpu-worker-0,0,NVIDIA L4,suse-ai,40.8
1788059940,gpu_util_pct,downstream-gpu-worker-0,0,NVIDIA L4,suse-ai,80
1788059940,tensor_active_fraction,downstream-gpu-worker-0,0,NVIDIA L4,suse-ai,0.667
1788059940,fb_used_mib,downstream-gpu-worker-0,0,NVIDIA L4,suse-ai,16093
1788059940,power_usage_w,downstream-gpu-worker-0,0,NVIDIA L4,suse-ai,77.9
1788059940,gpu_temp_c,downstream-gpu-worker-0,0,NVIDIA L4,suse-ai,58.1
1788060000,gpu_util_pct,downstream-gpu-worker-0,0,NVIDIA L4,suse-ai,33
1788060000,tensor_active_fraction,downstream-gpu-worker-0,0,NVIDIA L4,suse-ai,0.328
1788060000,fb_used_mib,downstream-gpu-worker-0,0,NVIDIA L4,suse-ai,8739
1788060000,power_usage_w,downstream-gpu-worker-0,0,NVIDIA L4,suse-ai,52.4
1788060000,gpu_temp_c,downstream-gpu-worker-0,0,NVIDIA L4,suse-ai,44.7
1788060060,gpu_util_pct,downstream-gpu-worker-0,0,NVIDIA L4,suse-ai,8
1788060060,tensor_active_fraction,downstream-gpu-worker-0,0,NVIDIA L4,suse-ai,0.106
1788060060,fb_used_mib,downstream-gpu-worker-0,0,NVIDIA L4,suse-ai,3918
1788060060,power_usage_w,downstream-gpu-worker-0,0,NVIDIA L4,suse-ai,37.3
1788060060,gpu_temp_c,downstream-gpu-worker-0,0,NVIDIA L4,suse-ai,37.3
1788060120,gpu_util_pct,downstream-gpu-worker-0,0,NVIDIA L4,suse-ai,74
1788060120,tensor_active_fraction,downstream-gpu-worker-0,0,NVIDIA L4,suse-ai,0.543
1788060120,fb_used_mib,downstream-gpu-worker-0,0,NVIDIA L4,suse-ai,15120
1788060120,power_usage_w,downstream-gpu-worker-0,0,NVIDIA L4,suse-ai,75.9
1788060120,gpu_temp_c,downstream-gpu-worker-0,0,NVIDIA L4,suse-ai,57.0
1788060180,gpu_util_pct,downstream-gpu-worker-0,0,NVIDIA L4,suse-ai,66
1788060180,tensor_active_fraction,downstream-gpu-worker-0,0,NVIDIA L4,suse-ai,0.461
1788060180,fb_used_mib,downstream-gpu-worker-0,0,NVIDIA L4,suse-ai,13374
1788060180,power_usage_w,downstream-gpu-worker-0,0,NVIDIA L4,suse-ai,67.4
1788060180,gpu_temp_c,downstream-gpu-worker-0,0,NVIDIA L4,suse-ai,54.9
1788060240,gpu_util_pct,downstream-gpu-worker-0,0,NVIDIA L4,suse-ai,58
1788060240,tensor_active_fraction,downstream-gpu-worker-0,0,NVIDIA L4,suse-ai,0.521
1788060240,fb_used_mib,downstream-gpu-worker-0,0,NVIDIA L4,suse-ai,13337
1788060240,power_usage_w,downstream-gpu-worker-0,0,NVIDIA L4,suse-ai,69.9
1788060240,gpu_temp_c,downstream-gpu-worker-0,0,NVIDIA L4,suse-ai,52.9
1788060300,gpu_util_pct,downstream-gpu-worker-0,0,NVIDIA L4,suse-ai,2
1788060300,tensor_active_fraction,downstream-gpu-worker-0,0,NVIDIA L4,suse-ai,0.01
1788060300,fb_used_mib,downstream-gpu-worker-0,0,NVIDIA L4,suse-ai,2258
1788060300,power_usage_w,downstream-gpu-worker-0,0,NVIDIA L4,suse-ai,33.6
1788060300,gpu_temp_c,downstream-gpu-worker-0,0,NVIDIA L4,suse-ai,34.4
1788060360,gpu_util_pct,downstream-gpu-worker-0,0,NVIDIA L4,suse-ai,26
1788060360,tensor_active_fraction,downstream-gpu-worker-0,0,NVIDIA L4,suse-ai,0.215
1788060360,fb_used_mib,downstream-gpu-worker-0,0,NVIDIA L4,suse-ai,6811
1788060360,power_usage_w,downstream-gpu-worker-0,0,NVIDIA L4,suse-ai,47.1
1788060360,gpu_temp_c,downstream-gpu-worker-0,0,NVIDIA L4,suse-ai,44.5
1788060420,gpu_util_pct,downstream-gpu-worker-0,0,NVIDIA L4,suse-ai,18
1788060420,tensor_active_fraction,downstream-gpu-worker-0,0,NVIDIA L4,suse-ai,0.144
1788060420,fb_used_mib,downstream-gpu-worker-0,0,NVIDIA L4,suse-ai,5885
1788060420,power_usage_w,downstream-gpu-worker-0,0,NVIDIA L4,suse-ai,43.7
1788060420,gpu_temp_c,downstream-gpu-worker-0,0,NVIDIA L4,suse-ai,40.3
1788060480,gpu_util_pct,downstream-gpu-worker-0,0,NVIDIA L4,suse-ai,4
1788060480,tensor_active_fraction,downstream-gpu-worker-0,0,NVIDIA L4,suse-ai,0.0
1788060480,fb_used_mib,downstream-gpu-worker-0,0,NVIDIA L4,suse-ai,2161
1788060480,power_usage_w,downstream-gpu-worker-0,0,NVIDIA L4,suse-ai,30.0
1788060480,gpu_temp_c,downstream-gpu-worker-0,0,NVIDIA L4,suse-ai,35.5
1788060540,gpu_util_pct,downstream-gpu-worker-0,0,NVIDIA L4,suse-ai,29
1788060540,tensor_active_fraction,downstream-gpu-worker-0,0,NVIDIA L4,suse-ai,0.297
1788060540,fb_used_mib,downstream-gpu-worker-0,0,NVIDIA L4,suse-ai,7807
1788060540,power_usage_w,downstream-gpu-worker-0,0,NVIDIA L4,suse-ai,46.5
1788060540,gpu_temp_c,downstream-gpu-worker-0,0,NVIDIA L4,suse-ai,43.2
1788060600,gpu_util_pct,downstream-gpu-worker-0,0,NVIDIA L4,suse-ai,82
1788060600,tensor_active_fraction,downstream-gpu-worker-0,0,NVIDIA L4,suse-ai,0.673
1788060600,fb_used_mib,downstream-gpu-worker-0,0,NVIDIA L4,suse-ai,16187
1788060600,power_usage_w,downstream-gpu-worker-0,0,NVIDIA L4,suse-ai,76.5
1788060600,gpu_temp_c,downstream-gpu-worker-0,0,NVIDIA L4,suse-ai,60.4
1788060660,gpu_util_pct,downstream-gpu-worker-0,0,NVIDIA L4,suse-ai,33
1788060660,tensor_active_fraction,downstream-gpu-worker-0,0,NVIDIA L4,suse-ai,0.27
1788060660,fb_used_mib,downstream-gpu-worker-0,0,NVIDIA L4,suse-ai,8620
1788060660,power_usage_w,downstream-gpu-worker-0,0,NVIDIA L4,suse-ai,53.6
1788060660,gpu_temp_c,downstream-gpu-worker-0,0,NVIDIA L4,suse-ai,47.7
1788060720,gpu_util_pct,downstream-gpu-worker-0,0,NVIDIA L4,suse-ai,18
1788060720,tensor_active_fraction,downstream-gpu-worker-0,0,NVIDIA L4,suse-ai,0.134
1788060720,fb_used_mib,downstream-gpu-worker-0,0,NVIDIA L4,suse-ai,4967
1788060720,power_usage_w,downstream-gpu-worker-0,0,NVIDIA L4,suse-ai,39.3
1788060720,gpu_temp_c,downstream-gpu-worker-0,0,NVIDIA L4,suse-ai,41.1
1788060780,gpu_util_pct,downstream-gpu-worker-0,0,NVIDIA L4,suse-ai,84
1788060780,tensor_active_fraction,downstream-gpu-worker-0,0,NVIDIA L4,suse-ai,0.604
1788060780,fb_used_mib,downstream-gpu-worker-0,0,NVIDIA L4,suse-ai,16440
1788060780,power_usage_w,downstream-gpu-worker-0,0,NVIDIA L4,suse-ai,77.7
1788060780,gpu_temp_c,downstream-gpu-worker-0,0,NVIDIA L4,suse-ai,58.2
1788060840,gpu_util_pct,downstream-gpu-worker-0,0,NVIDIA L4,suse-ai,0
1788060840,tensor_active_fraction,downstream-gpu-worker-0,0,NVIDIA L4,suse-ai,0.049
1788060840,fb_used_mib,downstream-gpu-worker-0,0,NVIDIA L4,suse-ai,1802
1788060840,power_usage_w,downstream-gpu-worker-0,0,NVIDIA L4,suse-ai,31.2
1788060840,gpu_temp_c,downstream-gpu-worker-0,0,NVIDIA L4,suse-ai,33.8
1788060900,gpu_util_pct,downstream-gpu-worker-0,0,NVIDIA L4,suse-ai,0
1788060900,tensor_active_fraction,downstream-gpu-worker-0,0,NVIDIA L4,suse-ai,0.0
1788060900,fb_used_mib,downstream-gpu-worker-0,0,NVIDIA L4,suse-ai,2050
1788060900,power_usage_w,downstream-gpu-worker-0,0,NVIDIA L4,suse-ai,30.6
1788060900,gpu_temp_c,downstream-gpu-worker-0,0,NVIDIA L4,suse-ai,33.3
1788060960,gpu_util_pct,downstream-gpu-worker-0,0,NVIDIA L4,suse-ai,48
1788060960,tensor_active_fraction,downstream-gpu-worker-0,0,NVIDIA L4,suse-ai,0.335
1788060960,fb_used_mib,downstream-gpu-worker-0,0,NVIDIA L4,suse-ai,9684
1788060960,power_usage_w,downstream-gpu-worker-0,0,NVIDIA L4,suse-ai,54.4
1788060960,gpu_temp_c,downstream-gpu-worker-0,0,NVIDIA L4,suse-ai,47.3
1788061020,gpu_util_pct,downstream-gpu-worker-0,0,NVIDIA L4,suse-ai,71
1788061020,tensor_active_fraction,downstream-gpu-worker-0,0,NVIDIA L4,suse-ai,0.596
1788061020,fb_used_mib,downstream-gpu-worker-0,0,NVIDIA L4,suse-ai,14847
1788061020,power_usage_w,downstream-gpu-worker-0,0,NVIDIA L4,suse-ai,74.6
1788061020,gpu_temp_c,downstream-gpu-worker-0,0,NVIDIA L4,suse-ai,58.2
1788061080,gpu_util_pct,downstream-gpu-worker-0,0,NVIDIA L4,suse-ai,38
1788061080,tensor_active_fraction,downstream-gpu-worker-0,0,NVIDIA L4,suse-ai,0.26
1788061080,fb_used_mib,downstream-gpu-worker-0,0,NVIDIA L4,suse-ai,8554
1788061080,power_usage_w,downstream-gpu-worker-0,0,NVIDIA L4,suse-ai,49.3
1788061080,gpu_temp_c,downstream-gpu-worker-0,0,NVIDIA L4,suse-ai,44.7
1788061140,gpu_util_pct,downstream-gpu-worker-0,0,NVIDIA L4,suse-ai,1
1788061140,tensor_active_fraction,downstream-gpu-worker-0,0,NVIDIA L4,suse-ai,0.0
1788061140,fb_used_mib,downstream-gpu-worker-0,0,NVIDIA L4,suse-ai,2009
1788061140,power_usage_w,downstream-gpu-worker-0,0,NVIDIA L4,suse-ai,30.9
1788061140,gpu_temp_c,downstream-gpu-worker-0,0,NVIDIA L4,suse-ai,34.5
1788061200,gpu_util_pct,downstream-gpu-worker-0,0,NVIDIA L4,suse-ai,41
1788061200,tensor_active_fraction,downstream-gpu-worker-0,0,NVIDIA L4,suse-ai,0.312
1788061200,fb_used_mib,downstream-gpu-worker-0,0,NVIDIA L4,suse-ai,8976
1788061200,power_usage_w,downstream-gpu-worker-0,0,NVIDIA L4,suse-ai,54.1
1788061200,gpu_temp_c,downstream-gpu-worker-0,0,NVIDIA L4,suse-ai,46.8
1788061260,gpu_util_pct,downstream-gpu-worker-0,0,NVIDIA L4,suse-ai,69
1788061260,tensor_active_fraction,downstream-gpu-worker-0,0,NVIDIA L4,suse-ai,0.525
1788061260,fb_used_mib,downstream-gpu-worker-0,0,NVIDIA L4,suse-ai,14825
1788061260,power_usage_w,downstream-gpu-worker-0,0,NVIDIA L4,suse-ai,71.4
1788061260,gpu_temp_c,downstream-gpu-worker-0,0,NVIDIA L4,suse-ai,58.3
1788061320,gpu_util_pct,downstream-gpu-worker-0,0,NVIDIA L4,suse-ai,38
1788061320,tensor_active_fraction,downstream-gpu-worker-0,0,NVIDIA L4,suse-ai,0.332
1788061320,fb_used_mib,downstream-gpu-worker-0,0,NVIDIA L4,suse-ai,9320
1788061320,power_usage_w,downstream-gpu-worker-0,0,NVIDIA L4,suse-ai,52.5
1788061320,gpu_temp_c,downstream-gpu-worker-0,0,NVIDIA L4,suse-ai,49.4
1788061380,gpu_util_pct,downstream-gpu-worker-0,0,NVIDIA L4,suse-ai,3
1788061380,tensor_active_fraction,downstream-gpu-worker-0,0,NVIDIA L4,suse-ai,0.0
1788061380,fb_used_mib,downstream-gpu-worker-0,0,NVIDIA L4,suse-ai,1989
1788061380,power_usage_w,downstream-gpu-worker-0,0,NVIDIA L4,suse-ai,28.8
1788061380,gpu_temp_c,downstream-gpu-worker-0,0,NVIDIA L4,suse-ai,36.0
1788061440,gpu_util_pct,downstream-gpu-worker-0,0,NVIDIA L4,suse-ai,2
1788061440,tensor_active_fraction,downstream-gpu-worker-0,0,NVIDIA L4,suse-ai,0.054
1788061440,fb_used_mib,downstream-gpu-worker-0,0,NVIDIA L4,suse-ai,2676
1788061440,power_usage_w,downstream-gpu-worker-0,0,NVIDIA L4,suse-ai,31.1
1788061440,gpu_temp_c,downstream-gpu-worker-0,0,NVIDIA L4,suse-ai,37.3
1788061500,gpu_util_pct,downstream-gpu-worker-0,0,NVIDIA L4,suse-ai,7
1788061500,tensor_active_fraction,downstream-gpu-worker-0,0,NVIDIA L4,suse-ai,0.099
1788061500,fb_used_mib,downstream-gpu-worker-0,0,NVIDIA L4,suse-ai,3884
1788061500,power_usage_w,downstream-gpu-worker-0,0,NVIDIA L4,suse-ai,34.7
1788061500,gpu_temp_c,downstream-gpu-worker-0,0,NVIDIA L4,suse-ai,38.9
1788061560,gpu_util_pct,downstream-gpu-worker-0,0,NVIDIA L4,suse-ai,3
1788061560,tensor_active_fraction,downstream-gpu-worker-0,0,NVIDIA L4,suse-ai,0.05
1788061560,fb_used_mib,downstream-gpu-worker-0,0,NVIDIA L4,suse-ai,3236
1788061560,power_usage_w,downstream-gpu-worker-0,0,NVIDIA L4,suse-ai,35.4
1788061560,gpu_temp_c,downstream-gpu-worker-0,0,NVIDIA L4,suse-ai,36.1
1788061620,gpu_util_pct,downstream-gpu-worker-0,0,NVIDIA L4,suse-ai,4
1788061620,tensor_active_fraction,downstream-gpu-worker-0,0,NVIDIA L4,suse-ai,0.015
1788061620,fb_used_mib,downstream-gpu-worker-0,0,NVIDIA L4,suse-ai,1871
1788061620,power_usage_w,downstream-gpu-worker-0,0,NVIDIA L4,suse-ai,32.2
1788061620,gpu_temp_c,downstream-gpu-worker-0,0,NVIDIA L4,suse-ai,36.4
1788061680,gpu_util_pct,downstream-gpu-worker-0,0,NVIDIA L4,suse-ai,57
1788061680,tensor_active_fraction,downstream-gpu-worker-0,0,NVIDIA L4,suse-ai,0.458
1788061680,fb_used_mib,downstream-gpu-worker-0,0,NVIDIA L4,suse-ai,12515
1788061680,power_usage_w,downstream-gpu-worker-0,0,NVIDIA L4,suse-ai,67.2
1788061680,gpu_temp_c,downstream-gpu-worker-0,0,NVIDIA L4,suse-ai,54.1
1788061740,gpu_util_pct,downstream-gpu-worker-0,0,NVIDIA L4,suse-ai,0
1788061740,tensor_active_fraction,downstream-gpu-worker-0,0,NVIDIA L4,suse-ai,0.043
1788061740,fb_used_mib,downstream-gpu-worker-0,0,NVIDIA L4,suse-ai,2198
1788061740,power_usage_w,downstream-gpu-worker-0,0,NVIDIA L4,suse-ai,28.2
1788061740,gpu_temp_c,downstream-gpu-worker-0,0,NVIDIA L4,suse-ai,34.4
1788061800,gpu_util_pct,downstream-gpu-worker-0,0,NVIDIA L4,suse-ai,1
1788061800,tensor_active_fraction,downstream-gpu-worker-0,0,NVIDIA L4,suse-ai,0.0
1788061800,fb_used_mib,downstream-gpu-worker-0,0,NVIDIA L4,suse-ai,2164
1788061800,power_usage_w,downstream-gpu-worker-0,0,NVIDIA L4,suse-ai,32.5
1788061800,gpu_temp_c,downstream-gpu-worker-0,0,NVIDIA L4,suse-ai,35.0
1788061860,gpu_util_pct,downstream-gpu-worker-0,0,NVIDIA L4,suse-ai,0
1788061860,tensor_active_fraction,downstream-gpu-worker-0,0,NVIDIA L4,suse-ai,0.015
1788061860,fb_used_mib,downstream-gpu-worker-0,0,NVIDIA L4,suse-ai,2057
1788061860,power_usage_w,downstream-gpu-worker-0,0,NVIDIA L4,suse-ai,29.4
1788061860,gpu_temp_c,downstream-gpu-worker-0,0,NVIDIA L4,suse-ai,37.0
1788061920,gpu_util_pct,downstream-gpu-worker-0,0,NVIDIA L4,suse-ai,49
1788061920,tensor_active_fraction,downstream-gpu-worker-0,0,NVIDIA L4,suse-ai,0.367
1788061920,fb_used_mib,downstream-gpu-worker-0,0,NVIDIA L4,suse-ai,11289
1788061920,power_usage_w,downstream-gpu-worker-0,0,NVIDIA L4,suse-ai,58.1
1788061920,gpu_temp_c,downstream-gpu-worker-0,0,NVIDIA L4,suse-ai,51.3
1788061980,gpu_util_pct,downstream-gpu-worker-0,0,NVIDIA L4,suse-ai,28
1788061980,tensor_active_fraction,downstream-gpu-worker-0,0,NVIDIA L4,suse-ai,0.211
1788061980,fb_used_mib,downstream-gpu-worker-0,0,NVIDIA L4,suse-ai,6716
1788061980,power_usage_w,downstream-gpu-worker-0,0,NVIDIA L4,suse-ai,47.7
1788061980,gpu_temp_c,downstream-gpu-worker-0,0,NVIDIA L4,suse-ai,43.7
1788062040,gpu_util_pct,downstream-gpu-worker-0,0,NVIDIA L4,suse-ai,31
1788062040,tensor_active_fraction,downstream-gpu-worker-0,0,NVIDIA L4,suse-ai,0.265
1788062040,fb_used_mib,downstream-gpu-worker-0,0,NVIDIA L4,suse-ai,8311
1788062040,power_usage_w,downstream-gpu-worker-0,0,NVIDIA L4,suse-ai,52.2
1788062040,gpu_temp_c,downstream-gpu-worker-0,0,NVIDIA L4,suse-ai,46.3
1788062100,gpu_util_pct,downstream-gpu-worker-0,0,NVIDIA L4,suse-ai,4
1788062100,tensor_active_fraction,downstream-gpu-worker-0,0,NVIDIA L4,suse-ai,0.0
1788062100,fb_used_mib,downstream-gpu-worker-0,0,NVIDIA L4,suse-ai,2134
1788062100,power_usage_w,downstream-gpu-worker-0,0,NVIDIA L4,suse-ai,27.7
1788062100,gpu_temp_c,downstream-gpu-worker-0,0,NVIDIA L4,suse-ai,34.8
1788062160,gpu_util_pct,downstream-gpu-worker-0,0,NVIDIA L4,suse-ai,50
1788062160,tensor_active_fraction,downstream-gpu-worker-0,0,NVIDIA L4,suse-ai,0.454
1788062160,fb_used_mib,downstream-gpu-worker-0,0,NVIDIA L4,suse-ai,11329
1788062160,power_usage_w,downstream-gpu-worker-0,0,NVIDIA L4,suse-ai,63.5
1788062160,gpu_temp_c,downstream-gpu-worker-0,0,NVIDIA L4,suse-ai,51.3
1788062220,gpu_util_pct,downstream-gpu-worker-0,0,NVIDIA L4,suse-ai,54
1788062220,tensor_active_fraction,downstream-gpu-worker-0,0,NVIDIA L4,suse-ai,0.459
1788062220,fb_used_mib,downstream-gpu-worker-0,0,NVIDIA L4,suse-ai,12101
1788062220,power_usage_w,downstream-gpu-worker-0,0,NVIDIA L4,suse-ai,65.5
1788062220,gpu_temp_c,downstream-gpu-worker-0,0,NVIDIA L4,suse-ai,50.2
1788062280,gpu_util_pct,downstream-gpu-worker-0,0,NVIDIA L4,suse-ai,84
1788062280,tensor_active_fraction,downstream-gpu-worker-0,0,NVIDIA L4,suse-ai,0.641
1788062280,fb_used_mib,downstream-gpu-worker-0,0,NVIDIA L4,suse-ai,16527
1788062280,power_usage_w,downstream-gpu-worker-0,0,NVIDIA L4,suse-ai,80.1
1788062280,gpu_temp_c,downstream-gpu-worker-0,0,NVIDIA L4,suse-ai,59.2
1788062340,gpu_util_pct,downstream-gpu-worker-0,0,NVIDIA L4,suse-ai,44
1788062340,tensor_active_fraction,downstream-gpu-worker-0,0,NVIDIA L4,suse-ai,0.353
1788062340,fb_used_mib,downstream-gpu-worker-0,0,NVIDIA L4,suse-ai,10727
1788062340,power_usage_w,downstream-gpu-worker-0,0,NVIDIA L4,suse-ai,56.6
1788062340,gpu_temp_c,downstream-gpu-worker-0,0,NVIDIA L4,suse-ai,48.4
1788062400,gpu_util_pct,downstream-gpu-worker-0,0,NVIDIA L4,suse-ai,0
1788062400,tensor_active_fraction,downstream-gpu-worker-0,0,NVIDIA L4,suse-ai,0.011
1788062400,fb_used_mib,downstream-gpu-worker-0,0,NVIDIA L4,suse-ai,2075
1788062400,power_usage_w,downstream-gpu-worker-0,0,NVIDIA L4,suse-ai,29.5
1788062400,gpu_temp_c,downstream-gpu-worker-0,0,NVIDIA L4,suse-ai,35.5
1788062460,gpu_util_pct,downstream-gpu-worker-0,0,NVIDIA L4,suse-ai,71
1788062460,tensor_active_fraction,downstream-gpu-worker-0,0,NVIDIA L4,suse-ai,0.515
1788062460,fb_used_mib,downstream-gpu-worker-0,0,NVIDIA L4,suse-ai,14029
1788062460,power_usage_w,downstream-gpu-worker-0,0,NVIDIA L4,suse-ai,67.7
1788062460,gpu_temp_c,downstream-gpu-worker-0,0,NVIDIA L4,suse-ai,54.9
1788062520,gpu_util_pct,downstream-gpu-worker-0,0,NVIDIA L4,suse-ai,62
1788062520,tensor_active_fraction,downstream-gpu-worker-0,0,NVIDIA L4,suse-ai,0.572
1788062520,fb_used_mib,downstream-gpu-worker-0,0,NVIDIA L4,suse-ai,13739
1788062520,power_usage_w,downstream-gpu-worker-0,0,NVIDIA L4,suse-ai,72.2
1788062520,gpu_temp_c,downstream-gpu-worker-0,0,NVIDIA L4,suse-ai,53.6
1788062580,gpu_util_pct,downstream-gpu-worker-0,0,NVIDIA L4,suse-ai,0
1788062580,tensor_active_fraction,downstream-gpu-worker-0,0,NVIDIA L4,suse-ai,0.013
1788062580,fb_used_mib,downstream-gpu-worker-0,0,NVIDIA L4,suse-ai,1808
1788062580,power_usage_w,downstream-gpu-worker-0,0,NVIDIA L4,suse-ai,28.0
1788062580,gpu_temp_c,downstream-gpu-worker-0,0,NVIDIA L4,suse-ai,33.0
1788062640,gpu_util_pct,downstream-gpu-worker-0,0,NVIDIA L4,suse-ai,45
1788062640,tensor_active_fraction,downstream-gpu-worker-0,0,NVIDIA L4,suse-ai,0.397
1788062640,fb_used_mib,downstream-gpu-worker-0,0,NVIDIA L4,suse-ai,10259
1788062640,power_usage_w,downstream-gpu-worker-0,0,NVIDIA L4,suse-ai,55.8
1788062640,gpu_temp_c,downstream-gpu-worker-0,0,NVIDIA L4,suse-ai,49.2
1788062700,gpu_util_pct,downstream-gpu-worker-0,0,NVIDIA L4,suse-ai,82
1788062700,tensor_active_fraction,downstream-gpu-worker-0,0,NVIDIA L4,suse-ai,0.648
1788062700,fb_used_mib,downstream-gpu-worker-0,0,NVIDIA L4,suse-ai,16120
1788062700,power_usage_w,downstream-gpu-worker-0,0,NVIDIA L4,suse-ai,75.6
1788062700,gpu_temp_c,downstream-gpu-worker-0,0,NVIDIA L4,suse-ai,57.9
1788062760,gpu_util_pct,downstream-gpu-worker-0,0,NVIDIA L4,suse-ai,5
1788062760,tensor_active_fraction,downstream-gpu-worker-0,0,NVIDIA L4,suse-ai,0.062
1788062760,fb_used_mib,downstream-gpu-worker-0,0,NVIDIA L4,suse-ai,3207
1788062760,power_usage_w,downstream-gpu-worker-0,0,NVIDIA L4,suse-ai,36.2
1788062760,gpu_temp_c,downstream-gpu-worker-0,0,NVIDIA L4,suse-ai,36.2
1788062820,gpu_util_pct,downstream-gpu-worker-0,0,NVIDIA L4,suse-ai,5
1788062820,tensor_active_fraction,downstream-gpu-worker-0,0,NVIDIA L4,suse-ai,0.0
1788062820,fb_used_mib,downstream-gpu-worker-0,0,NVIDIA L4,suse-ai,1976
1788062820,power_usage_w,downstream-gpu-worker-0,0,NVIDIA L4,suse-ai,27.6
1788062820,gpu_temp_c,downstream-gpu-worker-0,0,NVIDIA L4,suse-ai,34.4
1788062880,gpu_util_pct,downstream-gpu-worker-0,0,NVIDIA L4,suse-ai,18
1788062880,tensor_active_fraction,downstream-gpu-worker-0,0,NVIDIA L4,suse-ai,0.123
1788062880,fb_used_mib,downstream-gpu-worker-0,0,NVIDIA L4,suse-ai,4856
1788062880,power_usage_w,downstream-gpu-worker-0,0,NVIDIA L4,suse-ai,40.2
1788062880,gpu_temp_c,downstream-gpu-worker-0,0,NVIDIA L4,suse-ai,38.2
1788062940,gpu_util_pct,downstream-gpu-worker-0,0,NVIDIA L4,suse-ai,80
1788062940,tensor_active_fraction,downstream-gpu-worker-0,0,NVIDIA L4,suse-ai,0.599
1788062940,fb_used_mib,downstream-gpu-worker-0,0,NVIDIA L4,suse-ai,16270
1788062940,power_usage_w,downstream-gpu-worker-0,0,NVIDIA L4,suse-ai,80.4
1788062940,gpu_temp_c,downstream-gpu-worker-0,0,NVIDIA L4,suse-ai,58.5
1788063000,gpu_util_pct,downstream-gpu-worker-0,0,NVIDIA L4,suse-ai,48
1788063000,tensor_active_fraction,downstream-gpu-worker-0,0,NVIDIA L4,suse-ai,0.347
1788063000,fb_used_mib,downstream-gpu-worker-0,0,NVIDIA L4,suse-ai,10215
1788063000,power_usage_w,downstream-gpu-worker-0,0,NVIDIA L4,suse-ai,60.4
1788063000,gpu_temp_c,downstream-gpu-worker-0,0,NVIDIA L4,suse-ai,49.0
1788063060,gpu_util_pct,downstream-gpu-worker-0,0,NVIDIA L4,suse-ai,54
1788063060,tensor_active_fraction,downstream-gpu-worker-0,0,NVIDIA L4,suse-ai,0.455
1788063060,fb_used_mib,downstream-gpu-worker-0,0,NVIDIA L4,suse-ai,12087
1788063060,power_usage_w,downstream-gpu-worker-0,0,NVIDIA L4,suse-ai,62.3
1788063060,gpu_temp_c,downstream-gpu-worker-0,0,NVIDIA L4,suse-ai,51.0
1788063120,gpu_util_pct,downstream-gpu-worker-0,0,NVIDIA L4,suse-ai,77
1788063120,tensor_active_fraction,downstream-gpu-worker-0,0,NVIDIA L4,suse-ai,0.624
1788063120,fb_used_mib,downstream-gpu-worker-0,0,NVIDIA L4,suse-ai,15744
1788063120,power_usage_w,downstream-gpu-worker-0,0,NVIDIA L4,suse-ai,75.7
1788063120,gpu_temp_c,downstream-gpu-worker-0,0,NVIDIA L4,suse-ai,57.2
1788063180,gpu_util_pct,downstream-gpu-worker-0,0,NVIDIA L4,suse-ai,39
1788063180,tensor_active_fraction,downstream-gpu-worker-0,0,NVIDIA L4,suse-ai,0.336
1788063180,fb_used_mib,downstream-gpu-worker-0,0,NVIDIA L4,suse-ai,8594
1788063180,power_usage_w,downstream-gpu-worker-0,0,NVIDIA L4,suse-ai,49.8
1788063180,gpu_temp_c,downstream-gpu-worker-0,0,NVIDIA L4,suse-ai,45.5
1788063240,gpu_util_pct,downstream-gpu-worker-0,0,NVIDIA L4,suse-ai,71
1788063240,tensor_active_fraction,downstream-gpu-worker-0,0,NVIDIA L4,suse-ai,0.592
1788063240,fb_used_mib,downstream-gpu-worker-0,0,NVIDIA L4,suse-ai,15311
1788063240,power_usage_w,downstream-gpu-worker-0,0,NVIDIA L4,suse-ai,77.0
1788063240,gpu_temp_c,downstream-gpu-worker-0,0,NVIDIA L4,suse-ai,56.0
1788063300,gpu_util_pct,downstream-gpu-worker-0,0,NVIDIA L4,suse-ai,11
1788063300,tensor_active_fraction,downstream-gpu-worker-0,0,NVIDIA L4,suse-ai,0.119
1788063300,fb_used_mib,downstream-gpu-worker-0,0,NVIDIA L4,suse-ai,4670
1788063300,power_usage_w,downstream-gpu-worker-0,0,NVIDIA L4,suse-ai,38.2
1788063300,gpu_temp_c,downstream-gpu-worker-0,0,NVIDIA L4,suse-ai,39.7
1788063360,gpu_util_pct,downstream-gpu-worker-0,0,NVIDIA L4,suse-ai,42
1788063360,tensor_active_fraction,downstream-gpu-worker-0,0,NVIDIA L4,suse-ai,0.346
1788063360,fb_used_mib,downstream-gpu-worker-0,0,NVIDIA L4,suse-ai,9259
1788063360,power_usage_w,downstream-gpu-worker-0,0,NVIDIA L4,suse-ai,52.7
1788063360,gpu_temp_c,downstream-gpu-worker-0,0,NVIDIA L4,suse-ai,48.0
1788063420,gpu_util_pct,downstream-gpu-worker-0,0,NVIDIA L4,suse-ai,41
1788063420,tensor_active_fraction,downstream-gpu-worker-0,0,NVIDIA L4,suse-ai,0.32
1788063420,fb_used_mib,downstream-gpu-worker-0,0,NVIDIA L4,suse-ai,9237
1788063420,power_usage_w,downstream-gpu-worker-0,0,NVIDIA L4,suse-ai,57.3
1788063420,gpu_temp_c,downstream-gpu-worker-0,0,NVIDIA L4,suse-ai,46.3
1788063480,gpu_util_pct,downstream-gpu-worker-0,0,NVIDIA L4,suse-ai,83
1788063480,tensor_active_fraction,downstream-gpu-worker-0,0,NVIDIA L4,suse-ai,0.589
1788063480,fb_used_mib,downstream-gpu-worker-0,0,NVIDIA L4,suse-ai,16096
1788063480,power_usage_w,downstream-gpu-worker-0,0,NVIDIA L4,suse-ai,75.7
1788063480,gpu_temp_c,downstream-gpu-worker-0,0,NVIDIA L4,suse-ai,58.9
1788063540,gpu_util_pct,downstream-gpu-worker-0,0,NVIDIA L4,suse-ai,37
1788063540,tensor_active_fraction,downstream-gpu-worker-0,0,NVIDIA L4,suse-ai,0.29
1788063540,fb_used_mib,downstream-gpu-worker-0,0,NVIDIA L4,suse-ai,9192
1788063540,power_usage_w,downstream-gpu-worker-0,0,NVIDIA L4,suse-ai,54.8
1788063540,gpu_temp_c,downstream-gpu-worker-0,0,NVIDIA L4,suse-ai,47.9
1788063600,gpu_util_pct,downstream-gpu-worker-0,0,NVIDIA L4,suse-ai,37
1788063600,tensor_active_fraction,downstream-gpu-worker-0,0,NVIDIA L4,suse-ai,0.268
1788063600,fb_used_mib,downstream-gpu-worker-0,0,NVIDIA L4,suse-ai,7741
1788063600,power_usage_w,downstream-gpu-worker-0,0,NVIDIA L4,suse-ai,50.6
1788063600,gpu_temp_c,downstream-gpu-worker-0,0,NVIDIA L4,suse-ai,46.0
1788063660,gpu_util_pct,downstream-gpu-worker-0,0,NVIDIA L4,suse-ai,0
1788063660,tensor_active_fraction,downstream-gpu-worker-0,0,NVIDIA L4,suse-ai,0.029
1788063660,fb_used_mib,downstream-gpu-worker-0,0,NVIDIA L4,suse-ai,1857
1788063660,power_usage_w,downstream-gpu-worker-0,0,NVIDIA L4,suse-ai,29.1
1788063660,gpu_temp_c,downstream-gpu-worker-0,0,NVIDIA L4,suse-ai,34.6
1788063720,gpu_util_pct,downstream-gpu-worker-0,0,NVIDIA L4,suse-ai,27
1788063720,tensor_active_fraction,downstream-gpu-worker-0,0,NVIDIA L4,suse-ai,0.175
1788063720,fb_used_mib,downstream-gpu-worker-0,0,NVIDIA L4,suse-ai,6471
1788063720,power_usage_w,downstream-gpu-worker-0,0,NVIDIA L4,suse-ai,44.2
1788063720,gpu_temp_c,downstream-gpu-worker-0,0,NVIDIA L4,suse-ai,41.4
1788063780,gpu_util_pct,downstream-gpu-worker-0,0,NVIDIA L4,suse-ai,70
1788063780,tensor_active_fraction,downstream-gpu-worker-0,0,NVIDIA L4,suse-ai,0.585
1788063780,fb_used_mib,downstream-gpu-worker-0,0,NVIDIA L4,suse-ai,14522
1788063780,power_usage_w,downstream-gpu-worker-0,0,NVIDIA L4,suse-ai,72.5
1788063780,gpu_temp_c,downstream-gpu-worker-0,0,NVIDIA L4,suse-ai,57.2
1788063840,gpu_util_pct,downstream-gpu-worker-0,0,NVIDIA L4,suse-ai,0
1788063840,tensor_active_fraction,downstream-gpu-worker-0,0,NVIDIA L4,suse-ai,0.0
1788063840,fb_used_mib,downstream-gpu-worker-0,0,NVIDIA L4,suse-ai,2020
1788063840,power_usage_w,downstream-gpu-worker-0,0,NVIDIA L4,suse-ai,29.4
1788063840,gpu_temp_c,downstream-gpu-worker-0,0,NVIDIA L4,suse-ai,33.8
1788063900,gpu_util_pct,downstream-gpu-worker-0,0,NVIDIA L4,suse-ai,26
1788063900,tensor_active_fraction,downstream-gpu-worker-0,0,NVIDIA L4,suse-ai,0.211
1788063900,fb_used_mib,downstream-gpu-worker-0,0,NVIDIA L4,suse-ai,6733
1788063900,power_usage_w,downstream-gpu-worker-0,0,NVIDIA L4,suse-ai,48.6
1788063900,gpu_temp_c,downstream-gpu-worker-0,0,NVIDIA L4,suse-ai,42.6
1788063960,gpu_util_pct,downstream-gpu-worker-0,0,NVIDIA L4,suse-ai,14
1788063960,tensor_active_fraction,downstream-gpu-worker-0,0,NVIDIA L4,suse-ai,0.065
1788063960,fb_used_mib,downstream-gpu-worker-0,0,NVIDIA L4,suse-ai,3620
1788063960,power_usage_w,downstream-gpu-worker-0,0,NVIDIA L4,suse-ai,34.3
1788063960,gpu_temp_c,downstream-gpu-worker-0,0,NVIDIA L4,suse-ai,38.5
1788064020,gpu_util_pct,downstream-gpu-worker-0,0,NVIDIA L4,suse-ai,73
1788064020,tensor_active_fraction,downstream-gpu-worker-0,0,NVIDIA L4,suse-ai,0.583
1788064020,fb_used_mib,downstream-gpu-worker-0,0,NVIDIA L4,suse-ai,14969
1788064020,power_usage_w,downstream-gpu-worker-0,0,NVIDIA L4,suse-ai,74.5
1788064020,gpu_temp_c,downstream-gpu-worker-0,0,NVIDIA L4,suse-ai,58.6
1788064080,gpu_util_pct,downstream-gpu-worker-0,0,NVIDIA L4,suse-ai,4
1788064080,tensor_active_fraction,downstream-gpu-worker-0,0,NVIDIA L4,suse-ai,0.0
1788064080,fb_used_mib,downstream-gpu-worker-0,0,NVIDIA L4,suse-ai,1894
1788064080,power_usage_w,downstream-gpu-worker-0,0,NVIDIA L4,suse-ai,29.2
1788064080,gpu_temp_c,downstream-gpu-worker-0,0,NVIDIA L4,suse-ai,35.0
1788064140,gpu_util_pct,downstream-gpu-worker-0,0,NVIDIA L4,suse-ai,1
1788064140,tensor_active_fraction,downstream-gpu-worker-0,0,NVIDIA L4,suse-ai,0.0
1788064140,fb_used_mib,downstream-gpu-worker-0,0,NVIDIA L4,suse-ai,1831
1788064140,power_usage_w,downstream-gpu-worker-0,0,NVIDIA L4,suse-ai,28.4
1788064140,gpu_temp_c,downstream-gpu-worker-0,0,NVIDIA L4,suse-ai,35.0
1788064200,gpu_util_pct,downstream-gpu-worker-0,0,NVIDIA L4,suse-ai,0
1788064200,tensor_active_fraction,downstream-gpu-worker-0,0,NVIDIA L4,suse-ai,0.0
1788064200,fb_used_mib,downstream-gpu-worker-0,0,NVIDIA L4,suse-ai,1954
1788064200,power_usage_w,downstream-gpu-worker-0,0,NVIDIA L4,suse-ai,28.1
1788064200,gpu_temp_c,downstream-gpu-worker-0,0,NVIDIA L4,suse-ai,33.6
1788064260,gpu_util_pct,downstream-gpu-worker-0,0,NVIDIA L4,suse-ai,10
1788064260,tensor_active_fraction,downstream-gpu-worker-0,0,NVIDIA L4,suse-ai,0.065
1788064260,fb_used_mib,downstream-gpu-worker-0,0,NVIDIA L4,suse-ai,3403
1788064260,power_usage_w,downstream-gpu-worker-0,0,NVIDIA L4,suse-ai,37.7
1788064260,gpu_temp_c,downstream-gpu-worker-0,0,NVIDIA L4,suse-ai,36.2
1788064320,gpu_util_pct,downstream-gpu-worker-0,0,NVIDIA L4,suse-ai,18
1788064320,tensor_active_fraction,downstream-gpu-worker-0,0,NVIDIA L4,suse-ai,0.107
1788064320,fb_used_mib,downstream-gpu-worker-0,0,NVIDIA L4,suse-ai,5416
1788064320,power_usage_w,downstream-gpu-worker-0,0,NVIDIA L4,suse-ai,40.1
1788064320,gpu_temp_c,downstream-gpu-worker-0,0,NVIDIA L4,suse-ai,41.4
1788064380,gpu_util_pct,downstream-gpu-worker-0,0,NVIDIA L4,suse-ai,47
1788064380,tensor_active_fraction,downstream-gpu-worker-0,0,NVIDIA L4,suse-ai,0.414
1788064380,fb_used_mib,downstream-gpu-worker-0,0,NVIDIA L4,suse-ai,10498
1788064380,power_usage_w,downstream-gpu-worker-0,0,NVIDIA L4,suse-ai,56.6
1788064380,gpu_temp_c,downstream-gpu-worker-0,0,NVIDIA L4,suse-ai,49.4
1788064440,gpu_util_pct,downstream-gpu-worker-0,0,NVIDIA L4,suse-ai,47
1788064440,tensor_active_fraction,downstream-gpu-worker-0,0,NVIDIA L4,suse-ai,0.428
1788064440,fb_used_mib,downstream-gpu-worker-0,0,NVIDIA L4,suse-ai,11341
1788064440,power_usage_w,downstream-gpu-worker-0,0,NVIDIA L4,suse-ai,60.4
1788064440,gpu_temp_c,downstream-gpu-worker-0,0,NVIDIA L4,suse-ai,48.7
1788064500,gpu_util_pct,downstream-gpu-worker-0,0,NVIDIA L4,suse-ai,24
1788064500,tensor_active_fraction,downstream-gpu-worker-0,0,NVIDIA L4,suse-ai,0.132
1788064500,fb_used_mib,downstream-gpu-worker-0,0,NVIDIA L4,suse-ai,5960
1788064500,power_usage_w,downstream-gpu-worker-0,0,NVIDIA L4,suse-ai,45.2
1788064500,gpu_temp_c,downstream-gpu-worker-0,0,NVIDIA L4,suse-ai,41.4
1788064560,gpu_util_pct,downstream-gpu-worker-0,0,NVIDIA L4,suse-ai,65
1788064560,tensor_active_fraction,downstream-gpu-worker-0,0,NVIDIA L4,suse-ai,0.535
1788064560,fb_used_mib,downstream-gpu-worker-0,0,NVIDIA L4,suse-ai,13456
1788064560,power_usage_w,downstream-gpu-worker-0,0,NVIDIA L4,suse-ai,65.2
1788064560,gpu_temp_c,downstream-gpu-worker-0,0,NVIDIA L4,suse-ai,52.5
1788064620,gpu_util_pct,downstream-gpu-worker-0,0,NVIDIA L4,suse-ai,24
1788064620,tensor_active_fraction,downstream-gpu-worker-0,0,NVIDIA L4,suse-ai,0.206
1788064620,fb_used_mib,downstream-gpu-worker-0,0,NVIDIA L4,suse-ai,5643
1788064620,power_usage_w,downstream-gpu-worker-0,0,NVIDIA L4,suse-ai,39.7
1788064620,gpu_temp_c,downstream-gpu-worker-0,0,NVIDIA L4,suse-ai,43.1
1788064680,gpu_util_pct,downstream-gpu-worker-0,0,NVIDIA L4,suse-ai,52
1788064680,tensor_active_fraction,downstream-gpu-worker-0,0,NVIDIA L4,suse-ai,0.435
1788064680,fb_used_mib,downstream-gpu-worker-0,0,NVIDIA L4,suse-ai,11798
1788064680,power_usage_w,downstream-gpu-worker-0,0,NVIDIA L4,suse-ai,64.7
1788064680,gpu_temp_c,downstream-gpu-worker-0,0,NVIDIA L4,suse-ai,51.0
1788064740,gpu_util_pct,downstream-gpu-worker-0,0,NVIDIA L4,suse-ai,21
1788064740,tensor_active_fraction,downstream-gpu-worker-0,0,NVIDIA L4,suse-ai,0.244
1788064740,fb_used_mib,downstream-gpu-worker-0,0,NVIDIA L4,suse-ai,6644
1788064740,power_usage_w,downstream-gpu-worker-0,0,NVIDIA L4,suse-ai,42.8
1788064740,gpu_temp_c,downstream-gpu-worker-0,0,NVIDIA L4,suse-ai,43.2
1788064800,gpu_util_pct,downstream-gpu-worker-0,0,NVIDIA L4,suse-ai,26
1788064800,tensor_active_fraction,downstream-gpu-worker-0,0,NVIDIA L4,suse-ai,0.229
1788064800,fb_used_mib,downstream-gpu-worker-0,0,NVIDIA L4,suse-ai,6872
1788064800,power_usage_w,downstream-gpu-worker-0,0,NVIDIA L4,suse-ai,43.0
1788064800,gpu_temp_c,downstream-gpu-worker-0,0,NVIDIA L4,suse-ai,42.0
1788064860,gpu_util_pct,downstream-gpu-worker-0,0,NVIDIA L4,suse-ai,24
1788064860,tensor_active_fraction,downstream-gpu-worker-0,0,NVIDIA L4,suse-ai,0.19
1788064860,fb_used_mib,downstream-gpu-worker-0,0,NVIDIA L4,suse-ai,6305
1788064860,power_usage_w,downstream-gpu-worker-0,0,NVIDIA L4,suse-ai,41.8
1788064860,gpu_temp_c,downstream-gpu-worker-0,0,NVIDIA L4,suse-ai,40.8
1788064920,gpu_util_pct,downstream-gpu-worker-0,0,NVIDIA L4,suse-ai,37
1788064920,tensor_active_fraction,downstream-gpu-worker-0,0,NVIDIA L4,suse-ai,0.281
1788064920,fb_used_mib,downstream-gpu-worker-0,0,NVIDIA L4,suse-ai,8418
1788064920,power_usage_w,downstream-gpu-worker-0,0,NVIDIA L4,suse-ai,52.0
1788064920,gpu_temp_c,downstream-gpu-worker-0,0,NVIDIA L4,suse-ai,44.4
1788064980,gpu_util_pct,downstream-gpu-worker-0,0,NVIDIA L4,suse-ai,20
1788064980,tensor_active_fraction,downstream-gpu-worker-0,0,NVIDIA L4,suse-ai,0.2
1788064980,fb_used_mib,downstream-gpu-worker-0,0,NVIDIA L4,suse-ai,5563
1788064980,power_usage_w,downstream-gpu-worker-0,0,NVIDIA L4,suse-ai,41.8
1788064980,gpu_temp_c,downstream-gpu-worker-0,0,NVIDIA L4,suse-ai,41.5
1788065040,gpu_util_pct,downstream-gpu-worker-0,0,NVIDIA L4,suse-ai,46
1788065040,tensor_active_fraction,downstream-gpu-worker-0,0,NVIDIA L4,suse-ai,0.377
1788065040,fb_used_mib,downstream-gpu-worker-0,0,NVIDIA L4,suse-ai,9639
1788065040,power_usage_w,downstream-gpu-worker-0,0,NVIDIA L4,suse-ai,55.4
1788065040,gpu_temp_c,downstream-gpu-worker-0,0,NVIDIA L4,suse-ai,45.7
1788065100,gpu_util_pct,downstream-gpu-worker-0,0,NVIDIA L4,suse-ai,20
1788065100,tensor_active_fraction,downstream-gpu-worker-0,0,NVIDIA L4,suse-ai,0.212
1788065100,fb_used_mib,downstream-gpu-worker-0,0,NVIDIA L4,suse-ai,6608
1788065100,power_usage_w,downstream-gpu-worker-0,0,NVIDIA L4,suse-ai,46.9
1788065100,gpu_temp_c,downstream-gpu-worker-0,0,NVIDIA L4,suse-ai,40.9
1788065160,gpu_util_pct,downstream-gpu-worker-0,0,NVIDIA L4,suse-ai,33
1788065160,tensor_active_fraction,downstream-gpu-worker-0,0,NVIDIA L4,suse-ai,0.227
1788065160,fb_used_mib,downstream-gpu-worker-0,0,NVIDIA L4,suse-ai,7520
1788065160,power_usage_w,downstream-gpu-worker-0,0,NVIDIA L4,suse-ai,47.0
1788065160,gpu_temp_c,downstream-gpu-worker-0,0,NVIDIA L4,suse-ai,43.7
1788065220,gpu_util_pct,downstream-gpu-worker-0,0,NVIDIA L4,suse-ai,23
1788065220,tensor_active_fraction,downstream-gpu-worker-0,0,NVIDIA L4,suse-ai,0.189
1788065220,fb_used_mib,downstream-gpu-worker-0,0,NVIDIA L4,suse-ai,5861
1788065220,power_usage_w,downstream-gpu-worker-0,0,NVIDIA L4,suse-ai,40.0
1788065220,gpu_temp_c,downstream-gpu-worker-0,0,NVIDIA L4,suse-ai,42.9
1788065280,gpu_util_pct,downstream-gpu-worker-0,0,NVIDIA L4,suse-ai,46
1788065280,tensor_active_fraction,downstream-gpu-worker-0,0,NVIDIA L4,suse-ai,0.355
1788065280,fb_used_mib,downstream-gpu-worker-0,0,NVIDIA L4,suse-ai,10026
1788065280,power_usage_w,downstream-gpu-worker-0,0,NVIDIA L4,suse-ai,56.8
1788065280,gpu_temp_c,downstream-gpu-worker-0,0,NVIDIA L4,suse-ai,48.2
1788065340,gpu_util_pct,downstream-gpu-worker-0,0,NVIDIA L4,suse-ai,41
1788065340,tensor_active_fraction,downstream-gpu-worker-0,0,NVIDIA L4,suse-ai,0.264
1788065340,fb_used_mib,downstream-gpu-worker-0,0,NVIDIA L4,suse-ai,8976
1788065340,power_usage_w,downstream-gpu-worker-0,0,NVIDIA L4,suse-ai,51.4
1788065340,gpu_temp_c,downstream-gpu-worker-0,0,NVIDIA L4,suse-ai,48.3
1788065400,gpu_util_pct,downstream-gpu-worker-0,0,NVIDIA L4,suse-ai,25
1788065400,tensor_active_fraction,downstream-gpu-worker-0,0,NVIDIA L4,suse-ai,0.155
1788065400,fb_used_mib,downstream-gpu-worker-0,0,NVIDIA L4,suse-ai,6205
1788065400,power_usage_w,downstream-gpu-worker-0,0,NVIDIA L4,suse-ai,41.3
1788065400,gpu_temp_c,downstream-gpu-worker-0,0,NVIDIA L4,suse-ai,41.6
1788065460,gpu_util_pct,downstream-gpu-worker-0,0,NVIDIA L4,suse-ai,18
1788065460,tensor_active_fraction,downstream-gpu-worker-0,0,NVIDIA L4,suse-ai,0.115
1788065460,fb_used_mib,downstream-gpu-worker-0,0,NVIDIA L4,suse-ai,5576
1788065460,power_usage_w,downstream-gpu-worker-0,0,NVIDIA L4,suse-ai,44.0
1788065460,gpu_temp_c,downstream-gpu-worker-0,0,NVIDIA L4,suse-ai,41.8
1788065520,gpu_util_pct,downstream-gpu-worker-0,0,NVIDIA L4,suse-ai,23
1788065520,tensor_active_fraction,downstream-gpu-worker-0,0,NVIDIA L4,suse-ai,0.215
1788065520,fb_used_mib,downstream-gpu-worker-0,0,NVIDIA L4,suse-ai,6238
1788065520,power_usage_w,downstream-gpu-worker-0,0,NVIDIA L4,suse-ai,41.5
1788065520,gpu_temp_c,downstream-gpu-worker-0,0,NVIDIA L4,suse-ai,40.9
1788065580,gpu_util_pct,downstream-gpu-worker-0,0,NVIDIA L4,suse-ai,34
1788065580,tensor_active_fraction,downstream-gpu-worker-0,0,NVIDIA L4,suse-ai,0.302
1788065580,fb_used_mib,downstream-gpu-worker-0,0,NVIDIA L4,suse-ai,8629
1788065580,power_usage_w,downstream-gpu-worker-0,0,NVIDIA L4,suse-ai,52.4
1788065580,gpu_temp_c,downstream-gpu-worker-0,0,NVIDIA L4,suse-ai,45.7
1788065640,gpu_util_pct,downstream-gpu-worker-0,0,NVIDIA L4,suse-ai,29
1788065640,tensor_active_fraction,downstream-gpu-worker-0,0,NVIDIA L4,suse-ai,0.225
1788065640,fb_used_mib,downstream-gpu-worker-0,0,NVIDIA L4,suse-ai,6955
1788065640,power_usage_w,downstream-gpu-worker-0,0,NVIDIA L4,suse-ai,46.9
1788065640,gpu_temp_c,downstream-gpu-worker-0,0,NVIDIA L4,suse-ai,42.6
1788065700,gpu_util_pct,downstream-gpu-worker-0,0,NVIDIA L4,suse-ai,28
1788065700,tensor_active_fraction,downstream-gpu-worker-0,0,NVIDIA L4,suse-ai,0.161
1788065700,fb_used_mib,downstream-gpu-worker-0,0,NVIDIA L4,suse-ai,6543
1788065700,power_usage_w,downstream-gpu-worker-0,0,NVIDIA L4,suse-ai,44.7
1788065700,gpu_temp_c,downstream-gpu-worker-0,0,NVIDIA L4,suse-ai,42.5
1788065760,gpu_util_pct,downstream-gpu-worker-0,0,NVIDIA L4,suse-ai,19
1788065760,tensor_active_fraction,downstream-gpu-worker-0,0,NVIDIA L4,suse-ai,0.148
1788065760,fb_used_mib,downstream-gpu-worker-0,0,NVIDIA L4,suse-ai,5623
1788065760,power_usage_w,downstream-gpu-worker-0,0,NVIDIA L4,suse-ai,42.3
1788065760,gpu_temp_c,downstream-gpu-worker-0,0,NVIDIA L4,suse-ai,39.2
1788065820,gpu_util_pct,downstream-gpu-worker-0,0,NVIDIA L4,suse-ai,34
1788065820,tensor_active_fraction,downstream-gpu-worker-0,0,NVIDIA L4,suse-ai,0.195
1788065820,fb_used_mib,downstream-gpu-worker-0,0,NVIDIA L4,suse-ai,7423
1788065820,power_usage_w,downstream-gpu-worker-0,0,NVIDIA L4,suse-ai,47.9
1788065820,gpu_temp_c,downstream-gpu-worker-0,0,NVIDIA L4,suse-ai,43.1
1788065880,gpu_util_pct,downstream-gpu-worker-0,0,NVIDIA L4,suse-ai,37
1788065880,tensor_active_fraction,downstream-gpu-worker-0,0,NVIDIA L4,suse-ai,0.3
1788065880,fb_used_mib,downstream-gpu-worker-0,0,NVIDIA L4,suse-ai,8685
1788065880,power_usage_w,downstream-gpu-worker-0,0,NVIDIA L4,suse-ai,53.3
1788065880,gpu_temp_c,downstream-gpu-worker-0,0,NVIDIA L4,suse-ai,46.9
1788065940,gpu_util_pct,downstream-gpu-worker-0,0,NVIDIA L4,suse-ai,31
1788065940,tensor_active_fraction,downstream-gpu-worker-0,0,NVIDIA L4,suse-ai,0.283
1788065940,fb_used_mib,downstream-gpu-worker-0,0,NVIDIA L4,suse-ai,7871
1788065940,power_usage_w,downstream-gpu-worker-0,0,NVIDIA L4,suse-ai,47.9
1788065940,gpu_temp_c,downstream-gpu-worker-0,0,NVIDIA L4,suse-ai,45.6
1788066000,gpu_util_pct,downstream-gpu-worker-0,0,NVIDIA L4,suse-ai,44
1788066000,tensor_active_fraction,downstream-gpu-worker-0,0,NVIDIA L4,suse-ai,0.369
1788066000,fb_used_mib,downstream-gpu-worker-0,0,NVIDIA L4,suse-ai,10172
1788066000,power_usage_w,downstream-gpu-worker-0,0,NVIDIA L4,suse-ai,60.1
1788066000,gpu_temp_c,downstream-gpu-worker-0,0,NVIDIA L4,suse-ai,47.2
1788066060,gpu_util_pct,downstream-gpu-worker-0,0,NVIDIA L4,suse-ai,24
1788066060,tensor_active_fraction,downstream-gpu-worker-0,0,NVIDIA L4,suse-ai,0.174
1788066060,fb_used_mib,downstream-gpu-worker-0,0,NVIDIA L4,suse-ai,6711
1788066060,power_usage_w,downstream-gpu-worker-0,0,NVIDIA L4,suse-ai,48.2
1788066060,gpu_temp_c,downstream-gpu-worker-0,0,NVIDIA L4,suse-ai,44.1
1788066120,gpu_util_pct,downstream-gpu-worker-0,0,NVIDIA L4,suse-ai,51
1788066120,tensor_active_fraction,downstream-gpu-worker-0,0,NVIDIA L4,suse-ai,0.371
1788066120,fb_used_mib,downstream-gpu-worker-0,0,NVIDIA L4,suse-ai,10174
1788066120,power_usage_w,downstream-gpu-worker-0,0,NVIDIA L4,suse-ai,55.8
1788066120,gpu_temp_c,downstream-gpu-worker-0,0,NVIDIA L4,suse-ai,50.3
1788066180,gpu_util_pct,downstream-gpu-worker-0,0,NVIDIA L4,suse-ai,25
1788066180,tensor_active_fraction,downstream-gpu-worker-0,0,NVIDIA L4,suse-ai,0.195
1788066180,fb_used_mib,downstream-gpu-worker-0,0,NVIDIA L4,suse-ai,6162
1788066180,power_usage_w,downstream-gpu-worker-0,0,NVIDIA L4,suse-ai,44.8
1788066180,gpu_temp_c,downstream-gpu-worker-0,0,NVIDIA L4,suse-ai,42.4
1788066240,gpu_util_pct,downstream-gpu-worker-0,0,NVIDIA L4,suse-ai,35
1788066240,tensor_active_fraction,downstream-gpu-worker-0,0,NVIDIA L4,suse-ai,0.279
1788066240,fb_used_mib,downstream-gpu-worker-0,0,NVIDIA L4,suse-ai,8099
1788066240,power_usage_w,downstream-gpu-worker-0,0,NVIDIA L4,suse-ai,50.1
1788066240,gpu_temp_c,downstream-gpu-worker-0,0,NVIDIA L4,suse-ai,46.4
1788066300,gpu_util_pct,downstream-gpu-worker-0,0,NVIDIA L4,suse-ai,27
1788066300,tensor_active_fraction,downstream-gpu-worker-0,0,NVIDIA L4,suse-ai,0.149
1788066300,fb_used_mib,downstream-gpu-worker-0,0,NVIDIA L4,suse-ai,6270
1788066300,power_usage_w,downstream-gpu-worker-0,0,NVIDIA L4,suse-ai,43.1
1788066300,gpu_temp_c,downstream-gpu-worker-0,0,NVIDIA L4,suse-ai,39.9
1788066360,gpu_util_pct,downstream-gpu-worker-0,0,NVIDIA L4,suse-ai,44
1788066360,tensor_active_fraction,downstream-gpu-worker-0,0,NVIDIA L4,suse-ai,0.344
1788066360,fb_used_mib,downstream-gpu-worker-0,0,NVIDIA L4,suse-ai,9462
1788066360,power_usage_w,downstream-gpu-worker-0,0,NVIDIA L4,suse-ai,52.2
1788066360,gpu_temp_c,downstream-gpu-worker-0,0,NVIDIA L4,suse-ai,47.6
1788066420,gpu_util_pct,downstream-gpu-worker-0,0,NVIDIA L4,suse-ai,26
1788066420,tensor_active_fraction,downstream-gpu-worker-0,0,NVIDIA L4,suse-ai,0.187
1788066420,fb_used_mib,downstream-gpu-worker-0,0,NVIDIA L4,suse-ai,6714
1788066420,power_usage_w,downstream-gpu-worker-0,0,NVIDIA L4,suse-ai,44.7
1788066420,gpu_temp_c,downstream-gpu-worker-0,0,NVIDIA L4,suse-ai,43.6
1788066480,gpu_util_pct,downstream-gpu-worker-0,0,NVIDIA L4,suse-ai,26
1788066480,tensor_active_fraction,downstream-gpu-worker-0,0,NVIDIA L4,suse-ai,0.248
1788066480,fb_used_mib,downstream-gpu-worker-0,0,NVIDIA L4,suse-ai,7384
1788066480,power_usage_w,downstream-gpu-worker-0,0,NVIDIA L4,suse-ai,45.2
1788066480,gpu_temp_c,downstream-gpu-worker-0,0,NVIDIA L4,suse-ai,44.5
1788066540,gpu_util_pct,downstream-gpu-worker-0,0,NVIDIA L4,suse-ai,20
1788066540,tensor_active_fraction,downstream-gpu-worker-0,0,NVIDIA L4,suse-ai,0.167
1788066540,fb_used_mib,downstream-gpu-worker-0,0,NVIDIA L4,suse-ai,5524
1788066540,power_usage_w,downstream-gpu-worker-0,0,NVIDIA L4,suse-ai,38.3
1788066540,gpu_temp_c,downstream-gpu-worker-0,0,NVIDIA L4,suse-ai,41.0
1788066600,gpu_util_pct,downstream-gpu-worker-0,0,NVIDIA L4,suse-ai,39
1788066600,tensor_active_fraction,downstream-gpu-worker-0,0,NVIDIA L4,suse-ai,0.321
1788066600,fb_used_mib,downstream-gpu-worker-0,0,NVIDIA L4,suse-ai,9077
1788066600,power_usage_w,downstream-gpu-worker-0,0,NVIDIA L4,suse-ai,56.5
1788066600,gpu_temp_c,downstream-gpu-worker-0,0,NVIDIA L4,suse-ai,46.8
1788066660,gpu_util_pct,downstream-gpu-worker-0,0,NVIDIA L4,suse-ai,35
1788066660,tensor_active_fraction,downstream-gpu-worker-0,0,NVIDIA L4,suse-ai,0.299
1788066660,fb_used_mib,downstream-gpu-worker-0,0,NVIDIA L4,suse-ai,8880
1788066660,power_usage_w,downstream-gpu-worker-0,0,NVIDIA L4,suse-ai,50.8
1788066660,gpu_temp_c,downstream-gpu-worker-0,0,NVIDIA L4,suse-ai,44.9
1788066720,gpu_util_pct,downstream-gpu-worker-0,0,NVIDIA L4,suse-ai,10
1788066720,tensor_active_fraction,downstream-gpu-worker-0,0,NVIDIA L4,suse-ai,0.126
1788066720,fb_used_mib,downstream-gpu-worker-0,0,NVIDIA L4,suse-ai,4642
1788066720,power_usage_w,downstream-gpu-worker-0,0,NVIDIA L4,suse-ai,40.0
1788066720,gpu_temp_c,downstream-gpu-worker-0,0,NVIDIA L4,suse-ai,39.2
1788066780,gpu_util_pct,downstream-gpu-worker-0,0,NVIDIA L4,suse-ai,18
1788066780,tensor_active_fraction,downstream-gpu-worker-0,0,NVIDIA L4,suse-ai,0.163
1788066780,fb_used_mib,downstream-gpu-worker-0,0,NVIDIA L4,suse-ai,5819
1788066780,power_usage_w,downstream-gpu-worker-0,0,NVIDIA L4,suse-ai,44.4
1788066780,gpu_temp_c,downstream-gpu-worker-0,0,NVIDIA L4,suse-ai,42.6
1788066840,gpu_util_pct,downstream-gpu-worker-0,0,NVIDIA L4,suse-ai,47
1788066840,tensor_active_fraction,downstream-gpu-worker-0,0,NVIDIA L4,suse-ai,0.32
1788066840,fb_used_mib,downstream-gpu-worker-0,0,NVIDIA L4,suse-ai,9866
1788066840,power_usage_w,downstream-gpu-worker-0,0,NVIDIA L4,suse-ai,53.3
1788066840,gpu_temp_c,downstream-gpu-worker-0,0,NVIDIA L4,suse-ai,49.0
1788066900,gpu_util_pct,downstream-gpu-worker-0,0,NVIDIA L4,suse-ai,36
1788066900,tensor_active_fraction,downstream-gpu-worker-0,0,NVIDIA L4,suse-ai,0.294
1788066900,fb_used_mib,downstream-gpu-worker-0,0,NVIDIA L4,suse-ai,8559
1788066900,power_usage_w,downstream-gpu-worker-0,0,NVIDIA L4,suse-ai,51.2
1788066900,gpu_temp_c,downstream-gpu-worker-0,0,NVIDIA L4,suse-ai,47.1
1788066960,gpu_util_pct,downstream-gpu-worker-0,0,NVIDIA L4,suse-ai,50
1788066960,tensor_active_fraction,downstream-gpu-worker-0,0,NVIDIA L4,suse-ai,0.376
1788066960,fb_used_mib,downstream-gpu-worker-0,0,NVIDIA L4,suse-ai,10451
1788066960,power_usage_w,downstream-gpu-worker-0,0,NVIDIA L4,suse-ai,58.5
1788066960,gpu_temp_c,downstream-gpu-worker-0,0,NVIDIA L4,suse-ai,50.9
1788067020,gpu_util_pct,downstream-gpu-worker-0,0,NVIDIA L4,suse-ai,37
1788067020,tensor_active_fraction,downstream-gpu-worker-0,0,NVIDIA L4,suse-ai,0.335
1788067020,fb_used_mib,downstream-gpu-worker-0,0,NVIDIA L4,suse-ai,8625
1788067020,power_usage_w,downstream-gpu-worker-0,0,NVIDIA L4,suse-ai,54.5
1788067020,gpu_temp_c,downstream-gpu-worker-0,0,NVIDIA L4,suse-ai,47.6
1788067080,gpu_util_pct,downstream-gpu-worker-0,0,NVIDIA L4,suse-ai,34
1788067080,tensor_active_fraction,downstream-gpu-worker-0,0,NVIDIA L4,suse-ai,0.296
1788067080,fb_used_mib,downstream-gpu-worker-0,0,NVIDIA L4,suse-ai,9050
1788067080,power_usage_w,downstream-gpu-worker-0,0,NVIDIA L4,suse-ai,53.7
1788067080,gpu_temp_c,downstream-gpu-worker-0,0,NVIDIA L4,suse-ai,46.2
1788067140,gpu_util_pct,downstream-gpu-worker-0,0,NVIDIA L4,suse-ai,37
1788067140,tensor_active_fraction,downstream-gpu-worker-0,0,NVIDIA L4,suse-ai,0.359
1788067140,fb_used_mib,downstream-gpu-worker-0,0,NVIDIA L4,suse-ai,9404
1788067140,power_usage_w,downstream-gpu-worker-0,0,NVIDIA L4,suse-ai,54.8
1788067140,gpu_temp_c,downstream-gpu-worker-0,0,NVIDIA L4,suse-ai,48.3
1788067200,gpu_util_pct,downstream-gpu-worker-0,0,NVIDIA L4,suse-ai,37
1788067200,tensor_active_fraction,downstream-gpu-worker-0,0,NVIDIA L4,suse-ai,0.321
1788067200,fb_used_mib,downstream-gpu-worker-0,0,NVIDIA L4,suse-ai,8735
1788067200,power_usage_w,downstream-gpu-worker-0,0,NVIDIA L4,suse-ai,51.4
1788067200,gpu_temp_c,downstream-gpu-worker-0,0,NVIDIA L4,suse-ai,46.4
1788067260,gpu_util_pct,downstream-gpu-worker-0,0,NVIDIA L4,suse-ai,20
1788067260,tensor_active_fraction,downstream-gpu-worker-0,0,NVIDIA L4,suse-ai,0.189
1788067260,fb_used_mib,downstream-gpu-worker-0,0,NVIDIA L4,suse-ai,5804
1788067260,power_usage_w,downstream-gpu-worker-0,0,NVIDIA L4,suse-ai,44.0
1788067260,gpu_temp_c,downstream-gpu-worker-0,0,NVIDIA L4,suse-ai,42.4
1788067320,gpu_util_pct,downstream-gpu-worker-0,0,NVIDIA L4,suse-ai,38
1788067320,tensor_active_fraction,downstream-gpu-worker-0,0,NVIDIA L4,suse-ai,0.336
1788067320,fb_used_mib,downstream-gpu-worker-0,0,NVIDIA L4,suse-ai,9067
1788067320,power_usage_w,downstream-gpu-worker-0,0,NVIDIA L4,suse-ai,53.5
1788067320,gpu_temp_c,downstream-gpu-worker-0,0,NVIDIA L4,suse-ai,45.9
1788067380,gpu_util_pct,downstream-gpu-worker-0,0,NVIDIA L4,suse-ai,17
1788067380,tensor_active_fraction,downstream-gpu-worker-0,0,NVIDIA L4,suse-ai,0.136
1788067380,fb_used_mib,downstream-gpu-worker-0,0,NVIDIA L4,suse-ai,5882
1788067380,power_usage_w,downstream-gpu-worker-0,0,NVIDIA L4,suse-ai,40.1
1788067380,gpu_temp_c,downstream-gpu-worker-0,0,NVIDIA L4,suse-ai,43.0
1788067440,gpu_util_pct,downstream-gpu-worker-0,0,NVIDIA L4,suse-ai,35
1788067440,tensor_active_fraction,downstream-gpu-worker-0,0,NVIDIA L4,suse-ai,0.24
1788067440,fb_used_mib,downstream-gpu-worker-0,0,NVIDIA L4,suse-ai,7921
1788067440,power_usage_w,downstream-gpu-worker-0,0,NVIDIA L4,suse-ai,49.9
1788067440,gpu_temp_c,downstream-gpu-worker-0,0,NVIDIA L4,suse-ai,43.9
1788067500,gpu_util_pct,downstream-gpu-worker-0,0,NVIDIA L4,suse-ai,40
1788067500,tensor_active_fraction,downstream-gpu-worker-0,0,NVIDIA L4,suse-ai,0.271
1788067500,fb_used_mib,downstream-gpu-worker-0,0,NVIDIA L4,suse-ai,8989
1788067500,power_usage_w,downstream-gpu-worker-0,0,NVIDIA L4,suse-ai,50.7
1788067500,gpu_temp_c,downstream-gpu-worker-0,0,NVIDIA L4,suse-ai,46.9
1788067560,gpu_util_pct,downstream-gpu-worker-0,0,NVIDIA L4,suse-ai,41
1788067560,tensor_active_fraction,downstream-gpu-worker-0,0,NVIDIA L4,suse-ai,0.323
1788067560,fb_used_mib,downstream-gpu-worker-0,0,NVIDIA L4,suse-ai,10029
1788067560,power_usage_w,downstream-gpu-worker-0,0,NVIDIA L4,suse-ai,56.8
1788067560,gpu_temp_c,downstream-gpu-worker-0,0,NVIDIA L4,suse-ai,46.7
1788067620,gpu_util_pct,downstream-gpu-worker-0,0,NVIDIA L4,suse-ai,10
1788067620,tensor_active_fraction,downstream-gpu-worker-0,0,NVIDIA L4,suse-ai,0.09
1788067620,fb_used_mib,downstream-gpu-worker-0,0,NVIDIA L4,suse-ai,4145
1788067620,power_usage_w,downstream-gpu-worker-0,0,NVIDIA L4,suse-ai,36.8
1788067620,gpu_temp_c,downstream-gpu-worker-0,0,NVIDIA L4,suse-ai,38.2
1788067680,gpu_util_pct,downstream-gpu-worker-0,0,NVIDIA L4,suse-ai,50
1788067680,tensor_active_fraction,downstream-gpu-worker-0,0,NVIDIA L4,suse-ai,0.379
1788067680,fb_used_mib,downstream-gpu-worker-0,0,NVIDIA L4,suse-ai,10243
1788067680,power_usage_w,downstream-gpu-worker-0,0,NVIDIA L4,suse-ai,57.4
1788067680,gpu_temp_c,downstream-gpu-worker-0,0,NVIDIA L4,suse-ai,48.8
1788067740,gpu_util_pct,downstream-gpu-worker-0,0,NVIDIA L4,suse-ai,29
1788067740,tensor_active_fraction,downstream-gpu-worker-0,0,NVIDIA L4,suse-ai,0.217
1788067740,fb_used_mib,downstream-gpu-worker-0,0,NVIDIA L4,suse-ai,6686
1788067740,power_usage_w,downstream-gpu-worker-0,0,NVIDIA L4,suse-ai,45.0
1788067740,gpu_temp_c,downstream-gpu-worker-0,0,NVIDIA L4,suse-ai,42.5
1788067800,gpu_util_pct,downstream-gpu-worker-0,0,NVIDIA L4,suse-ai,27
1788067800,tensor_active_fraction,downstream-gpu-worker-0,0,NVIDIA L4,suse-ai,0.159
1788067800,fb_used_mib,downstream-gpu-worker-0,0,NVIDIA L4,suse-ai,6436
1788067800,power_usage_w,downstream-gpu-worker-0,0,NVIDIA L4,suse-ai,43.4
1788067800,gpu_temp_c,downstream-gpu-worker-0,0,NVIDIA L4,suse-ai,41.2
1788067860,gpu_util_pct,downstream-gpu-worker-0,0,NVIDIA L4,suse-ai,37
1788067860,tensor_active_fraction,downstream-gpu-worker-0,0,NVIDIA L4,suse-ai,0.237
1788067860,fb_used_mib,downstream-gpu-worker-0,0,NVIDIA L4,suse-ai,8056
1788067860,power_usage_w,downstream-gpu-worker-0,0,NVIDIA L4,suse-ai,50.6
1788067860,gpu_temp_c,downstream-gpu-worker-0,0,NVIDIA L4,suse-ai,45.6
1788067920,gpu_util_pct,downstream-gpu-worker-0,0,NVIDIA L4,suse-ai,31
1788067920,tensor_active_fraction,downstream-gpu-worker-0,0,NVIDIA L4,suse-ai,0.309
1788067920,fb_used_mib,downstream-gpu-worker-0,0,NVIDIA L4,suse-ai,8526
1788067920,power_usage_w,downstream-gpu-worker-0,0,NVIDIA L4,suse-ai,53.1
1788067920,gpu_temp_c,downstream-gpu-worker-0,0,NVIDIA L4,suse-ai,47.3
1788067980,gpu_util_pct,downstream-gpu-worker-0,0,NVIDIA L4,suse-ai,38
1788067980,tensor_active_fraction,downstream-gpu-worker-0,0,NVIDIA L4,suse-ai,0.271
1788067980,fb_used_mib,downstream-gpu-worker-0,0,NVIDIA L4,suse-ai,9199
1788067980,power_usage_w,downstream-gpu-worker-0,0,NVIDIA L4,suse-ai,56.5
1788067980,gpu_temp_c,downstream-gpu-worker-0,0,NVIDIA L4,suse-ai,46.9
1788068040,gpu_util_pct,downstream-gpu-worker-0,0,NVIDIA L4,suse-ai,25
1788068040,tensor_active_fraction,downstream-gpu-worker-0,0,NVIDIA L4,suse-ai,0.201
1788068040,fb_used_mib,downstream-gpu-worker-0,0,NVIDIA L4,suse-ai,5749
1788068040,power_usage_w,downstream-gpu-worker-0,0,NVIDIA L4,suse-ai,39.9
1788068040,gpu_temp_c,downstream-gpu-worker-0,0,NVIDIA L4,suse-ai,42.4
1788068100,gpu_util_pct,downstream-gpu-worker-0,0,NVIDIA L4,suse-ai,28
1788068100,tensor_active_fraction,downstream-gpu-worker-0,0,NVIDIA L4,suse-ai,0.197
1788068100,fb_used_mib,downstream-gpu-worker-0,0,NVIDIA L4,suse-ai,7127
1788068100,power_usage_w,downstream-gpu-worker-0,0,NVIDIA L4,suse-ai,44.8
1788068100,gpu_temp_c,downstream-gpu-worker-0,0,NVIDIA L4,suse-ai,45.1
1788068160,gpu_util_pct,downstream-gpu-worker-0,0,NVIDIA L4,suse-ai,42
1788068160,tensor_active_fraction,downstream-gpu-worker-0,0,NVIDIA L4,suse-ai,0.379
1788068160,fb_used_mib,downstream-gpu-worker-0,0,NVIDIA L4,suse-ai,9909
1788068160,power_usage_w,downstream-gpu-worker-0,0,NVIDIA L4,suse-ai,59.7
1788068160,gpu_temp_c,downstream-gpu-worker-0,0,NVIDIA L4,suse-ai,47.5
1788068220,gpu_util_pct,downstream-gpu-worker-0,0,NVIDIA L4,suse-ai,23
1788068220,tensor_active_fraction,downstream-gpu-worker-0,0,NVIDIA L4,suse-ai,0.19
1788068220,fb_used_mib,downstream-gpu-worker-0,0,NVIDIA L4,suse-ai,5915
1788068220,power_usage_w,downstream-gpu-worker-0,0,NVIDIA L4,suse-ai,44.9
1788068220,gpu_temp_c,downstream-gpu-worker-0,0,NVIDIA L4,suse-ai,39.8
1788068280,gpu_util_pct,downstream-gpu-worker-0,0,NVIDIA L4,suse-ai,19
1788068280,tensor_active_fraction,downstream-gpu-worker-0,0,NVIDIA L4,suse-ai,0.149
1788068280,fb_used_mib,downstream-gpu-worker-0,0,NVIDIA L4,suse-ai,6031
1788068280,power_usage_w,downstream-gpu-worker-0,0,NVIDIA L4,suse-ai,43.0
1788068280,gpu_temp_c,downstream-gpu-worker-0,0,NVIDIA L4,suse-ai,39.9
1788068340,gpu_util_pct,downstream-gpu-worker-0,0,NVIDIA L4,suse-ai,41
1788068340,tensor_active_fraction,downstream-gpu-worker-0,0,NVIDIA L4,suse-ai,0.396
1788068340,fb_used_mib,downstream-gpu-worker-0,0,NVIDIA L4,suse-ai,10097
1788068340,power_usage_w,downstream-gpu-worker-0,0,NVIDIA L4,suse-ai,57.4
1788068340,gpu_temp_c,downstream-gpu-worker-0,0,NVIDIA L4,suse-ai,48.5
1788068400,gpu_util_pct,downstream-gpu-worker-0,0,NVIDIA L4,suse-ai,25
1788068400,tensor_active_fraction,downstream-gpu-worker-0,0,NVIDIA L4,suse-ai,0.241
1788068400,fb_used_mib,downstream-gpu-worker-0,0,NVIDIA L4,suse-ai,7258
1788068400,power_usage_w,downstream-gpu-worker-0,0,NVIDIA L4,suse-ai,46.2
1788068400,gpu_temp_c,downstream-gpu-worker-0,0,NVIDIA L4,suse-ai,41.7
1788068460,gpu_util_pct,downstream-gpu-worker-0,0,NVIDIA L4,suse-ai,31
1788068460,tensor_active_fraction,downstream-gpu-worker-0,0,NVIDIA L4,suse-ai,0.238
1788068460,fb_used_mib,downstream-gpu-worker-0,0,NVIDIA L4,suse-ai,6843
1788068460,power_usage_w,downstream-gpu-worker-0,0,NVIDIA L4,suse-ai,47.1
1788068460,gpu_temp_c,downstream-gpu-worker-0,0,NVIDIA L4,suse-ai,43.5
1788068520,gpu_util_pct,downstream-gpu-worker-0,0,NVIDIA L4,suse-ai,38
1788068520,tensor_active_fraction,downstream-gpu-worker-0,0,NVIDIA L4,suse-ai,0.335
1788068520,fb_used_mib,downstream-gpu-worker-0,0,NVIDIA L4,suse-ai,8333
1788068520,power_usage_w,downstream-gpu-worker-0,0,NVIDIA L4,suse-ai,50.9
1788068520,gpu_temp_c,downstream-gpu-worker-0,0,NVIDIA L4,suse-ai,44.8
1788068580,gpu_util_pct,downstream-gpu-worker-0,0,NVIDIA L4,suse-ai,34
1788068580,tensor_active_fraction,downstream-gpu-worker-0,0,NVIDIA L4,suse-ai,0.283
1788068580,fb_used_mib,downstream-gpu-worker-0,0,NVIDIA L4,suse-ai,8323
1788068580,power_usage_w,downstream-gpu-worker-0,0,NVIDIA L4,suse-ai,52.2
1788068580,gpu_temp_c,downstream-gpu-worker-0,0,NVIDIA L4,suse-ai,44.7
1788068640,gpu_util_pct,downstream-gpu-worker-0,0,NVIDIA L4,suse-ai,30
1788068640,tensor_active_fraction,downstream-gpu-worker-0,0,NVIDIA L4,suse-ai,0.269
1788068640,fb_used_mib,downstream-gpu-worker-0,0,NVIDIA L4,suse-ai,7650
1788068640,power_usage_w,downstream-gpu-worker-0,0,NVIDIA L4,suse-ai,49.6
1788068640,gpu_temp_c,downstream-gpu-worker-0,0,NVIDIA L4,suse-ai,42.9
1788068700,gpu_util_pct,downstream-gpu-worker-0,0,NVIDIA L4,suse-ai,38
1788068700,tensor_active_fraction,downstream-gpu-worker-0,0,NVIDIA L4,suse-ai,0.279
1788068700,fb_used_mib,downstream-gpu-worker-0,0,NVIDIA L4,suse-ai,9555
1788068700,power_usage_w,downstream-gpu-worker-0,0,NVIDIA L4,suse-ai,54.7
1788068700,gpu_temp_c,downstream-gpu-worker-0,0,NVIDIA L4,suse-ai,47.3
1788068760,gpu_util_pct,downstream-gpu-worker-0,0,NVIDIA L4,suse-ai,19
1788068760,tensor_active_fraction,downstream-gpu-worker-0,0,NVIDIA L4,suse-ai,0.146
1788068760,fb_used_mib,downstream-gpu-worker-0,0,NVIDIA L4,suse-ai,4723
1788068760,power_usage_w,downstream-gpu-worker-0,0,NVIDIA L4,suse-ai,41.8
1788068760,gpu_temp_c,downstream-gpu-worker-0,0,NVIDIA L4,suse-ai,39.2
1788068820,gpu_util_pct,downstream-gpu-worker-0,0,NVIDIA L4,suse-ai,41
1788068820,tensor_active_fraction,downstream-gpu-worker-0,0,NVIDIA L4,suse-ai,0.275
1788068820,fb_used_mib,downstream-gpu-worker-0,0,NVIDIA L4,suse-ai,8716
1788068820,power_usage_w,downstream-gpu-worker-0,0,NVIDIA L4,suse-ai,51.3
1788068820,gpu_temp_c,downstream-gpu-worker-0,0,NVIDIA L4,suse-ai,45.7
1788068880,gpu_util_pct,downstream-gpu-worker-0,0,NVIDIA L4,suse-ai,24
1788068880,tensor_active_fraction,downstream-gpu-worker-0,0,NVIDIA L4,suse-ai,0.169
1788068880,fb_used_mib,downstream-gpu-worker-0,0,NVIDIA L4,suse-ai,5933
1788068880,power_usage_w,downstream-gpu-worker-0,0,NVIDIA L4,suse-ai,45.4
1788068880,gpu_temp_c,downstream-gpu-worker-0,0,NVIDIA L4,suse-ai,40.3
1788068940,gpu_util_pct,downstream-gpu-worker-0,0,NVIDIA L4,suse-ai,36
1788068940,tensor_active_fraction,downstream-gpu-worker-0,0,NVIDIA L4,suse-ai,0.27
1788068940,fb_used_mib,downstream-gpu-worker-0,0,NVIDIA L4,suse-ai,8728
1788068940,power_usage_w,downstream-gpu-worker-0,0,NVIDIA L4,suse-ai,50.6
1788068940,gpu_temp_c,downstream-gpu-worker-0,0,NVIDIA L4,suse-ai,44.9
1788069000,gpu_util_pct,downstream-gpu-worker-0,0,NVIDIA L4,suse-ai,35
1788069000,tensor_active_fraction,downstream-gpu-worker-0,0,NVIDIA L4,suse-ai,0.3
1788069000,fb_used_mib,downstream-gpu-worker-0,0,NVIDIA L4,suse-ai,8692
1788069000,power_usage_w,downstream-gpu-worker-0,0,NVIDIA L4,suse-ai,52.9
1788069000,gpu_temp_c,downstream-gpu-worker-0,0,NVIDIA L4,suse-ai,45.8
1788069060,gpu_util_pct,downstream-gpu-worker-0,0,NVIDIA L4,suse-ai,37
1788069060,tensor_active_fraction,downstream-gpu-worker-0,0,NVIDIA L4,suse-ai,0.297
1788069060,fb_used_mib,downstream-gpu-worker-0,0,NVIDIA L4,suse-ai,9398
1788069060,power_usage_w,downstream-gpu-worker-0,0,NVIDIA L4,suse-ai,56.1
1788069060,gpu_temp_c,downstream-gpu-worker-0,0,NVIDIA L4,suse-ai,46.5
1788069120,gpu_util_pct,downstream-gpu-worker-0,0,NVIDIA L4,suse-ai,24
1788069120,tensor_active_fraction,downstream-gpu-worker-0,0,NVIDIA L4,suse-ai,0.203
1788069120,fb_used_mib,downstream-gpu-worker-0,0,NVIDIA L4,suse-ai,5757
1788069120,power_usage_w,downstream-gpu-worker-0,0,NVIDIA L4,suse-ai,41.6
1788069120,gpu_temp_c,downstream-gpu-worker-0,0,NVIDIA L4,suse-ai,41.6
1788069180,gpu_util_pct,downstream-gpu-worker-0,0,NVIDIA L4,suse-ai,37
1788069180,tensor_active_fraction,downstream-gpu-worker-0,0,NVIDIA L4,suse-ai,0.379
1788069180,fb_used_mib,downstream-gpu-worker-0,0,NVIDIA L4,suse-ai,9362
1788069180,power_usage_w,downstream-gpu-worker-0,0,NVIDIA L4,suse-ai,54.6
1788069180,gpu_temp_c,downstream-gpu-worker-0,0,NVIDIA L4,suse-ai,48.1
1788069240,gpu_util_pct,downstream-gpu-worker-0,0,NVIDIA L4,suse-ai,13
1788069240,tensor_active_fraction,downstream-gpu-worker-0,0,NVIDIA L4,suse-ai,0.086
1788069240,fb_used_mib,downstream-gpu-worker-0,0,NVIDIA L4,suse-ai,4578
1788069240,power_usage_w,downstream-gpu-worker-0,0,NVIDIA L4,suse-ai,36.4
1788069240,gpu_temp_c,downstream-gpu-worker-0,0,NVIDIA L4,suse-ai,39.7
1788069300,gpu_util_pct,downstream-gpu-worker-0,0,NVIDIA L4,suse-ai,22
1788069300,tensor_active_fraction,downstream-gpu-worker-0,0,NVIDIA L4,suse-ai,0.103
1788069300,fb_used_mib,downstream-gpu-worker-0,0,NVIDIA L4,suse-ai,5361
1788069300,power_usage_w,downstream-gpu-worker-0,0,NVIDIA L4,suse-ai,40.6
1788069300,gpu_temp_c,downstream-gpu-worker-0,0,NVIDIA L4,suse-ai,40.9
1788069360,gpu_util_pct,downstream-gpu-worker-0,0,NVIDIA L4,suse-ai,44
1788069360,tensor_active_fraction,downstream-gpu-worker-0,0,NVIDIA L4,suse-ai,0.34
1788069360,fb_used_mib,downstream-gpu-worker-0,0,NVIDIA L4,suse-ai,9355
1788069360,power_usage_w,downstream-gpu-worker-0,0,NVIDIA L4,suse-ai,53.2
1788069360,gpu_temp_c,downstream-gpu-worker-0,0,NVIDIA L4,suse-ai,45.6
1788069420,gpu_util_pct,downstream-gpu-worker-0,0,NVIDIA L4,suse-ai,17
1788069420,tensor_active_fraction,downstream-gpu-worker-0,0,NVIDIA L4,suse-ai,0.159
1788069420,fb_used_mib,downstream-gpu-worker-0,0,NVIDIA L4,suse-ai,4610
1788069420,power_usage_w,downstream-gpu-worker-0,0,NVIDIA L4,suse-ai,41.3
1788069420,gpu_temp_c,downstream-gpu-worker-0,0,NVIDIA L4,suse-ai,41.1
1788069480,gpu_util_pct,downstream-gpu-worker-0,0,NVIDIA L4,suse-ai,42
1788069480,tensor_active_fraction,downstream-gpu-worker-0,0,NVIDIA L4,suse-ai,0.391
1788069480,fb_used_mib,downstream-gpu-worker-0,0,NVIDIA L4,suse-ai,9836
1788069480,power_usage_w,downstream-gpu-worker-0,0,NVIDIA L4,suse-ai,54.3
1788069480,gpu_temp_c,downstream-gpu-worker-0,0,NVIDIA L4,suse-ai,49.9
1788069540,gpu_util_pct,downstream-gpu-worker-0,0,NVIDIA L4,suse-ai,30
1788069540,tensor_active_fraction,downstream-gpu-worker-0,0,NVIDIA L4,suse-ai,0.228
1788069540,fb_used_mib,downstream-gpu-worker-0,0,NVIDIA L4,suse-ai,8062
1788069540,power_usage_w,downstream-gpu-worker-0,0,NVIDIA L4,suse-ai,50.6
1788069540,gpu_temp_c,downstream-gpu-worker-0,0,NVIDIA L4,suse-ai,45.0
1788069600,gpu_util_pct,downstream-gpu-worker-0,0,NVIDIA L4,suse-ai,20
1788069600,tensor_active_fraction,downstream-gpu-worker-0,0,NVIDIA L4,suse-ai,0.197
1788069600,fb_used_mib,downstream-gpu-worker-0,0,NVIDIA L4,suse-ai,5404
1788069600,power_usage_w,downstream-gpu-worker-0,0,NVIDIA L4,suse-ai,44.8
1788069600,gpu_temp_c,downstream-gpu-worker-0,0,NVIDIA L4,suse-ai,41.9
1788069660,gpu_util_pct,downstream-gpu-worker-0,0,NVIDIA L4,suse-ai,49
1788069660,tensor_active_fraction,downstream-gpu-worker-0,0,NVIDIA L4,suse-ai,0.372
1788069660,fb_used_mib,downstream-gpu-worker-0,0,NVIDIA L4,suse-ai,10188
1788069660,power_usage_w,downstream-gpu-worker-0,0,NVIDIA L4,suse-ai,57.6
1788069660,gpu_temp_c,downstream-gpu-worker-0,0,NVIDIA L4,suse-ai,48.4
1788069720,gpu_util_pct,downstream-gpu-worker-0,0,NVIDIA L4,suse-ai,22
1788069720,tensor_active_fraction,downstream-gpu-worker-0,0,NVIDIA L4,suse-ai,0.191
1788069720,fb_used_mib,downstream-gpu-worker-0,0,NVIDIA L4,suse-ai,5951
1788069720,power_usage_w,downstream-gpu-worker-0,0,NVIDIA L4,suse-ai,45.0
1788069720,gpu_temp_c,downstream-gpu-worker-0,0,NVIDIA L4,suse-ai,42.3
1788069780,gpu_util_pct,downstream-gpu-worker-0,0,NVIDIA L4,suse-ai,16
1788069780,tensor_active_fraction,downstream-gpu-worker-0,0,NVIDIA L4,suse-ai,0.14
1788069780,fb_used_mib,downstream-gpu-worker-0,0,NVIDIA L4,suse-ai,4390
1788069780,power_usage_w,downstream-gpu-worker-0,0,NVIDIA L4,suse-ai,39.1
1788069780,gpu_temp_c,downstream-gpu-worker-0,0,NVIDIA L4,suse-ai,40.7
1788069840,gpu_util_pct,downstream-gpu-worker-0,0,NVIDIA L4,suse-ai,26
1788069840,tensor_active_fraction,downstream-gpu-worker-0,0,NVIDIA L4,suse-ai,0.211
1788069840,fb_used_mib,downstream-gpu-worker-0,0,NVIDIA L4,suse-ai,6087
1788069840,power_usage_w,downstream-gpu-worker-0,0,NVIDIA L4,suse-ai,42.9
1788069840,gpu_temp_c,downstream-gpu-worker-0,0,NVIDIA L4,suse-ai,40.9
1788069900,gpu_util_pct,downstream-gpu-worker-0,0,NVIDIA L4,suse-ai,20
1788069900,tensor_active_fraction,downstream-gpu-worker-0,0,NVIDIA L4,suse-ai,0.234
1788069900,fb_used_mib,downstream-gpu-worker-0,0,NVIDIA L4,suse-ai,6107
1788069900,power_usage_w,downstream-gpu-worker-0,0,NVIDIA L4,suse-ai,44.6
1788069900,gpu_temp_c,downstream-gpu-worker-0,0,NVIDIA L4,suse-ai,43.7
1788069960,gpu_util_pct,downstream-gpu-worker-0,0,NVIDIA L4,suse-ai,14
1788069960,tensor_active_fraction,downstream-gpu-worker-0,0,NVIDIA L4,suse-ai,0.093
1788069960,fb_used_mib,downstream-gpu-worker-0,0,NVIDIA L4,suse-ai,4382
1788069960,power_usage_w,downstream-gpu-worker-0,0,NVIDIA L4,suse-ai,39.3
1788069960,gpu_temp_c,downstream-gpu-worker-0,0,NVIDIA L4,suse-ai,40.1
1788070020,gpu_util_pct,downstream-gpu-worker-0,0,NVIDIA L4,suse-ai,13
1788070020,tensor_active_fraction,downstream-gpu-worker-0,0,NVIDIA L4,suse-ai,0.056
1788070020,fb_used_mib,downstream-gpu-worker-0,0,NVIDIA L4,suse-ai,3568
1788070020,power_usage_w,downstream-gpu-worker-0,0,NVIDIA L4,suse-ai,38.1
1788070020,gpu_temp_c,downstream-gpu-worker-0,0,NVIDIA L4,suse-ai,39.4
1788070080,gpu_util_pct,downstream-gpu-worker-0,0,NVIDIA L4,suse-ai,47
1788070080,tensor_active_fraction,downstream-gpu-worker-0,0,NVIDIA L4,suse-ai,0.39
1788070080,fb_used_mib,downstream-gpu-worker-0,0,NVIDIA L4,suse-ai,10604
1788070080,power_usage_w,downstream-gpu-worker-0,0,NVIDIA L4,suse-ai,58.0
1788070080,gpu_temp_c,downstream-gpu-worker-0,0,NVIDIA L4,suse-ai,47.8
1788070140,gpu_util_pct,downstream-gpu-worker-0,0,NVIDIA L4,suse-ai,5
1788070140,tensor_active_fraction,downstream-gpu-worker-0,0,NVIDIA L4,suse-ai,0.079
1788070140,fb_used_mib,downstream-gpu-worker-0,0,NVIDIA L4,suse-ai,3482
1788070140,power_usage_w,downstream-gpu-worker-0,0,NVIDIA L4,suse-ai,33.4
1788070140,gpu_temp_c,downstream-gpu-worker-0,0,NVIDIA L4,suse-ai,37.8
1788070200,gpu_util_pct,downstream-gpu-worker-0,0,NVIDIA L4,suse-ai,48
1788070200,tensor_active_fraction,downstream-gpu-worker-0,0,NVIDIA L4,suse-ai,0.376
1788070200,fb_used_mib,downstream-gpu-worker-0,0,NVIDIA L4,suse-ai,10592
1788070200,power_usage_w,downstream-gpu-worker-0,0,NVIDIA L4,suse-ai,56.6
1788070200,gpu_temp_c,downstream-gpu-worker-0,0,NVIDIA L4,suse-ai,47.5
1788070260,gpu_util_pct,downstream-gpu-worker-0,0,NVIDIA L4,suse-ai,42
1788070260,tensor_active_fraction,downstream-gpu-worker-0,0,NVIDIA L4,suse-ai,0.31
1788070260,fb_used_mib,downstream-gpu-worker-0,0,NVIDIA L4,suse-ai,9203
1788070260,power_usage_w,downstream-gpu-worker-0,0,NVIDIA L4,suse-ai,56.5
1788070260,gpu_temp_c,downstream-gpu-worker-0,0,NVIDIA L4,suse-ai,45.4
1788070320,gpu_util_pct,downstream-gpu-worker-0,0,NVIDIA L4,suse-ai,18
1788070320,tensor_active_fraction,downstream-gpu-worker-0,0,NVIDIA L4,suse-ai,0.18
1788070320,fb_used_mib,downstream-gpu-worker-0,0,NVIDIA L4,suse-ai,5855
1788070320,power_usage_w,downstream-gpu-worker-0,0,NVIDIA L4,suse-ai,44.6
1788070320,gpu_temp_c,downstream-gpu-worker-0,0,NVIDIA L4,suse-ai,42.4
1788070380,gpu_util_pct,downstream-gpu-worker-0,0,NVIDIA L4,suse-ai,56
1788070380,tensor_active_fraction,downstream-gpu-worker-0,0,NVIDIA L4,suse-ai,0.41
1788070380,fb_used_mib,downstream-gpu-worker-0,0,NVIDIA L4,suse-ai,11374
1788070380,power_usage_w,downstream-gpu-worker-0,0,NVIDIA L4,suse-ai,62.3
1788070380,gpu_temp_c,downstream-gpu-worker-0,0,NVIDIA L4,suse-ai,50.3
1788070440,gpu_util_pct,downstream-gpu-worker-0,0,NVIDIA L4,suse-ai,3
1788070440,tensor_active_fraction,downstream-gpu-worker-0,0,NVIDIA L4,suse-ai,0.006
1788070440,fb_used_mib,downstream-gpu-worker-0,0,NVIDIA L4,suse-ai,3075
1788070440,power_usage_w,downstream-gpu-worker-0,0,NVIDIA L4,suse-ai,33.6
1788070440,gpu_temp_c,downstream-gpu-worker-0,0,NVIDIA L4,suse-ai,37.6
1788070500,gpu_util_pct,downstream-gpu-worker-0,0,NVIDIA L4,suse-ai,33
1788070500,tensor_active_fraction,downstream-gpu-worker-0,0,NVIDIA L4,suse-ai,0.223
1788070500,fb_used_mib,downstream-gpu-worker-0,0,NVIDIA L4,suse-ai,7824
1788070500,power_usage_w,downstream-gpu-worker-0,0,NVIDIA L4,suse-ai,51.5
1788070500,gpu_temp_c,downstream-gpu-worker-0,0,NVIDIA L4,suse-ai,46.1
1788070560,gpu_util_pct,downstream-gpu-worker-0,0,NVIDIA L4,suse-ai,42
1788070560,tensor_active_fraction,downstream-gpu-worker-0,0,NVIDIA L4,suse-ai,0.297
1788070560,fb_used_mib,downstream-gpu-worker-0,0,NVIDIA L4,suse-ai,9232
1788070560,power_usage_w,downstream-gpu-worker-0,0,NVIDIA L4,suse-ai,53.4
1788070560,gpu_temp_c,downstream-gpu-worker-0,0,NVIDIA L4,suse-ai,45.7
1788070620,gpu_util_pct,downstream-gpu-worker-0,0,NVIDIA L4,suse-ai,36
1788070620,tensor_active_fraction,downstream-gpu-worker-0,0,NVIDIA L4,suse-ai,0.208
1788070620,fb_used_mib,downstream-gpu-worker-0,0,NVIDIA L4,suse-ai,7559
1788070620,power_usage_w,downstream-gpu-worker-0,0,NVIDIA L4,suse-ai,48.1
1788070620,gpu_temp_c,downstream-gpu-worker-0,0,NVIDIA L4,suse-ai,42.8
1788070680,gpu_util_pct,downstream-gpu-worker-0,0,NVIDIA L4,suse-ai,53
1788070680,tensor_active_fraction,downstream-gpu-worker-0,0,NVIDIA L4,suse-ai,0.408
1788070680,fb_used_mib,downstream-gpu-worker-0,0,NVIDIA L4,suse-ai,10716
1788070680,power_usage_w,downstream-gpu-worker-0,0,NVIDIA L4,suse-ai,57.4
1788070680,gpu_temp_c,downstream-gpu-worker-0,0,NVIDIA L4,suse-ai,51.7
1788070740,gpu_util_pct,downstream-gpu-worker-0,0,NVIDIA L4,suse-ai,20
1788070740,tensor_active_fraction,downstream-gpu-worker-0,0,NVIDIA L4,suse-ai,0.157
1788070740,fb_used_mib,downstream-gpu-worker-0,0,NVIDIA L4,suse-ai,4724
1788070740,power_usage_w,downstream-gpu-worker-0,0,NVIDIA L4,suse-ai,42.0
1788070740,gpu_temp_c,downstream-gpu-worker-0,0,NVIDIA L4,suse-ai,41.6
1788070800,gpu_util_pct,downstream-gpu-worker-0,0,NVIDIA L4,suse-ai,15
1788070800,tensor_active_fraction,downstream-gpu-worker-0,0,NVIDIA L4,suse-ai,0.036
1788070800,fb_used_mib,downstream-gpu-worker-0,0,NVIDIA L4,suse-ai,4019
1788070800,power_usage_w,downstream-gpu-worker-0,0,NVIDIA L4,suse-ai,38.4
1788070800,gpu_temp_c,downstream-gpu-worker-0,0,NVIDIA L4,suse-ai,37.0
1788070860,gpu_util_pct,downstream-gpu-worker-0,0,NVIDIA L4,suse-ai,6
1788070860,tensor_active_fraction,downstream-gpu-worker-0,0,NVIDIA L4,suse-ai,0.021
1788070860,fb_used_mib,downstream-gpu-worker-0,0,NVIDIA L4,suse-ai,3269
1788070860,power_usage_w,downstream-gpu-worker-0,0,NVIDIA L4,suse-ai,34.4
1788070860,gpu_temp_c,downstream-gpu-worker-0,0,NVIDIA L4,suse-ai,35.4
1788070920,gpu_util_pct,downstream-gpu-worker-0,0,NVIDIA L4,suse-ai,55
1788070920,tensor_active_fraction,downstream-gpu-worker-0,0,NVIDIA L4,suse-ai,0.445
1788070920,fb_used_mib,downstream-gpu-worker-0,0,NVIDIA L4,suse-ai,11841
1788070920,power_usage_w,downstream-gpu-worker-0,0,NVIDIA L4,suse-ai,60.8
1788070920,gpu_temp_c,downstream-gpu-worker-0,0,NVIDIA L4,suse-ai,50.2
1788070980,gpu_util_pct,downstream-gpu-worker-0,0,NVIDIA L4,suse-ai,56
1788070980,tensor_active_fraction,downstream-gpu-worker-0,0,NVIDIA L4,suse-ai,0.412
1788070980,fb_used_mib,downstream-gpu-worker-0,0,NVIDIA L4,suse-ai,11783
1788070980,power_usage_w,downstream-gpu-worker-0,0,NVIDIA L4,suse-ai,61.4
1788070980,gpu_temp_c,downstream-gpu-worker-0,0,NVIDIA L4,suse-ai,49.8
1788071040,gpu_util_pct,downstream-gpu-worker-0,0,NVIDIA L4,suse-ai,8
1788071040,tensor_active_fraction,downstream-gpu-worker-0,0,NVIDIA L4,suse-ai,0.064
1788071040,fb_used_mib,downstream-gpu-worker-0,0,NVIDIA L4,suse-ai,3500
1788071040,power_usage_w,downstream-gpu-worker-0,0,NVIDIA L4,suse-ai,37.7
1788071040,gpu_temp_c,downstream-gpu-worker-0,0,NVIDIA L4,suse-ai,35.6
1788071100,gpu_util_pct,downstream-gpu-worker-0,0,NVIDIA L4,suse-ai,23
1788071100,tensor_active_fraction,downstream-gpu-worker-0,0,NVIDIA L4,suse-ai,0.235
1788071100,fb_used_mib,downstream-gpu-worker-0,0,NVIDIA L4,suse-ai,6090
1788071100,power_usage_w,downstream-gpu-worker-0,0,NVIDIA L4,suse-ai,43.3
1788071100,gpu_temp_c,downstream-gpu-worker-0,0,NVIDIA L4,suse-ai,41.3
1788071160,gpu_util_pct,downstream-gpu-worker-0,0,NVIDIA L4,suse-ai,11
1788071160,tensor_active_fraction,downstream-gpu-worker-0,0,NVIDIA L4,suse-ai,0.069
1788071160,fb_used_mib,downstream-gpu-worker-0,0,NVIDIA L4,suse-ai,3106
1788071160,power_usage_w,downstream-gpu-worker-0,0,NVIDIA L4,suse-ai,35.3
1788071160,gpu_temp_c,downstream-gpu-worker-0,0,NVIDIA L4,suse-ai,37.6
1788071220,gpu_util_pct,downstream-gpu-worker-0,0,NVIDIA L4,suse-ai,50
1788071220,tensor_active_fraction,downstream-gpu-worker-0,0,NVIDIA L4,suse-ai,0.325
1788071220,fb_used_mib,downstream-gpu-worker-0,0,NVIDIA L4,suse-ai,10587
1788071220,power_usage_w,downstream-gpu-worker-0,0,NVIDIA L4,suse-ai,59.4
1788071220,gpu_temp_c,downstream-gpu-worker-0,0,NVIDIA L4,suse-ai,50.6
1788071280,gpu_util_pct,downstream-gpu-worker-0,0,NVIDIA L4,suse-ai,9
1788071280,tensor_active_fraction,downstream-gpu-worker-0,0,NVIDIA L4,suse-ai,0.011
1788071280,fb_used_mib,downstream-gpu-worker-0,0,NVIDIA L4,suse-ai,2785
1788071280,power_usage_w,downstream-gpu-worker-0,0,NVIDIA L4,suse-ai,33.4
1788071280,gpu_temp_c,downstream-gpu-worker-0,0,NVIDIA L4,suse-ai,35.2
1788071340,gpu_util_pct,downstream-gpu-worker-0,0,NVIDIA L4,suse-ai,24
1788071340,tensor_active_fraction,downstream-gpu-worker-0,0,NVIDIA L4,suse-ai,0.237
1788071340,fb_used_mib,downstream-gpu-worker-0,0,NVIDIA L4,suse-ai,6989
1788071340,power_usage_w,downstream-gpu-worker-0,0,NVIDIA L4,suse-ai,48.5
1788071340,gpu_temp_c,downstream-gpu-worker-0,0,NVIDIA L4,suse-ai,42.7
1788071400,gpu_util_pct,downstream-gpu-worker-0,0,NVIDIA L4,suse-ai,40
1788071400,tensor_active_fraction,downstream-gpu-worker-0,0,NVIDIA L4,suse-ai,0.283
1788071400,fb_used_mib,downstream-gpu-worker-0,0,NVIDIA L4,suse-ai,8423
1788071400,power_usage_w,downstream-gpu-worker-0,0,NVIDIA L4,suse-ai,52.0
1788071400,gpu_temp_c,downstream-gpu-worker-0,0,NVIDIA L4,suse-ai,44.5
1788071460,gpu_util_pct,downstream-gpu-worker-0,0,NVIDIA L4,suse-ai,49
1788071460,tensor_active_fraction,downstream-gpu-worker-0,0,NVIDIA L4,suse-ai,0.362
1788071460,fb_used_mib,downstream-gpu-worker-0,0,NVIDIA L4,suse-ai,10619
1788071460,power_usage_w,downstream-gpu-worker-0,0,NVIDIA L4,suse-ai,59.9
1788071460,gpu_temp_c,downstream-gpu-worker-0,0,NVIDIA L4,suse-ai,47.2
1788071520,gpu_util_pct,downstream-gpu-worker-0,0,NVIDIA L4,suse-ai,13
1788071520,tensor_active_fraction,downstream-gpu-worker-0,0,NVIDIA L4,suse-ai,0.097
1788071520,fb_used_mib,downstream-gpu-worker-0,0,NVIDIA L4,suse-ai,4607
1788071520,power_usage_w,downstream-gpu-worker-0,0,NVIDIA L4,suse-ai,39.0
1788071520,gpu_temp_c,downstream-gpu-worker-0,0,NVIDIA L4,suse-ai,37.2
1788071580,gpu_util_pct,downstream-gpu-worker-0,0,NVIDIA L4,suse-ai,0
1788071580,tensor_active_fraction,downstream-gpu-worker-0,0,NVIDIA L4,suse-ai,0.027
1788071580,fb_used_mib,downstream-gpu-worker-0,0,NVIDIA L4,suse-ai,2778
1788071580,power_usage_w,downstream-gpu-worker-0,0,NVIDIA L4,suse-ai,30.1
1788071580,gpu_temp_c,downstream-gpu-worker-0,0,NVIDIA L4,suse-ai,35.8
1788071640,gpu_util_pct,downstream-gpu-worker-0,0,NVIDIA L4,suse-ai,35
1788071640,tensor_active_fraction,downstream-gpu-worker-0,0,NVIDIA L4,suse-ai,0.28
1788071640,fb_used_mib,downstream-gpu-worker-0,0,NVIDIA L4,suse-ai,7662
1788071640,power_usage_w,downstream-gpu-worker-0,0,NVIDIA L4,suse-ai,46.9
1788071640,gpu_temp_c,downstream-gpu-worker-0,0,NVIDIA L4,suse-ai,44.1
1788071700,gpu_util_pct,downstream-gpu-worker-0,0,NVIDIA L4,suse-ai,14
1788071700,tensor_active_fraction,downstream-gpu-worker-0,0,NVIDIA L4,suse-ai,0.073
1788071700,fb_used_mib,downstream-gpu-worker-0,0,NVIDIA L4,suse-ai,4805
1788071700,power_usage_w,downstream-gpu-worker-0,0,NVIDIA L4,suse-ai,38.5
1788071700,gpu_temp_c,downstream-gpu-worker-0,0,NVIDIA L4,suse-ai,39.0
1788071760,gpu_util_pct,downstream-gpu-worker-0,0,NVIDIA L4,suse-ai,52
1788071760,tensor_active_fraction,downstream-gpu-worker-0,0,NVIDIA L4,suse-ai,0.454
1788071760,fb_used_mib,downstream-gpu-worker-0,0,NVIDIA L4,suse-ai,11537
1788071760,power_usage_w,downstream-gpu-worker-0,0,NVIDIA L4,suse-ai,58.4
1788071760,gpu_temp_c,downstream-gpu-worker-0,0,NVIDIA L4,suse-ai,50.6
1788071820,gpu_util_pct,downstream-gpu-worker-0,0,NVIDIA L4,suse-ai,50
1788071820,tensor_active_fraction,downstream-gpu-worker-0,0,NVIDIA L4,suse-ai,0.402
1788071820,fb_used_mib,downstream-gpu-worker-0,0,NVIDIA L4,suse-ai,11461
1788071820,power_usage_w,downstream-gpu-worker-0,0,NVIDIA L4,suse-ai,64.2
1788071820,gpu_temp_c,downstream-gpu-worker-0,0,NVIDIA L4,suse-ai,51.4
1788071880,gpu_util_pct,downstream-gpu-worker-0,0,NVIDIA L4,suse-ai,7
1788071880,tensor_active_fraction,downstream-gpu-worker-0,0,NVIDIA L4,suse-ai,0.091
1788071880,fb_used_mib,downstream-gpu-worker-0,0,NVIDIA L4,suse-ai,3324
1788071880,power_usage_w,downstream-gpu-worker-0,0,NVIDIA L4,suse-ai,32.1
1788071880,gpu_temp_c,downstream-gpu-worker-0,0,NVIDIA L4,suse-ai,37.2
1788071940,gpu_util_pct,downstream-gpu-worker-0,0,NVIDIA L4,suse-ai,44
1788071940,tensor_active_fraction,downstream-gpu-worker-0,0,NVIDIA L4,suse-ai,0.395
1788071940,fb_used_mib,downstream-gpu-worker-0,0,NVIDIA L4,suse-ai,10617
1788071940,power_usage_w,downstream-gpu-worker-0,0,NVIDIA L4,suse-ai,59.7
1788071940,gpu_temp_c,downstream-gpu-worker-0,0,NVIDIA L4,suse-ai,48.3
1788072000,gpu_util_pct,downstream-gpu-worker-0,0,NVIDIA L4,suse-ai,34
1788072000,tensor_active_fraction,downstream-gpu-worker-0,0,NVIDIA L4,suse-ai,0.268
1788072000,fb_used_mib,downstream-gpu-worker-0,0,NVIDIA L4,suse-ai,8672
1788072000,power_usage_w,downstream-gpu-worker-0,0,NVIDIA L4,suse-ai,50.7
1788072000,gpu_temp_c,downstream-gpu-worker-0,0,NVIDIA L4,suse-ai,46.8
1788072060,gpu_util_pct,downstream-gpu-worker-0,0,NVIDIA L4,suse-ai,29
1788072060,tensor_active_fraction,downstream-gpu-worker-0,0,NVIDIA L4,suse-ai,0.224
1788072060,fb_used_mib,downstream-gpu-worker-0,0,NVIDIA L4,suse-ai,7205
1788072060,power_usage_w,downstream-gpu-worker-0,0,NVIDIA L4,suse-ai,45.3
1788072060,gpu_temp_c,downstream-gpu-worker-0,0,NVIDIA L4,suse-ai,44.9
1788072120,gpu_util_pct,downstream-gpu-worker-0,0,NVIDIA L4,suse-ai,19
1788072120,tensor_active_fraction,downstream-gpu-worker-0,0,NVIDIA L4,suse-ai,0.125
1788072120,fb_used_mib,downstream-gpu-worker-0,0,NVIDIA L4,suse-ai,5714
1788072120,power_usage_w,downstream-gpu-worker-0,0,NVIDIA L4,suse-ai,44.2
1788072120,gpu_temp_c,downstream-gpu-worker-0,0,NVIDIA L4,suse-ai,42.0
1788072180,gpu_util_pct,downstream-gpu-worker-0,0,NVIDIA L4,suse-ai,49
1788072180,tensor_active_fraction,downstream-gpu-worker-0,0,NVIDIA L4,suse-ai,0.408
1788072180,fb_used_mib,downstream-gpu-worker-0,0,NVIDIA L4,suse-ai,10708
1788072180,power_usage_w,downstream-gpu-worker-0,0,NVIDIA L4,suse-ai,55.5
1788072180,gpu_temp_c,downstream-gpu-worker-0,0,NVIDIA L4,suse-ai,49.7
1788072240,gpu_util_pct,downstream-gpu-worker-0,0,NVIDIA L4,suse-ai,47
1788072240,tensor_active_fraction,downstream-gpu-worker-0,0,NVIDIA L4,suse-ai,0.385
1788072240,fb_used_mib,downstream-gpu-worker-0,0,NVIDIA L4,suse-ai,10706
1788072240,power_usage_w,downstream-gpu-worker-0,0,NVIDIA L4,suse-ai,59.6
1788072240,gpu_temp_c,downstream-gpu-worker-0,0,NVIDIA L4,suse-ai,51.3
1788072300,gpu_util_pct,downstream-gpu-worker-0,0,NVIDIA L4,suse-ai,16
1788072300,tensor_active_fraction,downstream-gpu-worker-0,0,NVIDIA L4,suse-ai,0.142
1788072300,fb_used_mib,downstream-gpu-worker-0,0,NVIDIA L4,suse-ai,4088
1788072300,power_usage_w,downstream-gpu-worker-0,0,NVIDIA L4,suse-ai,40.0
1788072300,gpu_temp_c,downstream-gpu-worker-0,0,NVIDIA L4,suse-ai,38.4
1788072360,gpu_util_pct,downstream-gpu-worker-0,0,NVIDIA L4,suse-ai,16
1788072360,tensor_active_fraction,downstream-gpu-worker-0,0,NVIDIA L4,suse-ai,0.153
1788072360,fb_used_mib,downstream-gpu-worker-0,0,NVIDIA L4,suse-ai,4965
1788072360,power_usage_w,downstream-gpu-worker-0,0,NVIDIA L4,suse-ai,39.8
1788072360,gpu_temp_c,downstream-gpu-worker-0,0,NVIDIA L4,suse-ai,39.2
1788072420,gpu_util_pct,downstream-gpu-worker-0,0,NVIDIA L4,suse-ai,56
1788072420,tensor_active_fraction,downstream-gpu-worker-0,0,NVIDIA L4,suse-ai,0.458
1788072420,fb_used_mib,downstream-gpu-worker-0,0,NVIDIA L4,suse-ai,12801
1788072420,power_usage_w,downstream-gpu-worker-0,0,NVIDIA L4,suse-ai,67.1
1788072420,gpu_temp_c,downstream-gpu-worker-0,0,NVIDIA L4,suse-ai,52.6
1788072480,gpu_util_pct,downstream-gpu-worker-0,0,NVIDIA L4,suse-ai,10
1788072480,tensor_active_fraction,downstream-gpu-worker-0,0,NVIDIA L4,suse-ai,0.076
1788072480,fb_used_mib,downstream-gpu-worker-0,0,NVIDIA L4,suse-ai,3020
1788072480,power_usage_w,downstream-gpu-worker-0,0,NVIDIA L4,suse-ai,35.4
1788072480,gpu_temp_c,downstream-gpu-worker-0,0,NVIDIA L4,suse-ai,36.6
1788072540,gpu_util_pct,downstream-gpu-worker-0,0,NVIDIA L4,suse-ai,2
1788072540,tensor_active_fraction,downstream-gpu-worker-0,0,NVIDIA L4,suse-ai,0.0
1788072540,fb_used_mib,downstream-gpu-worker-0,0,NVIDIA L4,suse-ai,2529
1788072540,power_usage_w,downstream-gpu-worker-0,0,NVIDIA L4,suse-ai,33.1
1788072540,gpu_temp_c,downstream-gpu-worker-0,0,NVIDIA L4,suse-ai,34.0
1788072600,gpu_util_pct,downstream-gpu-worker-0,0,NVIDIA L4,suse-ai,39
1788072600,tensor_active_fraction,downstream-gpu-worker-0,0,NVIDIA L4,suse-ai,0.326
1788072600,fb_used_mib,downstream-gpu-worker-0,0,NVIDIA L4,suse-ai,9659
1788072600,power_usage_w,downstream-gpu-worker-0,0,NVIDIA L4,suse-ai,55.9
1788072600,gpu_temp_c,downstream-gpu-worker-0,0,NVIDIA L4,suse-ai,49.6
1788072660,gpu_util_pct,downstream-gpu-worker-0,0,NVIDIA L4,suse-ai,63
1788072660,tensor_active_fraction,downstream-gpu-worker-0,0,NVIDIA L4,suse-ai,0.431
1788072660,fb_used_mib,downstream-gpu-worker-0,0,NVIDIA L4,suse-ai,12543
1788072660,power_usage_w,downstream-gpu-worker-0,0,NVIDIA L4,suse-ai,67.0
1788072660,gpu_temp_c,downstream-gpu-worker-0,0,NVIDIA L4,suse-ai,52.4
1788072720,gpu_util_pct,downstream-gpu-worker-0,0,NVIDIA L4,suse-ai,10
1788072720,tensor_active_fraction,downstream-gpu-worker-0,0,NVIDIA L4,suse-ai,0.096
1788072720,fb_used_mib,downstream-gpu-worker-0,0,NVIDIA L4,suse-ai,3410
1788072720,power_usage_w,downstream-gpu-worker-0,0,NVIDIA L4,suse-ai,36.6
1788072720,gpu_temp_c,downstream-gpu-worker-0,0,NVIDIA L4,suse-ai,37.7
1788072780,gpu_util_pct,downstream-gpu-worker-0,0,NVIDIA L4,suse-ai,47
1788072780,tensor_active_fraction,downstream-gpu-worker-0,0,NVIDIA L4,suse-ai,0.378
1788072780,fb_used_mib,downstream-gpu-worker-0,0,NVIDIA L4,suse-ai,10255
1788072780,power_usage_w,downstream-gpu-worker-0,0,NVIDIA L4,suse-ai,58.3
1788072780,gpu_temp_c,downstream-gpu-worker-0,0,NVIDIA L4,suse-ai,49.2
1788072840,gpu_util_pct,downstream-gpu-worker-0,0,NVIDIA L4,suse-ai,47
1788072840,tensor_active_fraction,downstream-gpu-worker-0,0,NVIDIA L4,suse-ai,0.3
1788072840,fb_used_mib,downstream-gpu-worker-0,0,NVIDIA L4,suse-ai,9373
1788072840,power_usage_w,downstream-gpu-worker-0,0,NVIDIA L4,suse-ai,56.1
1788072840,gpu_temp_c,downstream-gpu-worker-0,0,NVIDIA L4,suse-ai,48.1
1788072900,gpu_util_pct,downstream-gpu-worker-0,0,NVIDIA L4,suse-ai,49
1788072900,tensor_active_fraction,downstream-gpu-worker-0,0,NVIDIA L4,suse-ai,0.458
1788072900,fb_used_mib,downstream-gpu-worker-0,0,NVIDIA L4,suse-ai,11411
1788072900,power_usage_w,downstream-gpu-worker-0,0,NVIDIA L4,suse-ai,61.3
1788072900,gpu_temp_c,downstream-gpu-worker-0,0,NVIDIA L4,suse-ai,52.4
1788072960,gpu_util_pct,downstream-gpu-worker-0,0,NVIDIA L4,suse-ai,22
1788072960,tensor_active_fraction,downstream-gpu-worker-0,0,NVIDIA L4,suse-ai,0.158
1788072960,fb_used_mib,downstream-gpu-worker-0,0,NVIDIA L4,suse-ai,6753
1788072960,power_usage_w,downstream-gpu-worker-0,0,NVIDIA L4,suse-ai,44.6
1788072960,gpu_temp_c,downstream-gpu-worker-0,0,NVIDIA L4,suse-ai,42.2
1788073020,gpu_util_pct,downstream-gpu-worker-0,0,NVIDIA L4,suse-ai,31
1788073020,tensor_active_fraction,downstream-gpu-worker-0,0,NVIDIA L4,suse-ai,0.248
1788073020,fb_used_mib,downstream-gpu-worker-0,0,NVIDIA L4,suse-ai,7569
1788073020,power_usage_w,downstream-gpu-worker-0,0,NVIDIA L4,suse-ai,50.1
1788073020,gpu_temp_c,downstream-gpu-worker-0,0,NVIDIA L4,suse-ai,43.6
1788073080,gpu_util_pct,downstream-gpu-worker-0,0,NVIDIA L4,suse-ai,6
1788073080,tensor_active_fraction,downstream-gpu-worker-0,0,NVIDIA L4,suse-ai,0.048
1788073080,fb_used_mib,downstream-gpu-worker-0,0,NVIDIA L4,suse-ai,2577
1788073080,power_usage_w,downstream-gpu-worker-0,0,NVIDIA L4,suse-ai,33.7
1788073080,gpu_temp_c,downstream-gpu-worker-0,0,NVIDIA L4,suse-ai,36.5
1788073140,gpu_util_pct,downstream-gpu-worker-0,0,NVIDIA L4,suse-ai,6
1788073140,tensor_active_fraction,downstream-gpu-worker-0,0,NVIDIA L4,suse-ai,0.0
1788073140,fb_used_mib,downstream-gpu-worker-0,0,NVIDIA L4,suse-ai,2578
1788073140,power_usage_w,downstream-gpu-worker-0,0,NVIDIA L4,suse-ai,29.9
1788073140,gpu_temp_c,downstream-gpu-worker-0,0,NVIDIA L4,suse-ai,37.9
1788073200,gpu_util_pct,downstream-gpu-worker-0,0,NVIDIA L4,suse-ai,64
1788073200,tensor_active_fraction,downstream-gpu-worker-0,0,NVIDIA L4,suse-ai,0.465
1788073200,fb_used_mib,downstream-gpu-worker-0,0,NVIDIA L4,suse-ai,12581
1788073200,power_usage_w,downstream-gpu-worker-0,0,NVIDIA L4,suse-ai,65.2
1788073200,gpu_temp_c,downstream-gpu-worker-0,0,NVIDIA L4,suse-ai,53.2
1788073260,gpu_util_pct,downstream-gpu-worker-0,0,NVIDIA L4,suse-ai,13
1788073260,tensor_active_fraction,downstream-gpu-worker-0,0,NVIDIA L4,suse-ai,0.087
1788073260,fb_used_mib,downstream-gpu-worker-0,0,NVIDIA L4,suse-ai,4762
1788073260,power_usage_w,downstream-gpu-worker-0,0,NVIDIA L4,suse-ai,36.5
1788073260,gpu_temp_c,downstream-gpu-worker-0,0,NVIDIA L4,suse-ai,38.9
1788073320,gpu_util_pct,downstream-gpu-worker-0,0,NVIDIA L4,suse-ai,45
1788073320,tensor_active_fraction,downstream-gpu-worker-0,0,NVIDIA L4,suse-ai,0.37
1788073320,fb_used_mib,downstream-gpu-worker-0,0,NVIDIA L4,suse-ai,9825
1788073320,power_usage_w,downstream-gpu-worker-0,0,NVIDIA L4,suse-ai,54.3
1788073320,gpu_temp_c,downstream-gpu-worker-0,0,NVIDIA L4,suse-ai,47.3
1788073380,gpu_util_pct,downstream-gpu-worker-0,0,NVIDIA L4,suse-ai,21
1788073380,tensor_active_fraction,downstream-gpu-worker-0,0,NVIDIA L4,suse-ai,0.155
1788073380,fb_used_mib,downstream-gpu-worker-0,0,NVIDIA L4,suse-ai,5461
1788073380,power_usage_w,downstream-gpu-worker-0,0,NVIDIA L4,suse-ai,43.1
1788073380,gpu_temp_c,downstream-gpu-worker-0,0,NVIDIA L4,suse-ai,41.1
1788073440,gpu_util_pct,downstream-gpu-worker-0,0,NVIDIA L4,suse-ai,13
1788073440,tensor_active_fraction,downstream-gpu-worker-0,0,NVIDIA L4,suse-ai,0.137
1788073440,fb_used_mib,downstream-gpu-worker-0,0,NVIDIA L4,suse-ai,4379
1788073440,power_usage_w,downstream-gpu-worker-0,0,NVIDIA L4,suse-ai,38.5
1788073440,gpu_temp_c,downstream-gpu-worker-0,0,NVIDIA L4,suse-ai,37.6
1788073500,gpu_util_pct,downstream-gpu-worker-0,0,NVIDIA L4,suse-ai,57
1788073500,tensor_active_fraction,downstream-gpu-worker-0,0,NVIDIA L4,suse-ai,0.454
1788073500,fb_used_mib,downstream-gpu-worker-0,0,NVIDIA L4,suse-ai,11879
1788073500,power_usage_w,downstream-gpu-worker-0,0,NVIDIA L4,suse-ai,65.1
1788073500,gpu_temp_c,downstream-gpu-worker-0,0,NVIDIA L4,suse-ai,49.4
1788073560,gpu_util_pct,downstream-gpu-worker-0,0,NVIDIA L4,suse-ai,49
1788073560,tensor_active_fraction,downstream-gpu-worker-0,0,NVIDIA L4,suse-ai,0.424
1788073560,fb_used_mib,downstream-gpu-worker-0,0,NVIDIA L4,suse-ai,11233
1788073560,power_usage_w,downstream-gpu-worker-0,0,NVIDIA L4,suse-ai,58.9
1788073560,gpu_temp_c,downstream-gpu-worker-0,0,NVIDIA L4,suse-ai,51.3
1788073620,gpu_util_pct,downstream-gpu-worker-0,0,NVIDIA L4,suse-ai,53
1788073620,tensor_active_fraction,downstream-gpu-worker-0,0,NVIDIA L4,suse-ai,0.406
1788073620,fb_used_mib,downstream-gpu-worker-0,0,NVIDIA L4,suse-ai,11603
1788073620,power_usage_w,downstream-gpu-worker-0,0,NVIDIA L4,suse-ai,59.5
1788073620,gpu_temp_c,downstream-gpu-worker-0,0,NVIDIA L4,suse-ai,51.9
1788073680,gpu_util_pct,downstream-gpu-worker-0,0,NVIDIA L4,suse-ai,63
1788073680,tensor_active_fraction,downstream-gpu-worker-0,0,NVIDIA L4,suse-ai,0.45
1788073680,fb_used_mib,downstream-gpu-worker-0,0,NVIDIA L4,suse-ai,12836
1788073680,power_usage_w,downstream-gpu-worker-0,0,NVIDIA L4,suse-ai,65.6
1788073680,gpu_temp_c,downstream-gpu-worker-0,0,NVIDIA L4,suse-ai,53.6
1788073740,gpu_util_pct,downstream-gpu-worker-0,0,NVIDIA L4,suse-ai,21
1788073740,tensor_active_fraction,downstream-gpu-worker-0,0,NVIDIA L4,suse-ai,0.166
1788073740,fb_used_mib,downstream-gpu-worker-0,0,NVIDIA L4,suse-ai,6727
1788073740,power_usage_w,downstream-gpu-worker-0,0,NVIDIA L4,suse-ai,47.5
1788073740,gpu_temp_c,downstream-gpu-worker-0,0,NVIDIA L4,suse-ai,43.6
1788073800,gpu_util_pct,downstream-gpu-worker-0,0,NVIDIA L4,suse-ai,58
1788073800,tensor_active_fraction,downstream-gpu-worker-0,0,NVIDIA L4,suse-ai,0.432
1788073800,fb_used_mib,downstream-gpu-worker-0,0,NVIDIA L4,suse-ai,12166
1788073800,power_usage_w,downstream-gpu-worker-0,0,NVIDIA L4,suse-ai,62.2
1788073800,gpu_temp_c,downstream-gpu-worker-0,0,NVIDIA L4,suse-ai,51.3
1788073860,gpu_util_pct,downstream-gpu-worker-0,0,NVIDIA L4,suse-ai,2
1788073860,tensor_active_fraction,downstream-gpu-worker-0,0,NVIDIA L4,suse-ai,0.0
1788073860,fb_used_mib,downstream-gpu-worker-0,0,NVIDIA L4,suse-ai,2034
1788073860,power_usage_w,downstream-gpu-worker-0,0,NVIDIA L4,suse-ai,28.3
1788073860,gpu_temp_c,downstream-gpu-worker-0,0,NVIDIA L4,suse-ai,34.7
1788073920,gpu_util_pct,downstream-gpu-worker-0,0,NVIDIA L4,suse-ai,20
1788073920,tensor_active_fraction,downstream-gpu-worker-0,0,NVIDIA L4,suse-ai,0.151
1788073920,fb_used_mib,downstream-gpu-worker-0,0,NVIDIA L4,suse-ai,4654
1788073920,power_usage_w,downstream-gpu-worker-0,0,NVIDIA L4,suse-ai,39.5
1788073920,gpu_temp_c,downstream-gpu-worker-0,0,NVIDIA L4,suse-ai,39.7
1788073980,gpu_util_pct,downstream-gpu-worker-0,0,NVIDIA L4,suse-ai,41
1788073980,tensor_active_fraction,downstream-gpu-worker-0,0,NVIDIA L4,suse-ai,0.312
1788073980,fb_used_mib,downstream-gpu-worker-0,0,NVIDIA L4,suse-ai,8469
1788073980,power_usage_w,downstream-gpu-worker-0,0,NVIDIA L4,suse-ai,49.8
1788073980,gpu_temp_c,downstream-gpu-worker-0,0,NVIDIA L4,suse-ai,47.4
1788074040,gpu_util_pct,downstream-gpu-worker-0,0,NVIDIA L4,suse-ai,35
1788074040,tensor_active_fraction,downstream-gpu-worker-0,0,NVIDIA L4,suse-ai,0.274
1788074040,fb_used_mib,downstream-gpu-worker-0,0,NVIDIA L4,suse-ai,9269
1788074040,power_usage_w,downstream-gpu-worker-0,0,NVIDIA L4,suse-ai,52.0
1788074040,gpu_temp_c,downstream-gpu-worker-0,0,NVIDIA L4,suse-ai,47.1
1788074100,gpu_util_pct,downstream-gpu-worker-0,0,NVIDIA L4,suse-ai,45
1788074100,tensor_active_fraction,downstream-gpu-worker-0,0,NVIDIA L4,suse-ai,0.382
1788074100,fb_used_mib,downstream-gpu-worker-0,0,NVIDIA L4,suse-ai,9964
1788074100,power_usage_w,downstream-gpu-worker-0,0,NVIDIA L4,suse-ai,53.5
1788074100,gpu_temp_c,downstream-gpu-worker-0,0,NVIDIA L4,suse-ai,48.7
1788074160,gpu_util_pct,downstream-gpu-worker-0,0,NVIDIA L4,suse-ai,26
1788074160,tensor_active_fraction,downstream-gpu-worker-0,0,NVIDIA L4,suse-ai,0.245
1788074160,fb_used_mib,downstream-gpu-worker-0,0,NVIDIA L4,suse-ai,6505
1788074160,power_usage_w,downstream-gpu-worker-0,0,NVIDIA L4,suse-ai,45.0
1788074160,gpu_temp_c,downstream-gpu-worker-0,0,NVIDIA L4,suse-ai,44.0
1788074220,gpu_util_pct,downstream-gpu-worker-0,0,NVIDIA L4,suse-ai,46
1788074220,tensor_active_fraction,downstream-gpu-worker-0,0,NVIDIA L4,suse-ai,0.41
1788074220,fb_used_mib,downstream-gpu-worker-0,0,NVIDIA L4,suse-ai,10201
1788074220,power_usage_w,downstream-gpu-worker-0,0,NVIDIA L4,suse-ai,55.8
1788074220,gpu_temp_c,downstream-gpu-worker-0,0,NVIDIA L4,suse-ai,49.4
1788074280,gpu_util_pct,downstream-gpu-worker-0,0,NVIDIA L4,suse-ai,17
1788074280,tensor_active_fraction,downstream-gpu-worker-0,0,NVIDIA L4,suse-ai,0.14
1788074280,fb_used_mib,downstream-gpu-worker-0,0,NVIDIA L4,suse-ai,5164
1788074280,power_usage_w,downstream-gpu-worker-0,0,NVIDIA L4,suse-ai,40.9
1788074280,gpu_temp_c,downstream-gpu-worker-0,0,NVIDIA L4,suse-ai,42.2
1788074340,gpu_util_pct,downstream-gpu-worker-0,0,NVIDIA L4,suse-ai,22
1788074340,tensor_active_fraction,downstream-gpu-worker-0,0,NVIDIA L4,suse-ai,0.15
1788074340,fb_used_mib,downstream-gpu-worker-0,0,NVIDIA L4,suse-ai,5887
1788074340,power_usage_w,downstream-gpu-worker-0,0,NVIDIA L4,suse-ai,41.0
1788074340,gpu_temp_c,downstream-gpu-worker-0,0,NVIDIA L4,suse-ai,42.3
1788074400,gpu_util_pct,downstream-gpu-worker-0,0,NVIDIA L4,suse-ai,20
1788074400,tensor_active_fraction,downstream-gpu-worker-0,0,NVIDIA L4,suse-ai,0.159
1788074400,fb_used_mib,downstream-gpu-worker-0,0,NVIDIA L4,suse-ai,5391
1788074400,power_usage_w,downstream-gpu-worker-0,0,NVIDIA L4,suse-ai,38.9
1788074400,gpu_temp_c,downstream-gpu-worker-0,0,NVIDIA L4,suse-ai,40.7
1788074460,gpu_util_pct,downstream-gpu-worker-0,0,NVIDIA L4,suse-ai,56
1788074460,tensor_active_fraction,downstream-gpu-worker-0,0,NVIDIA L4,suse-ai,0.46
1788074460,fb_used_mib,downstream-gpu-worker-0,0,NVIDIA L4,suse-ai,11901
1788074460,power_usage_w,downstream-gpu-worker-0,0,NVIDIA L4,suse-ai,64.4
1788074460,gpu_temp_c,downstream-gpu-worker-0,0,NVIDIA L4,suse-ai,50.0
1788074520,gpu_util_pct,downstream-gpu-worker-0,0,NVIDIA L4,suse-ai,26
1788074520,tensor_active_fraction,downstream-gpu-worker-0,0,NVIDIA L4,suse-ai,0.225
1788074520,fb_used_mib,downstream-gpu-worker-0,0,NVIDIA L4,suse-ai,7413
1788074520,power_usage_w,downstream-gpu-worker-0,0,NVIDIA L4,suse-ai,49.8
1788074520,gpu_temp_c,downstream-gpu-worker-0,0,NVIDIA L4,suse-ai,45.9
1788074580,gpu_util_pct,downstream-gpu-worker-0,0,NVIDIA L4,suse-ai,16
1788074580,tensor_active_fraction,downstream-gpu-worker-0,0,NVIDIA L4,suse-ai,0.182
1788074580,fb_used_mib,downstream-gpu-worker-0,0,NVIDIA L4,suse-ai,4999
1788074580,power_usage_w,downstream-gpu-worker-0,0,NVIDIA L4,suse-ai,40.0
1788074580,gpu_temp_c,downstream-gpu-worker-0,0,NVIDIA L4,suse-ai,40.8
1788074640,gpu_util_pct,downstream-gpu-worker-0,0,NVIDIA L4,suse-ai,42
1788074640,tensor_active_fraction,downstream-gpu-worker-0,0,NVIDIA L4,suse-ai,0.286
1788074640,fb_used_mib,downstream-gpu-worker-0,0,NVIDIA L4,suse-ai,9250
1788074640,power_usage_w,downstream-gpu-worker-0,0,NVIDIA L4,suse-ai,53.6
1788074640,gpu_temp_c,downstream-gpu-worker-0,0,NVIDIA L4,suse-ai,46.2
1788074700,gpu_util_pct,downstream-gpu-worker-0,0,NVIDIA L4,suse-ai,24
1788074700,tensor_active_fraction,downstream-gpu-worker-0,0,NVIDIA L4,suse-ai,0.172
1788074700,fb_used_mib,downstream-gpu-worker-0,0,NVIDIA L4,suse-ai,6503
1788074700,power_usage_w,downstream-gpu-worker-0,0,NVIDIA L4,suse-ai,42.5
1788074700,gpu_temp_c,downstream-gpu-worker-0,0,NVIDIA L4,suse-ai,41.5
1788074760,gpu_util_pct,downstream-gpu-worker-0,0,NVIDIA L4,suse-ai,17
1788074760,tensor_active_fraction,downstream-gpu-worker-0,0,NVIDIA L4,suse-ai,0.15
1788074760,fb_used_mib,downstream-gpu-worker-0,0,NVIDIA L4,suse-ai,4982
1788074760,power_usage_w,downstream-gpu-worker-0,0,NVIDIA L4,suse-ai,40.6
1788074760,gpu_temp_c,downstream-gpu-worker-0,0,NVIDIA L4,suse-ai,38.8
1788074820,gpu_util_pct,downstream-gpu-worker-0,0,NVIDIA L4,suse-ai,34
1788074820,tensor_active_fraction,downstream-gpu-worker-0,0,NVIDIA L4,suse-ai,0.264
1788074820,fb_used_mib,downstream-gpu-worker-0,0,NVIDIA L4,suse-ai,8951
1788074820,power_usage_w,downstream-gpu-worker-0,0,NVIDIA L4,suse-ai,55.4
1788074820,gpu_temp_c,downstream-gpu-worker-0,0,NVIDIA L4,suse-ai,47.1
1788074880,gpu_util_pct,downstream-gpu-worker-0,0,NVIDIA L4,suse-ai,51
1788074880,tensor_active_fraction,downstream-gpu-worker-0,0,NVIDIA L4,suse-ai,0.418
1788074880,fb_used_mib,downstream-gpu-worker-0,0,NVIDIA L4,suse-ai,11716
1788074880,power_usage_w,downstream-gpu-worker-0,0,NVIDIA L4,suse-ai,60.4
1788074880,gpu_temp_c,downstream-gpu-worker-0,0,NVIDIA L4,suse-ai,50.8
1788074940,gpu_util_pct,downstream-gpu-worker-0,0,NVIDIA L4,suse-ai,56
1788074940,tensor_active_fraction,downstream-gpu-worker-0,0,NVIDIA L4,suse-ai,0.469
1788074940,fb_used_mib,downstream-gpu-worker-0,0,NVIDIA L4,suse-ai,11820
1788074940,power_usage_w,downstream-gpu-worker-0,0,NVIDIA L4,suse-ai,63.0
1788074940,gpu_temp_c,downstream-gpu-worker-0,0,NVIDIA L4,suse-ai,53.1
1788075000,gpu_util_pct,downstream-gpu-worker-0,0,NVIDIA L4,suse-ai,15
1788075000,tensor_active_fraction,downstream-gpu-worker-0,0,NVIDIA L4,suse-ai,0.175
1788075000,fb_used_mib,downstream-gpu-worker-0,0,NVIDIA L4,suse-ai,5095
1788075000,power_usage_w,downstream-gpu-worker-0,0,NVIDIA L4,suse-ai,38.6
1788075000,gpu_temp_c,downstream-gpu-worker-0,0,NVIDIA L4,suse-ai,42.3
1788075060,gpu_util_pct,downstream-gpu-worker-0,0,NVIDIA L4,suse-ai,0
1788075060,tensor_active_fraction,downstream-gpu-worker-0,0,NVIDIA L4,suse-ai,0.02
1788075060,fb_used_mib,downstream-gpu-worker-0,0,NVIDIA L4,suse-ai,1888
1788075060,power_usage_w,downstream-gpu-worker-0,0,NVIDIA L4,suse-ai,32.3
1788075060,gpu_temp_c,downstream-gpu-worker-0,0,NVIDIA L4,suse-ai,34.8
1788075120,gpu_util_pct,downstream-gpu-worker-0,0,NVIDIA L4,suse-ai,48
1788075120,tensor_active_fraction,downstream-gpu-worker-0,0,NVIDIA L4,suse-ai,0.394
1788075120,fb_used_mib,downstream-gpu-worker-0,0,NVIDIA L4,suse-ai,11511
1788075120,power_usage_w,downstream-gpu-worker-0,0,NVIDIA L4,suse-ai,63.2
1788075120,gpu_temp_c,downstream-gpu-worker-0,0,NVIDIA L4,suse-ai,50.5
1788075180,gpu_util_pct,downstream-gpu-worker-0,0,NVIDIA L4,suse-ai,26
1788075180,tensor_active_fraction,downstream-gpu-worker-0,0,NVIDIA L4,suse-ai,0.256
1788075180,fb_used_mib,downstream-gpu-worker-0,0,NVIDIA L4,suse-ai,6505
1788075180,power_usage_w,downstream-gpu-worker-0,0,NVIDIA L4,suse-ai,43.5
1788075180,gpu_temp_c,downstream-gpu-worker-0,0,NVIDIA L4,suse-ai,42.8
1788075240,gpu_util_pct,downstream-gpu-worker-0,0,NVIDIA L4,suse-ai,24
1788075240,tensor_active_fraction,downstream-gpu-worker-0,0,NVIDIA L4,suse-ai,0.224
1788075240,fb_used_mib,downstream-gpu-worker-0,0,NVIDIA L4,suse-ai,6081
1788075240,power_usage_w,downstream-gpu-worker-0,0,NVIDIA L4,suse-ai,42.3
1788075240,gpu_temp_c,downstream-gpu-worker-0,0,NVIDIA L4,suse-ai,43.1
1788075300,gpu_util_pct,downstream-gpu-worker-0,0,NVIDIA L4,suse-ai,23
1788075300,tensor_active_fraction,downstream-gpu-worker-0,0,NVIDIA L4,suse-ai,0.156
1788075300,fb_used_mib,downstream-gpu-worker-0,0,NVIDIA L4,suse-ai,5613
1788075300,power_usage_w,downstream-gpu-worker-0,0,NVIDIA L4,suse-ai,44.8
1788075300,gpu_temp_c,downstream-gpu-worker-0,0,NVIDIA L4,suse-ai,40.1
1788075360,gpu_util_pct,downstream-gpu-worker-0,0,NVIDIA L4,suse-ai,29
1788075360,tensor_active_fraction,downstream-gpu-worker-0,0,NVIDIA L4,suse-ai,0.282
1788075360,fb_used_mib,downstream-gpu-worker-0,0,NVIDIA L4,suse-ai,7845
1788075360,power_usage_w,downstream-gpu-worker-0,0,NVIDIA L4,suse-ai,51.7
1788075360,gpu_temp_c,downstream-gpu-worker-0,0,NVIDIA L4,suse-ai,45.7
1788075420,gpu_util_pct,downstream-gpu-worker-0,0,NVIDIA L4,suse-ai,52
1788075420,tensor_active_fraction,downstream-gpu-worker-0,0,NVIDIA L4,suse-ai,0.368
1788075420,fb_used_mib,downstream-gpu-worker-0,0,NVIDIA L4,suse-ai,11358
1788075420,power_usage_w,downstream-gpu-worker-0,0,NVIDIA L4,suse-ai,63.5
1788075420,gpu_temp_c,downstream-gpu-worker-0,0,NVIDIA L4,suse-ai,51.2
1788075480,gpu_util_pct,downstream-gpu-worker-0,0,NVIDIA L4,suse-ai,29
1788075480,tensor_active_fraction,downstream-gpu-worker-0,0,NVIDIA L4,suse-ai,0.293
1788075480,fb_used_mib,downstream-gpu-worker-0,0,NVIDIA L4,suse-ai,7746
1788075480,power_usage_w,downstream-gpu-worker-0,0,NVIDIA L4,suse-ai,48.6
1788075480,gpu_temp_c,downstream-gpu-worker-0,0,NVIDIA L4,suse-ai,45.6
1788075540,gpu_util_pct,downstream-gpu-worker-0,0,NVIDIA L4,suse-ai,67
1788075540,tensor_active_fraction,downstream-gpu-worker-0,0,NVIDIA L4,suse-ai,0.486
1788075540,fb_used_mib,downstream-gpu-worker-0,0,NVIDIA L4,suse-ai,13462
1788075540,power_usage_w,downstream-gpu-worker-0,0,NVIDIA L4,suse-ai,70.5
1788075540,gpu_temp_c,downstream-gpu-worker-0,0,NVIDIA L4,suse-ai,54.1
1788075600,gpu_util_pct,downstream-gpu-worker-0,0,NVIDIA L4,suse-ai,26
1788075600,tensor_active_fraction,downstream-gpu-worker-0,0,NVIDIA L4,suse-ai,0.161
1788075600,fb_used_mib,downstream-gpu-worker-0,0,NVIDIA L4,suse-ai,6793
1788075600,power_usage_w,downstream-gpu-worker-0,0,NVIDIA L4,suse-ai,42.4
1788075600,gpu_temp_c,downstream-gpu-worker-0,0,NVIDIA L4,suse-ai,42.5
1788075660,gpu_util_pct,downstream-gpu-worker-0,0,NVIDIA L4,suse-ai,45
1788075660,tensor_active_fraction,downstream-gpu-worker-0,0,NVIDIA L4,suse-ai,0.325
1788075660,fb_used_mib,downstream-gpu-worker-0,0,NVIDIA L4,suse-ai,9437
1788075660,power_usage_w,downstream-gpu-worker-0,0,NVIDIA L4,suse-ai,51.9
1788075660,gpu_temp_c,downstream-gpu-worker-0,0,NVIDIA L4,suse-ai,46.7
1788075720,gpu_util_pct,downstream-gpu-worker-0,0,NVIDIA L4,suse-ai,61
1788075720,tensor_active_fraction,downstream-gpu-worker-0,0,NVIDIA L4,suse-ai,0.479
1788075720,fb_used_mib,downstream-gpu-worker-0,0,NVIDIA L4,suse-ai,13493
1788075720,power_usage_w,downstream-gpu-worker-0,0,NVIDIA L4,suse-ai,64.9
1788075720,gpu_temp_c,downstream-gpu-worker-0,0,NVIDIA L4,suse-ai,54.3
1788075780,gpu_util_pct,downstream-gpu-worker-0,0,NVIDIA L4,suse-ai,28
1788075780,tensor_active_fraction,downstream-gpu-worker-0,0,NVIDIA L4,suse-ai,0.163
1788075780,fb_used_mib,downstream-gpu-worker-0,0,NVIDIA L4,suse-ai,6453
1788075780,power_usage_w,downstream-gpu-worker-0,0,NVIDIA L4,suse-ai,46.0
1788075780,gpu_temp_c,downstream-gpu-worker-0,0,NVIDIA L4,suse-ai,41.7
1788075840,gpu_util_pct,downstream-gpu-worker-0,0,NVIDIA L4,suse-ai,42
1788075840,tensor_active_fraction,downstream-gpu-worker-0,0,NVIDIA L4,suse-ai,0.328
1788075840,fb_used_mib,downstream-gpu-worker-0,0,NVIDIA L4,suse-ai,10111
1788075840,power_usage_w,downstream-gpu-worker-0,0,NVIDIA L4,suse-ai,56.7
1788075840,gpu_temp_c,downstream-gpu-worker-0,0,NVIDIA L4,suse-ai,47.9
1788075900,gpu_util_pct,downstream-gpu-worker-0,0,NVIDIA L4,suse-ai,54
1788075900,tensor_active_fraction,downstream-gpu-worker-0,0,NVIDIA L4,suse-ai,0.405
1788075900,fb_used_mib,downstream-gpu-worker-0,0,NVIDIA L4,suse-ai,11056
1788075900,power_usage_w,downstream-gpu-worker-0,0,NVIDIA L4,suse-ai,62.5
1788075900,gpu_temp_c,downstream-gpu-worker-0,0,NVIDIA L4,suse-ai,48.1
1788075960,gpu_util_pct,downstream-gpu-worker-0,0,NVIDIA L4,suse-ai,50
1788075960,tensor_active_fraction,downstream-gpu-worker-0,0,NVIDIA L4,suse-ai,0.417
1788075960,fb_used_mib,downstream-gpu-worker-0,0,NVIDIA L4,suse-ai,10595
1788075960,power_usage_w,downstream-gpu-worker-0,0,NVIDIA L4,suse-ai,56.6
1788075960,gpu_temp_c,downstream-gpu-worker-0,0,NVIDIA L4,suse-ai,49.3
1788076020,gpu_util_pct,downstream-gpu-worker-0,0,NVIDIA L4,suse-ai,2
1788076020,tensor_active_fraction,downstream-gpu-worker-0,0,NVIDIA L4,suse-ai,0.088
1788076020,fb_used_mib,downstream-gpu-worker-0,0,NVIDIA L4,suse-ai,3012
1788076020,power_usage_w,downstream-gpu-worker-0,0,NVIDIA L4,suse-ai,35.9
1788076020,gpu_temp_c,downstream-gpu-worker-0,0,NVIDIA L4,suse-ai,37.8
1788076080,gpu_util_pct,downstream-gpu-worker-0,0,NVIDIA L4,suse-ai,4
1788076080,tensor_active_fraction,downstream-gpu-worker-0,0,NVIDIA L4,suse-ai,0.023
1788076080,fb_used_mib,downstream-gpu-worker-0,0,NVIDIA L4,suse-ai,1933
1788076080,power_usage_w,downstream-gpu-worker-0,0,NVIDIA L4,suse-ai,27.6
1788076080,gpu_temp_c,downstream-gpu-worker-0,0,NVIDIA L4,suse-ai,34.6
1788076140,gpu_util_pct,downstream-gpu-worker-0,0,NVIDIA L4,suse-ai,47
1788076140,tensor_active_fraction,downstream-gpu-worker-0,0,NVIDIA L4,suse-ai,0.39
1788076140,fb_used_mib,downstream-gpu-worker-0,0,NVIDIA L4,suse-ai,10038
1788076140,power_usage_w,downstream-gpu-worker-0,0,NVIDIA L4,suse-ai,56.8
1788076140,gpu_temp_c,downstream-gpu-worker-0,0,NVIDIA L4,suse-ai,49.9
1788076200,gpu_util_pct,downstream-gpu-worker-0,0,NVIDIA L4,suse-ai,4
1788076200,tensor_active_fraction,downstream-gpu-worker-0,0,NVIDIA L4,suse-ai,0.019
1788076200,fb_used_mib,downstream-gpu-worker-0,0,NVIDIA L4,suse-ai,3121
1788076200,power_usage_w,downstream-gpu-worker-0,0,NVIDIA L4,suse-ai,32.3
1788076200,gpu_temp_c,downstream-gpu-worker-0,0,NVIDIA L4,suse-ai,35.3
1788076260,gpu_util_pct,downstream-gpu-worker-0,0,NVIDIA L4,suse-ai,9
1788076260,tensor_active_fraction,downstream-gpu-worker-0,0,NVIDIA L4,suse-ai,0.082
1788076260,fb_used_mib,downstream-gpu-worker-0,0,NVIDIA L4,suse-ai,4236
1788076260,power_usage_w,downstream-gpu-worker-0,0,NVIDIA L4,suse-ai,34.7
1788076260,gpu_temp_c,downstream-gpu-worker-0,0,NVIDIA L4,suse-ai,38.4
1788076320,gpu_util_pct,downstream-gpu-worker-0,0,NVIDIA L4,suse-ai,0
1788076320,tensor_active_fraction,downstream-gpu-worker-0,0,NVIDIA L4,suse-ai,0.038
1788076320,fb_used_mib,downstream-gpu-worker-0,0,NVIDIA L4,suse-ai,1824
1788076320,power_usage_w,downstream-gpu-worker-0,0,NVIDIA L4,suse-ai,30.3
1788076320,gpu_temp_c,downstream-gpu-worker-0,0,NVIDIA L4,suse-ai,35.7
1788076380,gpu_util_pct,downstream-gpu-worker-0,0,NVIDIA L4,suse-ai,0
1788076380,tensor_active_fraction,downstream-gpu-worker-0,0,NVIDIA L4,suse-ai,0.049
1788076380,fb_used_mib,downstream-gpu-worker-0,0,NVIDIA L4,suse-ai,1805
1788076380,power_usage_w,downstream-gpu-worker-0,0,NVIDIA L4,suse-ai,29.0
1788076380,gpu_temp_c,downstream-gpu-worker-0,0,NVIDIA L4,suse-ai,34.2
1788076440,gpu_util_pct,downstream-gpu-worker-0,0,NVIDIA L4,suse-ai,53
1788076440,tensor_active_fraction,downstream-gpu-worker-0,0,NVIDIA L4,suse-ai,0.409
1788076440,fb_used_mib,downstream-gpu-worker-0,0,NVIDIA L4,suse-ai,11305
1788076440,power_usage_w,downstream-gpu-worker-0,0,NVIDIA L4,suse-ai,59.6
1788076440,gpu_temp_c,downstream-gpu-worker-0,0,NVIDIA L4,suse-ai,51.3
1788076500,gpu_util_pct,downstream-gpu-worker-0,0,NVIDIA L4,suse-ai,30
1788076500,tensor_active_fraction,downstream-gpu-worker-0,0,NVIDIA L4,suse-ai,0.286
1788076500,fb_used_mib,downstream-gpu-worker-0,0,NVIDIA L4,suse-ai,7214
1788076500,power_usage_w,downstream-gpu-worker-0,0,NVIDIA L4,suse-ai,49.0
1788076500,gpu_temp_c,downstream-gpu-worker-0,0,NVIDIA L4,suse-ai,42.6
1788076560,gpu_util_pct,downstream-gpu-worker-0,0,NVIDIA L4,suse-ai,17
1788076560,tensor_active_fraction,downstream-gpu-worker-0,0,NVIDIA L4,suse-ai,0.158
1788076560,fb_used_mib,downstream-gpu-worker-0,0,NVIDIA L4,suse-ai,5817
1788076560,power_usage_w,downstream-gpu-worker-0,0,NVIDIA L4,suse-ai,43.9
1788076560,gpu_temp_c,downstream-gpu-worker-0,0,NVIDIA L4,suse-ai,41.2
1788076620,gpu_util_pct,downstream-gpu-worker-0,0,NVIDIA L4,suse-ai,53
1788076620,tensor_active_fraction,downstream-gpu-worker-0,0,NVIDIA L4,suse-ai,0.444
1788076620,fb_used_mib,downstream-gpu-worker-0,0,NVIDIA L4,suse-ai,11889
1788076620,power_usage_w,downstream-gpu-worker-0,0,NVIDIA L4,suse-ai,64.7
1788076620,gpu_temp_c,downstream-gpu-worker-0,0,NVIDIA L4,suse-ai,52.4
1788076680,gpu_util_pct,downstream-gpu-worker-0,0,NVIDIA L4,suse-ai,5
1788076680,tensor_active_fraction,downstream-gpu-worker-0,0,NVIDIA L4,suse-ai,0.051
1788076680,fb_used_mib,downstream-gpu-worker-0,0,NVIDIA L4,suse-ai,2014
1788076680,power_usage_w,downstream-gpu-worker-0,0,NVIDIA L4,suse-ai,31.7
1788076680,gpu_temp_c,downstream-gpu-worker-0,0,NVIDIA L4,suse-ai,35.6
1788076740,gpu_util_pct,downstream-gpu-worker-0,0,NVIDIA L4,suse-ai,0
1788076740,tensor_active_fraction,downstream-gpu-worker-0,0,NVIDIA L4,suse-ai,0.005
1788076740,fb_used_mib,downstream-gpu-worker-0,0,NVIDIA L4,suse-ai,2667
1788076740,power_usage_w,downstream-gpu-worker-0,0,NVIDIA L4,suse-ai,33.4
1788076740,gpu_temp_c,downstream-gpu-worker-0,0,NVIDIA L4,suse-ai,35.7
1788076800,gpu_util_pct,downstream-gpu-worker-0,0,NVIDIA L4,suse-ai,28
1788076800,tensor_active_fraction,downstream-gpu-worker-0,0,NVIDIA L4,suse-ai,0.245
1788076800,fb_used_mib,downstream-gpu-worker-0,0,NVIDIA L4,suse-ai,6885
1788076800,power_usage_w,downstream-gpu-worker-0,0,NVIDIA L4,suse-ai,48.6
1788076800,gpu_temp_c,downstream-gpu-worker-0,0,NVIDIA L4,suse-ai,43.6
1788076860,gpu_util_pct,downstream-gpu-worker-0,0,NVIDIA L4,suse-ai,0
1788076860,tensor_active_fraction,downstream-gpu-worker-0,0,NVIDIA L4,suse-ai,0.0
1788076860,fb_used_mib,downstream-gpu-worker-0,0,NVIDIA L4,suse-ai,2184
1788076860,power_usage_w,downstream-gpu-worker-0,0,NVIDIA L4,suse-ai,29.9
1788076860,gpu_temp_c,downstream-gpu-worker-0,0,NVIDIA L4,suse-ai,36.2
1788076920,gpu_util_pct,downstream-gpu-worker-0,0,NVIDIA L4,suse-ai,0
1788076920,tensor_active_fraction,downstream-gpu-worker-0,0,NVIDIA L4,suse-ai,0.048
1788076920,fb_used_mib,downstream-gpu-worker-0,0,NVIDIA L4,suse-ai,1992
1788076920,power_usage_w,downstream-gpu-worker-0,0,NVIDIA L4,suse-ai,32.1
1788076920,gpu_temp_c,downstream-gpu-worker-0,0,NVIDIA L4,suse-ai,35.6
1788076980,gpu_util_pct,downstream-gpu-worker-0,0,NVIDIA L4,suse-ai,51
1788076980,tensor_active_fraction,downstream-gpu-worker-0,0,NVIDIA L4,suse-ai,0.433
1788076980,fb_used_mib,downstream-gpu-worker-0,0,NVIDIA L4,suse-ai,10800
1788076980,power_usage_w,downstream-gpu-worker-0,0,NVIDIA L4,suse-ai,60.8
1788076980,gpu_temp_c,downstream-gpu-worker-0,0,NVIDIA L4,suse-ai,51.6
1788077040,gpu_util_pct,downstream-gpu-worker-0,0,NVIDIA L4,suse-ai,37
1788077040,tensor_active_fraction,downstream-gpu-worker-0,0,NVIDIA L4,suse-ai,0.281
1788077040,fb_used_mib,downstream-gpu-worker-0,0,NVIDIA L4,suse-ai,8387
1788077040,power_usage_w,downstream-gpu-worker-0,0,NVIDIA L4,suse-ai,51.8
1788077040,gpu_temp_c,downstream-gpu-worker-0,0,NVIDIA L4,suse-ai,44.6
1788077100,gpu_util_pct,downstream-gpu-worker-0,0,NVIDIA L4,suse-ai,4
1788077100,tensor_active_fraction,downstream-gpu-worker-0,0,NVIDIA L4,suse-ai,0.0
1788077100,fb_used_mib,downstream-gpu-worker-0,0,NVIDIA L4,suse-ai,2316
1788077100,power_usage_w,downstream-gpu-worker-0,0,NVIDIA L4,suse-ai,30.3
1788077100,gpu_temp_c,downstream-gpu-worker-0,0,NVIDIA L4,suse-ai,35.0
1788077160,gpu_util_pct,downstream-gpu-worker-0,0,NVIDIA L4,suse-ai,29
1788077160,tensor_active_fraction,downstream-gpu-worker-0,0,NVIDIA L4,suse-ai,0.216
1788077160,fb_used_mib,downstream-gpu-worker-0,0,NVIDIA L4,suse-ai,7259
1788077160,power_usage_w,downstream-gpu-worker-0,0,NVIDIA L4,suse-ai,46.9
1788077160,gpu_temp_c,downstream-gpu-worker-0,0,NVIDIA L4,suse-ai,43.8
1788077220,gpu_util_pct,downstream-gpu-worker-0,0,NVIDIA L4,suse-ai,50
1788077220,tensor_active_fraction,downstream-gpu-worker-0,0,NVIDIA L4,suse-ai,0.439
1788077220,fb_used_mib,downstream-gpu-worker-0,0,NVIDIA L4,suse-ai,11281
1788077220,power_usage_w,downstream-gpu-worker-0,0,NVIDIA L4,suse-ai,63.5
1788077220,gpu_temp_c,downstream-gpu-worker-0,0,NVIDIA L4,suse-ai,49.5
1788077280,gpu_util_pct,downstream-gpu-worker-0,0,NVIDIA L4,suse-ai,4
1788077280,tensor_active_fraction,downstream-gpu-worker-0,0,NVIDIA L4,suse-ai,0.025
1788077280,fb_used_mib,downstream-gpu-worker-0,0,NVIDIA L4,suse-ai,2029
1788077280,power_usage_w,downstream-gpu-worker-0,0,NVIDIA L4,suse-ai,28.0
1788077280,gpu_temp_c,downstream-gpu-worker-0,0,NVIDIA L4,suse-ai,34.3
1788077340,gpu_util_pct,downstream-gpu-worker-0,0,NVIDIA L4,suse-ai,0
1788077340,tensor_active_fraction,downstream-gpu-worker-0,0,NVIDIA L4,suse-ai,0.047
1788077340,fb_used_mib,downstream-gpu-worker-0,0,NVIDIA L4,suse-ai,1954
1788077340,power_usage_w,downstream-gpu-worker-0,0,NVIDIA L4,suse-ai,29.1
1788077340,gpu_temp_c,downstream-gpu-worker-0,0,NVIDIA L4,suse-ai,35.2
1788077400,gpu_util_pct,downstream-gpu-worker-0,0,NVIDIA L4,suse-ai,58
1788077400,tensor_active_fraction,downstream-gpu-worker-0,0,NVIDIA L4,suse-ai,0.439
1788077400,fb_used_mib,downstream-gpu-worker-0,0,NVIDIA L4,suse-ai,12036
1788077400,power_usage_w,downstream-gpu-worker-0,0,NVIDIA L4,suse-ai,65.5
1788077400,gpu_temp_c,downstream-gpu-worker-0,0,NVIDIA L4,suse-ai,51.8
1788077460,gpu_util_pct,downstream-gpu-worker-0,0,NVIDIA L4,suse-ai,40
1788077460,tensor_active_fraction,downstream-gpu-worker-0,0,NVIDIA L4,suse-ai,0.327
1788077460,fb_used_mib,downstream-gpu-worker-0,0,NVIDIA L4,suse-ai,9983
1788077460,power_usage_w,downstream-gpu-worker-0,0,NVIDIA L4,suse-ai,54.8
1788077460,gpu_temp_c,downstream-gpu-worker-0,0,NVIDIA L4,suse-ai,47.2
1788077520,gpu_util_pct,downstream-gpu-worker-0,0,NVIDIA L4,suse-ai,18
1788077520,tensor_active_fraction,downstream-gpu-worker-0,0,NVIDIA L4,suse-ai,0.125
1788077520,fb_used_mib,downstream-gpu-worker-0,0,NVIDIA L4,suse-ai,4841
1788077520,power_usage_w,downstream-gpu-worker-0,0,NVIDIA L4,suse-ai,40.1
1788077520,gpu_temp_c,downstream-gpu-worker-0,0,NVIDIA L4,suse-ai,37.9
1788077580,gpu_util_pct,downstream-gpu-worker-0,0,NVIDIA L4,suse-ai,24
1788077580,tensor_active_fraction,downstream-gpu-worker-0,0,NVIDIA L4,suse-ai,0.126
1788077580,fb_used_mib,downstream-gpu-worker-0,0,NVIDIA L4,suse-ai,5604
1788077580,power_usage_w,downstream-gpu-worker-0,0,NVIDIA L4,suse-ai,44.7
1788077580,gpu_temp_c,downstream-gpu-worker-0,0,NVIDIA L4,suse-ai,41.8
1788077640,gpu_util_pct,downstream-gpu-worker-0,0,NVIDIA L4,suse-ai,62
1788077640,tensor_active_fraction,downstream-gpu-worker-0,0,NVIDIA L4,suse-ai,0.475
1788077640,fb_used_mib,downstream-gpu-worker-0,0,NVIDIA L4,suse-ai,13373
1788077640,power_usage_w,downstream-gpu-worker-0,0,NVIDIA L4,suse-ai,66.4
1788077640,gpu_temp_c,downstream-gpu-worker-0,0,NVIDIA L4,suse-ai,55.7
1788077700,gpu_util_pct,downstream-gpu-worker-0,0,NVIDIA L4,suse-ai,19
1788077700,tensor_active_fraction,downstream-gpu-worker-0,0,NVIDIA L4,suse-ai,0.187
1788077700,fb_used_mib,downstream-gpu-worker-0,0,NVIDIA L4,suse-ai,6024
1788077700,power_usage_w,downstream-gpu-worker-0,0,NVIDIA L4,suse-ai,41.8
1788077700,gpu_temp_c,downstream-gpu-worker-0,0,NVIDIA L4,suse-ai,43.3
1788077760,gpu_util_pct,downstream-gpu-worker-0,0,NVIDIA L4,suse-ai,47
1788077760,tensor_active_fraction,downstream-gpu-worker-0,0,NVIDIA L4,suse-ai,0.397
1788077760,fb_used_mib,downstream-gpu-worker-0,0,NVIDIA L4,suse-ai,9954
1788077760,power_usage_w,downstream-gpu-worker-0,0,NVIDIA L4,suse-ai,59.4
1788077760,gpu_temp_c,downstream-gpu-worker-0,0,NVIDIA L4,suse-ai,49.0
1788077820,gpu_util_pct,downstream-gpu-worker-0,0,NVIDIA L4,suse-ai,63
1788077820,tensor_active_fraction,downstream-gpu-worker-0,0,NVIDIA L4,suse-ai,0.46
1788077820,fb_used_mib,downstream-gpu-worker-0,0,NVIDIA L4,suse-ai,13580
1788077820,power_usage_w,downstream-gpu-worker-0,0,NVIDIA L4,suse-ai,67.4
1788077820,gpu_temp_c,downstream-gpu-worker-0,0,NVIDIA L4,suse-ai,55.5
1788077880,gpu_util_pct,downstream-gpu-worker-0,0,NVIDIA L4,suse-ai,7
1788077880,tensor_active_fraction,downstream-gpu-worker-0,0,NVIDIA L4,suse-ai,0.013
1788077880,fb_used_mib,downstream-gpu-worker-0,0,NVIDIA L4,suse-ai,2649
1788077880,power_usage_w,downstream-gpu-worker-0,0,NVIDIA L4,suse-ai,34.0
1788077880,gpu_temp_c,downstream-gpu-worker-0,0,NVIDIA L4,suse-ai,34.6
1788077940,gpu_util_pct,downstream-gpu-worker-0,0,NVIDIA L4,suse-ai,48
1788077940,tensor_active_fraction,downstream-gpu-worker-0,0,NVIDIA L4,suse-ai,0.434
1788077940,fb_used_mib,downstream-gpu-worker-0,0,NVIDIA L4,suse-ai,11159
1788077940,power_usage_w,downstream-gpu-worker-0,0,NVIDIA L4,suse-ai,58.8
1788077940,gpu_temp_c,downstream-gpu-worker-0,0,NVIDIA L4,suse-ai,49.2
1788078000,gpu_util_pct,downstream-gpu-worker-0,0,NVIDIA L4,suse-ai,50
1788078000,tensor_active_fraction,downstream-gpu-worker-0,0,NVIDIA L4,suse-ai,0.435
1788078000,fb_used_mib,downstream-gpu-worker-0,0,NVIDIA L4,suse-ai,11565
1788078000,power_usage_w,downstream-gpu-worker-0,0,NVIDIA L4,suse-ai,63.8
1788078000,gpu_temp_c,downstream-gpu-worker-0,0,NVIDIA L4,suse-ai,53.0
1788078060,gpu_util_pct,downstream-gpu-worker-0,0,NVIDIA L4,suse-ai,50
1788078060,tensor_active_fraction,downstream-gpu-worker-0,0,NVIDIA L4,suse-ai,0.36
1788078060,fb_used_mib,downstream-gpu-worker-0,0,NVIDIA L4,suse-ai,10498
1788078060,power_usage_w,downstream-gpu-worker-0,0,NVIDIA L4,suse-ai,60.7
1788078060,gpu_temp_c,downstream-gpu-worker-0,0,NVIDIA L4,suse-ai,48.4
1788078120,gpu_util_pct,downstream-gpu-worker-0,0,NVIDIA L4,suse-ai,50
1788078120,tensor_active_fraction,downstream-gpu-worker-0,0,NVIDIA L4,suse-ai,0.451
1788078120,fb_used_mib,downstream-gpu-worker-0,0,NVIDIA L4,suse-ai,11157
1788078120,power_usage_w,downstream-gpu-worker-0,0,NVIDIA L4,suse-ai,58.4
1788078120,gpu_temp_c,downstream-gpu-worker-0,0,NVIDIA L4,suse-ai,51.8
1788078180,gpu_util_pct,downstream-gpu-worker-0,0,NVIDIA L4,suse-ai,5
1788078180,tensor_active_fraction,downstream-gpu-worker-0,0,NVIDIA L4,suse-ai,0.0
1788078180,fb_used_mib,downstream-gpu-worker-0,0,NVIDIA L4,suse-ai,2935
1788078180,power_usage_w,downstream-gpu-worker-0,0,NVIDIA L4,suse-ai,30.8
1788078180,gpu_temp_c,downstream-gpu-worker-0,0,NVIDIA L4,suse-ai,34.7
1788078240,gpu_util_pct,downstream-gpu-worker-0,0,NVIDIA L4,suse-ai,17
1788078240,tensor_active_fraction,downstream-gpu-worker-0,0,NVIDIA L4,suse-ai,0.185
1788078240,fb_used_mib,downstream-gpu-worker-0,0,NVIDIA L4,suse-ai,5555
1788078240,power_usage_w,downstream-gpu-worker-0,0,NVIDIA L4,suse-ai,42.0
1788078240,gpu_temp_c,downstream-gpu-worker-0,0,NVIDIA L4,suse-ai,40.7
1788078300,gpu_util_pct,downstream-gpu-worker-0,0,NVIDIA L4,suse-ai,49
1788078300,tensor_active_fraction,downstream-gpu-worker-0,0,NVIDIA L4,suse-ai,0.426
1788078300,fb_used_mib,downstream-gpu-worker-0,0,NVIDIA L4,suse-ai,11037
1788078300,power_usage_w,downstream-gpu-worker-0,0,NVIDIA L4,suse-ai,59.9
1788078300,gpu_temp_c,downstream-gpu-worker-0,0,NVIDIA L4,suse-ai,51.9
1788078360,gpu_util_pct,downstream-gpu-worker-0,0,NVIDIA L4,suse-ai,55
1788078360,tensor_active_fraction,downstream-gpu-worker-0,0,NVIDIA L4,suse-ai,0.374
1788078360,fb_used_mib,downstream-gpu-worker-0,0,NVIDIA L4,suse-ai,11242
1788078360,power_usage_w,downstream-gpu-worker-0,0,NVIDIA L4,suse-ai,59.4
1788078360,gpu_temp_c,downstream-gpu-worker-0,0,NVIDIA L4,suse-ai,52.2
1788078420,gpu_util_pct,downstream-gpu-worker-0,0,NVIDIA L4,suse-ai,6
1788078420,tensor_active_fraction,downstream-gpu-worker-0,0,NVIDIA L4,suse-ai,0.069
1788078420,fb_used_mib,downstream-gpu-worker-0,0,NVIDIA L4,suse-ai,3804
1788078420,power_usage_w,downstream-gpu-worker-0,0,NVIDIA L4,suse-ai,32.8
1788078420,gpu_temp_c,downstream-gpu-worker-0,0,NVIDIA L4,suse-ai,37.3
1788078480,gpu_util_pct,downstream-gpu-worker-0,0,NVIDIA L4,suse-ai,68
1788078480,tensor_active_fraction,downstream-gpu-worker-0,0,NVIDIA L4,suse-ai,0.513
1788078480,fb_used_mib,downstream-gpu-worker-0,0,NVIDIA L4,suse-ai,14207
1788078480,power_usage_w,downstream-gpu-worker-0,0,NVIDIA L4,suse-ai,69.5
1788078480,gpu_temp_c,downstream-gpu-worker-0,0,NVIDIA L4,suse-ai,56.1
1788078540,gpu_util_pct,downstream-gpu-worker-0,0,NVIDIA L4,suse-ai,0
1788078540,tensor_active_fraction,downstream-gpu-worker-0,0,NVIDIA L4,suse-ai,0.034
1788078540,fb_used_mib,downstream-gpu-worker-0,0,NVIDIA L4,suse-ai,2041
1788078540,power_usage_w,downstream-gpu-worker-0,0,NVIDIA L4,suse-ai,28.7
1788078540,gpu_temp_c,downstream-gpu-worker-0,0,NVIDIA L4,suse-ai,33.6
1788078600,gpu_util_pct,downstream-gpu-worker-0,0,NVIDIA L4,suse-ai,32
1788078600,tensor_active_fraction,downstream-gpu-worker-0,0,NVIDIA L4,suse-ai,0.233
1788078600,fb_used_mib,downstream-gpu-worker-0,0,NVIDIA L4,suse-ai,7943
1788078600,power_usage_w,downstream-gpu-worker-0,0,NVIDIA L4,suse-ai,50.5
1788078600,gpu_temp_c,downstream-gpu-worker-0,0,NVIDIA L4,suse-ai,43.3
1788078660,gpu_util_pct,downstream-gpu-worker-0,0,NVIDIA L4,suse-ai,51
1788078660,tensor_active_fraction,downstream-gpu-worker-0,0,NVIDIA L4,suse-ai,0.372
1788078660,fb_used_mib,downstream-gpu-worker-0,0,NVIDIA L4,suse-ai,10579
1788078660,power_usage_w,downstream-gpu-worker-0,0,NVIDIA L4,suse-ai,61.6
1788078660,gpu_temp_c,downstream-gpu-worker-0,0,NVIDIA L4,suse-ai,50.3
1788078720,gpu_util_pct,downstream-gpu-worker-0,0,NVIDIA L4,suse-ai,0
1788078720,tensor_active_fraction,downstream-gpu-worker-0,0,NVIDIA L4,suse-ai,0.0
1788078720,fb_used_mib,downstream-gpu-worker-0,0,NVIDIA L4,suse-ai,1955
1788078720,power_usage_w,downstream-gpu-worker-0,0,NVIDIA L4,suse-ai,30.4
1788078720,gpu_temp_c,downstream-gpu-worker-0,0,NVIDIA L4,suse-ai,36.4
1788078780,gpu_util_pct,downstream-gpu-worker-0,0,NVIDIA L4,suse-ai,48
1788078780,tensor_active_fraction,downstream-gpu-worker-0,0,NVIDIA L4,suse-ai,0.423
1788078780,fb_used_mib,downstream-gpu-worker-0,0,NVIDIA L4,suse-ai,11231
1788078780,power_usage_w,downstream-gpu-worker-0,0,NVIDIA L4,suse-ai,63.4
1788078780,gpu_temp_c,downstream-gpu-worker-0,0,NVIDIA L4,suse-ai,50.6
1788078840,gpu_util_pct,downstream-gpu-worker-0,0,NVIDIA L4,suse-ai,35
1788078840,tensor_active_fraction,downstream-gpu-worker-0,0,NVIDIA L4,suse-ai,0.307
1788078840,fb_used_mib,downstream-gpu-worker-0,0,NVIDIA L4,suse-ai,8455
1788078840,power_usage_w,downstream-gpu-worker-0,0,NVIDIA L4,suse-ai,54.1
1788078840,gpu_temp_c,downstream-gpu-worker-0,0,NVIDIA L4,suse-ai,44.8
1788078900,gpu_util_pct,downstream-gpu-worker-0,0,NVIDIA L4,suse-ai,27
1788078900,tensor_active_fraction,downstream-gpu-worker-0,0,NVIDIA L4,suse-ai,0.282
1788078900,fb_used_mib,downstream-gpu-worker-0,0,NVIDIA L4,suse-ai,7309
1788078900,power_usage_w,downstream-gpu-worker-0,0,NVIDIA L4,suse-ai,47.4
1788078900,gpu_temp_c,downstream-gpu-worker-0,0,NVIDIA L4,suse-ai,45.4
1788078960,gpu_util_pct,downstream-gpu-worker-0,0,NVIDIA L4,suse-ai,30
1788078960,tensor_active_fraction,downstream-gpu-worker-0,0,NVIDIA L4,suse-ai,0.181
1788078960,fb_used_mib,downstream-gpu-worker-0,0,NVIDIA L4,suse-ai,6606
1788078960,power_usage_w,downstream-gpu-worker-0,0,NVIDIA L4,suse-ai,47.0
1788078960,gpu_temp_c,downstream-gpu-worker-0,0,NVIDIA L4,suse-ai,44.7
1788079020,gpu_util_pct,downstream-gpu-worker-0,0,NVIDIA L4,suse-ai,18
1788079020,tensor_active_fraction,downstream-gpu-worker-0,0,NVIDIA L4,suse-ai,0.129
1788079020,fb_used_mib,downstream-gpu-worker-0,0,NVIDIA L4,suse-ai,5764
1788079020,power_usage_w,downstream-gpu-worker-0,0,NVIDIA L4,suse-ai,41.8
1788079020,gpu_temp_c,downstream-gpu-worker-0,0,NVIDIA L4,suse-ai,40.3
1788079080,gpu_util_pct,downstream-gpu-worker-0,0,NVIDIA L4,suse-ai,0
1788079080,tensor_active_fraction,downstream-gpu-worker-0,0,NVIDIA L4,suse-ai,0.038
1788079080,fb_used_mib,downstream-gpu-worker-0,0,NVIDIA L4,suse-ai,2141
1788079080,power_usage_w,downstream-gpu-worker-0,0,NVIDIA L4,suse-ai,32.9
1788079080,gpu_temp_c,downstream-gpu-worker-0,0,NVIDIA L4,suse-ai,33.5
1788079140,gpu_util_pct,downstream-gpu-worker-0,0,NVIDIA L4,suse-ai,38
1788079140,tensor_active_fraction,downstream-gpu-worker-0,0,NVIDIA L4,suse-ai,0.318
1788079140,fb_used_mib,downstream-gpu-worker-0,0,NVIDIA L4,suse-ai,9529
1788079140,power_usage_w,downstream-gpu-worker-0,0,NVIDIA L4,suse-ai,54.3
1788079140,gpu_temp_c,downstream-gpu-worker-0,0,NVIDIA L4,suse-ai,47.1
1788079200,gpu_util_pct,downstream-gpu-worker-0,0,NVIDIA L4,suse-ai,69
1788079200,tensor_active_fraction,downstream-gpu-worker-0,0,NVIDIA L4,suse-ai,0.539
1788079200,fb_used_mib,downstream-gpu-worker-0,0,NVIDIA L4,suse-ai,14550
1788079200,power_usage_w,downstream-gpu-worker-0,0,NVIDIA L4,suse-ai,69.4
1788079200,gpu_temp_c,downstream-gpu-worker-0,0,NVIDIA L4,suse-ai,55.9
1788079260,gpu_util_pct,downstream-gpu-worker-0,0,NVIDIA L4,suse-ai,10
1788079260,tensor_active_fraction,downstream-gpu-worker-0,0,NVIDIA L4,suse-ai,0.07
1788079260,fb_used_mib,downstream-gpu-worker-0,0,NVIDIA L4,suse-ai,3590
1788079260,power_usage_w,downstream-gpu-worker-0,0,NVIDIA L4,suse-ai,36.1
1788079260,gpu_temp_c,downstream-gpu-worker-0,0,NVIDIA L4,suse-ai,38.5
1788079320,gpu_util_pct,downstream-gpu-worker-0,0,NVIDIA L4,suse-ai,18
1788079320,tensor_active_fraction,downstream-gpu-worker-0,0,NVIDIA L4,suse-ai,0.181
1788079320,fb_used_mib,downstream-gpu-worker-0,0,NVIDIA L4,suse-ai,5366
1788079320,power_usage_w,downstream-gpu-worker-0,0,NVIDIA L4,suse-ai,40.1
1788079320,gpu_temp_c,downstream-gpu-worker-0,0,NVIDIA L4,suse-ai,39.6
1788079380,gpu_util_pct,downstream-gpu-worker-0,0,NVIDIA L4,suse-ai,20
1788079380,tensor_active_fraction,downstream-gpu-worker-0,0,NVIDIA L4,suse-ai,0.169
1788079380,fb_used_mib,downstream-gpu-worker-0,0,NVIDIA L4,suse-ai,5688
1788079380,power_usage_w,downstream-gpu-worker-0,0,NVIDIA L4,suse-ai,44.8
1788079380,gpu_temp_c,downstream-gpu-worker-0,0,NVIDIA L4,suse-ai,43.0
1788079440,gpu_util_pct,downstream-gpu-worker-0,0,NVIDIA L4,suse-ai,62
1788079440,tensor_active_fraction,downstream-gpu-worker-0,0,NVIDIA L4,suse-ai,0.47
1788079440,fb_used_mib,downstream-gpu-worker-0,0,NVIDIA L4,suse-ai,13198
1788079440,power_usage_w,downstream-gpu-worker-0,0,NVIDIA L4,suse-ai,69.9
1788079440,gpu_temp_c,downstream-gpu-worker-0,0,NVIDIA L4,suse-ai,54.4
1788079500,gpu_util_pct,downstream-gpu-worker-0,0,NVIDIA L4,suse-ai,68
1788079500,tensor_active_fraction,downstream-gpu-worker-0,0,NVIDIA L4,suse-ai,0.593
1788079500,fb_used_mib,downstream-gpu-worker-0,0,NVIDIA L4,suse-ai,14153
1788079500,power_usage_w,downstream-gpu-worker-0,0,NVIDIA L4,suse-ai,69.4
1788079500,gpu_temp_c,downstream-gpu-worker-0,0,NVIDIA L4,suse-ai,55.8
1788079560,gpu_util_pct,downstream-gpu-worker-0,0,NVIDIA L4,suse-ai,6
1788079560,tensor_active_fraction,downstream-gpu-worker-0,0,NVIDIA L4,suse-ai,0.026
1788079560,fb_used_mib,downstream-gpu-worker-0,0,NVIDIA L4,suse-ai,2288
1788079560,power_usage_w,downstream-gpu-worker-0,0,NVIDIA L4,suse-ai,31.4
1788079560,gpu_temp_c,downstream-gpu-worker-0,0,NVIDIA L4,suse-ai,35.6
1788079620,gpu_util_pct,downstream-gpu-worker-0,0,NVIDIA L4,suse-ai,53
1788079620,tensor_active_fraction,downstream-gpu-worker-0,0,NVIDIA L4,suse-ai,0.435
1788079620,fb_used_mib,downstream-gpu-worker-0,0,NVIDIA L4,suse-ai,12104
1788079620,power_usage_w,downstream-gpu-worker-0,0,NVIDIA L4,suse-ai,65.5
1788079620,gpu_temp_c,downstream-gpu-worker-0,0,NVIDIA L4,suse-ai,53.1
1788079680,gpu_util_pct,downstream-gpu-worker-0,0,NVIDIA L4,suse-ai,30
1788079680,tensor_active_fraction,downstream-gpu-worker-0,0,NVIDIA L4,suse-ai,0.257
1788079680,fb_used_mib,downstream-gpu-worker-0,0,NVIDIA L4,suse-ai,7199
1788079680,power_usage_w,downstream-gpu-worker-0,0,NVIDIA L4,suse-ai,48.1
1788079680,gpu_temp_c,downstream-gpu-worker-0,0,NVIDIA L4,suse-ai,41.8
1788079740,gpu_util_pct,downstream-gpu-worker-0,0,NVIDIA L4,suse-ai,0
1788079740,tensor_active_fraction,downstream-gpu-worker-0,0,NVIDIA L4,suse-ai,0.0
1788079740,fb_used_mib,downstream-gpu-worker-0,0,NVIDIA L4,suse-ai,2168
1788079740,power_usage_w,downstream-gpu-worker-0,0,NVIDIA L4,suse-ai,32.2
1788079740,gpu_temp_c,downstream-gpu-worker-0,0,NVIDIA L4,suse-ai,34.3
1788079800,gpu_util_pct,downstream-gpu-worker-0,0,NVIDIA L4,suse-ai,4
1788079800,tensor_active_fraction,downstream-gpu-worker-0,0,NVIDIA L4,suse-ai,0.0
1788079800,fb_used_mib,downstream-gpu-worker-0,0,NVIDIA L4,suse-ai,2097
1788079800,power_usage_w,downstream-gpu-worker-0,0,NVIDIA L4,suse-ai,32.7
1788079800,gpu_temp_c,downstream-gpu-worker-0,0,NVIDIA L4,suse-ai,34.2
1788079860,gpu_util_pct,downstream-gpu-worker-0,0,NVIDIA L4,suse-ai,1
1788079860,tensor_active_fraction,downstream-gpu-worker-0,0,NVIDIA L4,suse-ai,0.0
1788079860,fb_used_mib,downstream-gpu-worker-0,0,NVIDIA L4,suse-ai,2162
1788079860,power_usage_w,downstream-gpu-worker-0,0,NVIDIA L4,suse-ai,29.7
1788079860,gpu_temp_c,downstream-gpu-worker-0,0,NVIDIA L4,suse-ai,34.4
1788079920,gpu_util_pct,downstream-gpu-worker-0,0,NVIDIA L4,suse-ai,0
1788079920,tensor_active_fraction,downstream-gpu-worker-0,0,NVIDIA L4,suse-ai,0.036
1788079920,fb_used_mib,downstream-gpu-worker-0,0,NVIDIA L4,suse-ai,2002
1788079920,power_usage_w,downstream-gpu-worker-0,0,NVIDIA L4,suse-ai,32.7
1788079920,gpu_temp_c,downstream-gpu-worker-0,0,NVIDIA L4,suse-ai,33.9
1788079980,gpu_util_pct,downstream-gpu-worker-0,0,NVIDIA L4,suse-ai,4
1788079980,tensor_active_fraction,downstream-gpu-worker-0,0,NVIDIA L4,suse-ai,0.0
1788079980,fb_used_mib,downstream-gpu-worker-0,0,NVIDIA L4,suse-ai,2025
1788079980,power_usage_w,downstream-gpu-worker-0,0,NVIDIA L4,suse-ai,30.8
1788079980,gpu_temp_c,downstream-gpu-worker-0,0,NVIDIA L4,suse-ai,35.8
1788080040,gpu_util_pct,downstream-gpu-worker-0,0,NVIDIA L4,suse-ai,14
1788080040,tensor_active_fraction,downstream-gpu-worker-0,0,NVIDIA L4,suse-ai,0.057
1788080040,fb_used_mib,downstream-gpu-worker-0,0,NVIDIA L4,suse-ai,3682
1788080040,power_usage_w,downstream-gpu-worker-0,0,NVIDIA L4,suse-ai,38.8
1788080040,gpu_temp_c,downstream-gpu-worker-0,0,NVIDIA L4,suse-ai,39.7
1788080100,gpu_util_pct,downstream-gpu-worker-0,0,NVIDIA L4,suse-ai,0
1788080100,tensor_active_fraction,downstream-gpu-worker-0,0,NVIDIA L4,suse-ai,0.038
1788080100,fb_used_mib,downstream-gpu-worker-0,0,NVIDIA L4,suse-ai,1989
1788080100,power_usage_w,downstream-gpu-worker-0,0,NVIDIA L4,suse-ai,29.9
1788080100,gpu_temp_c,downstream-gpu-worker-0,0,NVIDIA L4,suse-ai,36.1
1788080160,gpu_util_pct,downstream-gpu-worker-0,0,NVIDIA L4,suse-ai,43
1788080160,tensor_active_fraction,downstream-gpu-worker-0,0,NVIDIA L4,suse-ai,0.289
1788080160,fb_used_mib,downstream-gpu-worker-0,0,NVIDIA L4,suse-ai,8788
1788080160,power_usage_w,downstream-gpu-worker-0,0,NVIDIA L4,suse-ai,53.1
1788080160,gpu_temp_c,downstream-gpu-worker-0,0,NVIDIA L4,suse-ai,46.1
1788080220,gpu_util_pct,downstream-gpu-worker-0,0,NVIDIA L4,suse-ai,0
1788080220,tensor_active_fraction,downstream-gpu-worker-0,0,NVIDIA L4,suse-ai,0.017
1788080220,fb_used_mib,downstream-gpu-worker-0,0,NVIDIA L4,suse-ai,1938
1788080220,power_usage_w,downstream-gpu-worker-0,0,NVIDIA L4,suse-ai,29.0
1788080220,gpu_temp_c,downstream-gpu-worker-0,0,NVIDIA L4,suse-ai,33.3
1788080280,gpu_util_pct,downstream-gpu-worker-0,0,NVIDIA L4,suse-ai,15
1788080280,tensor_active_fraction,downstream-gpu-worker-0,0,NVIDIA L4,suse-ai,0.157
1788080280,fb_used_mib,downstream-gpu-worker-0,0,NVIDIA L4,suse-ai,5329
1788080280,power_usage_w,downstream-gpu-worker-0,0,NVIDIA L4,suse-ai,43.4
1788080280,gpu_temp_c,downstream-gpu-worker-0,0,NVIDIA L4,suse-ai,38.9
1788080340,gpu_util_pct,downstream-gpu-worker-0,0,NVIDIA L4,suse-ai,75
1788080340,tensor_active_fraction,downstream-gpu-worker-0,0,NVIDIA L4,suse-ai,0.529
1788080340,fb_used_mib,downstream-gpu-worker-0,0,NVIDIA L4,suse-ai,14638
1788080340,power_usage_w,downstream-gpu-worker-0,0,NVIDIA L4,suse-ai,70.7
1788080340,gpu_temp_c,downstream-gpu-worker-0,0,NVIDIA L4,suse-ai,57.1
1788080400,gpu_util_pct,downstream-gpu-worker-0,0,NVIDIA L4,suse-ai,55
1788080400,tensor_active_fraction,downstream-gpu-worker-0,0,NVIDIA L4,suse-ai,0.499
1788080400,fb_used_mib,downstream-gpu-worker-0,0,NVIDIA L4,suse-ai,12144
1788080400,power_usage_w,downstream-gpu-worker-0,0,NVIDIA L4,suse-ai,64.6
1788080400,gpu_temp_c,downstream-gpu-worker-0,0,NVIDIA L4,suse-ai,52.3
1788080460,gpu_util_pct,downstream-gpu-worker-0,0,NVIDIA L4,suse-ai,74
1788080460,tensor_active_fraction,downstream-gpu-worker-0,0,NVIDIA L4,suse-ai,0.578
1788080460,fb_used_mib,downstream-gpu-worker-0,0,NVIDIA L4,suse-ai,15570
1788080460,power_usage_w,downstream-gpu-worker-0,0,NVIDIA L4,suse-ai,78.1
1788080460,gpu_temp_c,downstream-gpu-worker-0,0,NVIDIA L4,suse-ai,59.2
1788080520,gpu_util_pct,downstream-gpu-worker-0,0,NVIDIA L4,suse-ai,0
1788080520,tensor_active_fraction,downstream-gpu-worker-0,0,NVIDIA L4,suse-ai,0.0
1788080520,fb_used_mib,downstream-gpu-worker-0,0,NVIDIA L4,suse-ai,2060
1788080520,power_usage_w,downstream-gpu-worker-0,0,NVIDIA L4,suse-ai,31.2
1788080520,gpu_temp_c,downstream-gpu-worker-0,0,NVIDIA L4,suse-ai,34.1
1788080580,gpu_util_pct,downstream-gpu-worker-0,0,NVIDIA L4,suse-ai,74
1788080580,tensor_active_fraction,downstream-gpu-worker-0,0,NVIDIA L4,suse-ai,0.585
1788080580,fb_used_mib,downstream-gpu-worker-0,0,NVIDIA L4,suse-ai,15881
1788080580,power_usage_w,downstream-gpu-worker-0,0,NVIDIA L4,suse-ai,76.6
1788080580,gpu_temp_c,downstream-gpu-worker-0,0,NVIDIA L4,suse-ai,58.4
1788080640,gpu_util_pct,downstream-gpu-worker-0,0,NVIDIA L4,suse-ai,10
1788080640,tensor_active_fraction,downstream-gpu-worker-0,0,NVIDIA L4,suse-ai,0.153
1788080640,fb_used_mib,downstream-gpu-worker-0,0,NVIDIA L4,suse-ai,4774
1788080640,power_usage_w,downstream-gpu-worker-0,0,NVIDIA L4,suse-ai,35.7
1788080640,gpu_temp_c,downstream-gpu-worker-0,0,NVIDIA L4,suse-ai,39.6
1788080700,gpu_util_pct,downstream-gpu-worker-0,0,NVIDIA L4,suse-ai,9
1788080700,tensor_active_fraction,downstream-gpu-worker-0,0,NVIDIA L4,suse-ai,0.09
1788080700,fb_used_mib,downstream-gpu-worker-0,0,NVIDIA L4,suse-ai,4044
1788080700,power_usage_w,downstream-gpu-worker-0,0,NVIDIA L4,suse-ai,38.1
1788080700,gpu_temp_c,downstream-gpu-worker-0,0,NVIDIA L4,suse-ai,37.6
1788080760,gpu_util_pct,downstream-gpu-worker-0,0,NVIDIA L4,suse-ai,17
1788080760,tensor_active_fraction,downstream-gpu-worker-0,0,NVIDIA L4,suse-ai,0.148
1788080760,fb_used_mib,downstream-gpu-worker-0,0,NVIDIA L4,suse-ai,5496
1788080760,power_usage_w,downstream-gpu-worker-0,0,NVIDIA L4,suse-ai,40.5
1788080760,gpu_temp_c,downstream-gpu-worker-0,0,NVIDIA L4,suse-ai,41.3
1788080820,gpu_util_pct,downstream-gpu-worker-0,0,NVIDIA L4,suse-ai,0
1788080820,tensor_active_fraction,downstream-gpu-worker-0,0,NVIDIA L4,suse-ai,0.0
1788080820,fb_used_mib,downstream-gpu-worker-0,0,NVIDIA L4,suse-ai,1877
1788080820,power_usage_w,downstream-gpu-worker-0,0,NVIDIA L4,suse-ai,28.7
1788080820,gpu_temp_c,downstream-gpu-worker-0,0,NVIDIA L4,suse-ai,33.3
1788080880,gpu_util_pct,downstream-gpu-worker-0,0,NVIDIA L4,suse-ai,27
1788080880,tensor_active_fraction,downstream-gpu-worker-0,0,NVIDIA L4,suse-ai,0.233
1788080880,fb_used_mib,downstream-gpu-worker-0,0,NVIDIA L4,suse-ai,6717
1788080880,power_usage_w,downstream-gpu-worker-0,0,NVIDIA L4,suse-ai,47.3
1788080880,gpu_temp_c,downstream-gpu-worker-0,0,NVIDIA L4,suse-ai,44.2
1788080940,gpu_util_pct,downstream-gpu-worker-0,0,NVIDIA L4,suse-ai,0
1788080940,tensor_active_fraction,downstream-gpu-worker-0,0,NVIDIA L4,suse-ai,0.026
1788080940,fb_used_mib,downstream-gpu-worker-0,0,NVIDIA L4,suse-ai,1897
1788080940,power_usage_w,downstream-gpu-worker-0,0,NVIDIA L4,suse-ai,28.1
1788080940,gpu_temp_c,downstream-gpu-worker-0,0,NVIDIA L4,suse-ai,33.3
1788081000,gpu_util_pct,downstream-gpu-worker-0,0,NVIDIA L4,suse-ai,34
1788081000,tensor_active_fraction,downstream-gpu-worker-0,0,NVIDIA L4,suse-ai,0.253
1788081000,fb_used_mib,downstream-gpu-worker-0,0,NVIDIA L4,suse-ai,8453
1788081000,power_usage_w,downstream-gpu-worker-0,0,NVIDIA L4,suse-ai,53.4
1788081000,gpu_temp_c,downstream-gpu-worker-0,0,NVIDIA L4,suse-ai,47.0
1788081060,gpu_util_pct,downstream-gpu-worker-0,0,NVIDIA L4,suse-ai,19
1788081060,tensor_active_fraction,downstream-gpu-worker-0,0,NVIDIA L4,suse-ai,0.077
1788081060,fb_used_mib,downstream-gpu-worker-0,0,NVIDIA L4,suse-ai,4724
1788081060,power_usage_w,downstream-gpu-worker-0,0,NVIDIA L4,suse-ai,41.8
1788081060,gpu_temp_c,downstream-gpu-worker-0,0,NVIDIA L4,suse-ai,41.4
1788081120,gpu_util_pct,downstream-gpu-worker-0,0,NVIDIA L4,suse-ai,41
1788081120,tensor_active_fraction,downstream-gpu-worker-0,0,NVIDIA L4,suse-ai,0.356
1788081120,fb_used_mib,downstream-gpu-worker-0,0,NVIDIA L4,suse-ai,9685
1788081120,power_usage_w,downstream-gpu-worker-0,0,NVIDIA L4,suse-ai,52.8
1788081120,gpu_temp_c,downstream-gpu-worker-0,0,NVIDIA L4,suse-ai,46.3
1788081180,gpu_util_pct,downstream-gpu-worker-0,0,NVIDIA L4,suse-ai,74
1788081180,tensor_active_fraction,downstream-gpu-worker-0,0,NVIDIA L4,suse-ai,0.527
1788081180,fb_used_mib,downstream-gpu-worker-0,0,NVIDIA L4,suse-ai,14654
1788081180,power_usage_w,downstream-gpu-worker-0,0,NVIDIA L4,suse-ai,69.4
1788081180,gpu_temp_c,downstream-gpu-worker-0,0,NVIDIA L4,suse-ai,55.7
1788081240,gpu_util_pct,downstream-gpu-worker-0,0,NVIDIA L4,suse-ai,45
1788081240,tensor_active_fraction,downstream-gpu-worker-0,0,NVIDIA L4,suse-ai,0.403
1788081240,fb_used_mib,downstream-gpu-worker-0,0,NVIDIA L4,suse-ai,10545
1788081240,power_usage_w,downstream-gpu-worker-0,0,NVIDIA L4,suse-ai,59.4
1788081240,gpu_temp_c,downstream-gpu-worker-0,0,NVIDIA L4,suse-ai,48.1
1788081300,gpu_util_pct,downstream-gpu-worker-0,0,NVIDIA L4,suse-ai,62
1788081300,tensor_active_fraction,downstream-gpu-worker-0,0,NVIDIA L4,suse-ai,0.483
1788081300,fb_used_mib,downstream-gpu-worker-0,0,NVIDIA L4,suse-ai,12955
1788081300,power_usage_w,downstream-gpu-worker-0,0,NVIDIA L4,suse-ai,66.1
1788081300,gpu_temp_c,downstream-gpu-worker-0,0,NVIDIA L4,suse-ai,54.0
1788081360,gpu_util_pct,downstream-gpu-worker-0,0,NVIDIA L4,suse-ai,42
1788081360,tensor_active_fraction,downstream-gpu-worker-0,0,NVIDIA L4,suse-ai,0.305
1788081360,fb_used_mib,downstream-gpu-worker-0,0,NVIDIA L4,suse-ai,8990
1788081360,power_usage_w,downstream-gpu-worker-0,0,NVIDIA L4,suse-ai,50.8
1788081360,gpu_temp_c,downstream-gpu-worker-0,0,NVIDIA L4,suse-ai,48.5
1788081420,gpu_util_pct,downstream-gpu-worker-0,0,NVIDIA L4,suse-ai,11
1788081420,tensor_active_fraction,downstream-gpu-worker-0,0,NVIDIA L4,suse-ai,0.065
1788081420,fb_used_mib,downstream-gpu-worker-0,0,NVIDIA L4,suse-ai,3174
1788081420,power_usage_w,downstream-gpu-worker-0,0,NVIDIA L4,suse-ai,32.1
1788081420,gpu_temp_c,downstream-gpu-worker-0,0,NVIDIA L4,suse-ai,38.2
1788081480,gpu_util_pct,downstream-gpu-worker-0,0,NVIDIA L4,suse-ai,3
1788081480,tensor_active_fraction,downstream-gpu-worker-0,0,NVIDIA L4,suse-ai,0.026
1788081480,fb_used_mib,downstream-gpu-worker-0,0,NVIDIA L4,suse-ai,1891
1788081480,power_usage_w,downstream-gpu-worker-0,0,NVIDIA L4,suse-ai,29.4
1788081480,gpu_temp_c,downstream-gpu-worker-0,0,NVIDIA L4,suse-ai,36.3
1788081540,gpu_util_pct,downstream-gpu-worker-0,0,NVIDIA L4,suse-ai,9
1788081540,tensor_active_fraction,downstream-gpu-worker-0,0,NVIDIA L4,suse-ai,0.097
1788081540,fb_used_mib,downstream-gpu-worker-0,0,NVIDIA L4,suse-ai,3747
1788081540,power_usage_w,downstream-gpu-worker-0,0,NVIDIA L4,suse-ai,34.7
1788081540,gpu_temp_c,downstream-gpu-worker-0,0,NVIDIA L4,suse-ai,37.5
1788081600,gpu_util_pct,downstream-gpu-worker-0,0,NVIDIA L4,suse-ai,0
1788081600,tensor_active_fraction,downstream-gpu-worker-0,0,NVIDIA L4,suse-ai,0.078
1788081600,fb_used_mib,downstream-gpu-worker-0,0,NVIDIA L4,suse-ai,2947
1788081600,power_usage_w,downstream-gpu-worker-0,0,NVIDIA L4,suse-ai,31.6
1788081600,gpu_temp_c,downstream-gpu-worker-0,0,NVIDIA L4,suse-ai,35.1
1788081660,gpu_util_pct,downstream-gpu-worker-0,0,NVIDIA L4,suse-ai,0
1788081660,tensor_active_fraction,downstream-gpu-worker-0,0,NVIDIA L4,suse-ai,0.04
1788081660,fb_used_mib,downstream-gpu-worker-0,0,NVIDIA L4,suse-ai,1824
1788081660,power_usage_w,downstream-gpu-worker-0,0,NVIDIA L4,suse-ai,31.5
1788081660,gpu_temp_c,downstream-gpu-worker-0,0,NVIDIA L4,suse-ai,34.7
1788081720,gpu_util_pct,downstream-gpu-worker-0,0,NVIDIA L4,suse-ai,51
1788081720,tensor_active_fraction,downstream-gpu-worker-0,0,NVIDIA L4,suse-ai,0.37
1788081720,fb_used_mib,downstream-gpu-worker-0,0,NVIDIA L4,suse-ai,10645
1788081720,power_usage_w,downstream-gpu-worker-0,0,NVIDIA L4,suse-ai,59.2
1788081720,gpu_temp_c,downstream-gpu-worker-0,0,NVIDIA L4,suse-ai,48.4
1788081780,gpu_util_pct,downstream-gpu-worker-0,0,NVIDIA L4,suse-ai,61
1788081780,tensor_active_fraction,downstream-gpu-worker-0,0,NVIDIA L4,suse-ai,0.472
1788081780,fb_used_mib,downstream-gpu-worker-0,0,NVIDIA L4,suse-ai,12217
1788081780,power_usage_w,downstream-gpu-worker-0,0,NVIDIA L4,suse-ai,66.7
1788081780,gpu_temp_c,downstream-gpu-worker-0,0,NVIDIA L4,suse-ai,52.2
1788081840,gpu_util_pct,downstream-gpu-worker-0,0,NVIDIA L4,suse-ai,50
1788081840,tensor_active_fraction,downstream-gpu-worker-0,0,NVIDIA L4,suse-ai,0.404
1788081840,fb_used_mib,downstream-gpu-worker-0,0,NVIDIA L4,suse-ai,11531
1788081840,power_usage_w,downstream-gpu-worker-0,0,NVIDIA L4,suse-ai,60.6
1788081840,gpu_temp_c,downstream-gpu-worker-0,0,NVIDIA L4,suse-ai,49.9
1788081900,gpu_util_pct,downstream-gpu-worker-0,0,NVIDIA L4,suse-ai,29
1788081900,tensor_active_fraction,downstream-gpu-worker-0,0,NVIDIA L4,suse-ai,0.256
1788081900,fb_used_mib,downstream-gpu-worker-0,0,NVIDIA L4,suse-ai,7098
1788081900,power_usage_w,downstream-gpu-worker-0,0,NVIDIA L4,suse-ai,45.4
1788081900,gpu_temp_c,downstream-gpu-worker-0,0,NVIDIA L4,suse-ai,44.4
1788081960,gpu_util_pct,downstream-gpu-worker-0,0,NVIDIA L4,suse-ai,25
1788081960,tensor_active_fraction,downstream-gpu-worker-0,0,NVIDIA L4,suse-ai,0.151
1788081960,fb_used_mib,downstream-gpu-worker-0,0,NVIDIA L4,suse-ai,5918
1788081960,power_usage_w,downstream-gpu-worker-0,0,NVIDIA L4,suse-ai,45.3
1788081960,gpu_temp_c,downstream-gpu-worker-0,0,NVIDIA L4,suse-ai,40.9
1788082020,gpu_util_pct,downstream-gpu-worker-0,0,NVIDIA L4,suse-ai,66
1788082020,tensor_active_fraction,downstream-gpu-worker-0,0,NVIDIA L4,suse-ai,0.497
1788082020,fb_used_mib,downstream-gpu-worker-0,0,NVIDIA L4,suse-ai,14048
1788082020,power_usage_w,downstream-gpu-worker-0,0,NVIDIA L4,suse-ai,69.2
1788082020,gpu_temp_c,downstream-gpu-worker-0,0,NVIDIA L4,suse-ai,56.7
1788082080,gpu_util_pct,downstream-gpu-worker-0,0,NVIDIA L4,suse-ai,70
1788082080,tensor_active_fraction,downstream-gpu-worker-0,0,NVIDIA L4,suse-ai,0.524
1788082080,fb_used_mib,downstream-gpu-worker-0,0,NVIDIA L4,suse-ai,14201
1788082080,power_usage_w,downstream-gpu-worker-0,0,NVIDIA L4,suse-ai,68.1
1788082080,gpu_temp_c,downstream-gpu-worker-0,0,NVIDIA L4,suse-ai,54.6
1788082140,gpu_util_pct,downstream-gpu-worker-0,0,NVIDIA L4,suse-ai,27
1788082140,tensor_active_fraction,downstream-gpu-worker-0,0,NVIDIA L4,suse-ai,0.228
1788082140,fb_used_mib,downstream-gpu-worker-0,0,NVIDIA L4,suse-ai,6088
1788082140,power_usage_w,downstream-gpu-worker-0,0,NVIDIA L4,suse-ai,46.8
1788082140,gpu_temp_c,downstream-gpu-worker-0,0,NVIDIA L4,suse-ai,40.9
1788082200,gpu_util_pct,downstream-gpu-worker-0,0,NVIDIA L4,suse-ai,0
1788082200,tensor_active_fraction,downstream-gpu-worker-0,0,NVIDIA L4,suse-ai,0.0
1788082200,fb_used_mib,downstream-gpu-worker-0,0,NVIDIA L4,suse-ai,1879
1788082200,power_usage_w,downstream-gpu-worker-0,0,NVIDIA L4,suse-ai,30.0
1788082200,gpu_temp_c,downstream-gpu-worker-0,0,NVIDIA L4,suse-ai,33.6
1788082260,gpu_util_pct,downstream-gpu-worker-0,0,NVIDIA L4,suse-ai,66
1788082260,tensor_active_fraction,downstream-gpu-worker-0,0,NVIDIA L4,suse-ai,0.481
1788082260,fb_used_mib,downstream-gpu-worker-0,0,NVIDIA L4,suse-ai,13197
1788082260,power_usage_w,downstream-gpu-worker-0,0,NVIDIA L4,suse-ai,68.4
1788082260,gpu_temp_c,downstream-gpu-worker-0,0,NVIDIA L4,suse-ai,53.9
1788082320,gpu_util_pct,downstream-gpu-worker-0,0,NVIDIA L4,suse-ai,27
1788082320,tensor_active_fraction,downstream-gpu-worker-0,0,NVIDIA L4,suse-ai,0.187
1788082320,fb_used_mib,downstream-gpu-worker-0,0,NVIDIA L4,suse-ai,6298
1788082320,power_usage_w,downstream-gpu-worker-0,0,NVIDIA L4,suse-ai,43.2
1788082320,gpu_temp_c,downstream-gpu-worker-0,0,NVIDIA L4,suse-ai,40.5
1788082380,gpu_util_pct,downstream-gpu-worker-0,0,NVIDIA L4,suse-ai,77
1788082380,tensor_active_fraction,downstream-gpu-worker-0,0,NVIDIA L4,suse-ai,0.614
1788082380,fb_used_mib,downstream-gpu-worker-0,0,NVIDIA L4,suse-ai,15430
1788082380,power_usage_w,downstream-gpu-worker-0,0,NVIDIA L4,suse-ai,75.4
1788082380,gpu_temp_c,downstream-gpu-worker-0,0,NVIDIA L4,suse-ai,57.6
1788082440,gpu_util_pct,downstream-gpu-worker-0,0,NVIDIA L4,suse-ai,1
1788082440,tensor_active_fraction,downstream-gpu-worker-0,0,NVIDIA L4,suse-ai,0.058
1788082440,fb_used_mib,downstream-gpu-worker-0,0,NVIDIA L4,suse-ai,2322
1788082440,power_usage_w,downstream-gpu-worker-0,0,NVIDIA L4,suse-ai,29.9
1788082440,gpu_temp_c,downstream-gpu-worker-0,0,NVIDIA L4,suse-ai,34.7
1788082500,gpu_util_pct,downstream-gpu-worker-0,0,NVIDIA L4,suse-ai,43
1788082500,tensor_active_fraction,downstream-gpu-worker-0,0,NVIDIA L4,suse-ai,0.345
1788082500,fb_used_mib,downstream-gpu-worker-0,0,NVIDIA L4,suse-ai,9560
1788082500,power_usage_w,downstream-gpu-worker-0,0,NVIDIA L4,suse-ai,54.2
1788082500,gpu_temp_c,downstream-gpu-worker-0,0,NVIDIA L4,suse-ai,47.1
1788082560,gpu_util_pct,downstream-gpu-worker-0,0,NVIDIA L4,suse-ai,45
1788082560,tensor_active_fraction,downstream-gpu-worker-0,0,NVIDIA L4,suse-ai,0.399
1788082560,fb_used_mib,downstream-gpu-worker-0,0,NVIDIA L4,suse-ai,10817
1788082560,power_usage_w,downstream-gpu-worker-0,0,NVIDIA L4,suse-ai,56.5
1788082560,gpu_temp_c,downstream-gpu-worker-0,0,NVIDIA L4,suse-ai,49.2
1788082620,gpu_util_pct,downstream-gpu-worker-0,0,NVIDIA L4,suse-ai,9
1788082620,tensor_active_fraction,downstream-gpu-worker-0,0,NVIDIA L4,suse-ai,0.053
1788082620,fb_used_mib,downstream-gpu-worker-0,0,NVIDIA L4,suse-ai,2937
1788082620,power_usage_w,downstream-gpu-worker-0,0,NVIDIA L4,suse-ai,35.0
1788082620,gpu_temp_c,downstream-gpu-worker-0,0,NVIDIA L4,suse-ai,36.8
1788082680,gpu_util_pct,downstream-gpu-worker-0,0,NVIDIA L4,suse-ai,71
1788082680,tensor_active_fraction,downstream-gpu-worker-0,0,NVIDIA L4,suse-ai,0.544
1788082680,fb_used_mib,downstream-gpu-worker-0,0,NVIDIA L4,suse-ai,14678
1788082680,power_usage_w,downstream-gpu-worker-0,0,NVIDIA L4,suse-ai,74.2
1788082680,gpu_temp_c,downstream-gpu-worker-0,0,NVIDIA L4,suse-ai,57.0
1788082740,gpu_util_pct,downstream-gpu-worker-0,0,NVIDIA L4,suse-ai,76
1788082740,tensor_active_fraction,downstream-gpu-worker-0,0,NVIDIA L4,suse-ai,0.595
1788082740,fb_used_mib,downstream-gpu-worker-0,0,NVIDIA L4,suse-ai,14789
1788082740,power_usage_w,downstream-gpu-worker-0,0,NVIDIA L4,suse-ai,75.0
1788082740,gpu_temp_c,downstream-gpu-worker-0,0,NVIDIA L4,suse-ai,57.1
1788082800,gpu_util_pct,downstream-gpu-worker-0,0,NVIDIA L4,suse-ai,44
1788082800,tensor_active_fraction,downstream-gpu-worker-0,0,NVIDIA L4,suse-ai,0.304
1788082800,fb_used_mib,downstream-gpu-worker-0,0,NVIDIA L4,suse-ai,9434
1788082800,power_usage_w,downstream-gpu-worker-0,0,NVIDIA L4,suse-ai,57.0
1788082800,gpu_temp_c,downstream-gpu-worker-0,0,NVIDIA L4,suse-ai,46.6
1788082860,gpu_util_pct,downstream-gpu-worker-0,0,NVIDIA L4,suse-ai,68
1788082860,tensor_active_fraction,downstream-gpu-worker-0,0,NVIDIA L4,suse-ai,0.516
1788082860,fb_used_mib,downstream-gpu-worker-0,0,NVIDIA L4,suse-ai,14336
1788082860,power_usage_w,downstream-gpu-worker-0,0,NVIDIA L4,suse-ai,71.5
1788082860,gpu_temp_c,downstream-gpu-worker-0,0,NVIDIA L4,suse-ai,55.5
1788082920,gpu_util_pct,downstream-gpu-worker-0,0,NVIDIA L4,suse-ai,76
1788082920,tensor_active_fraction,downstream-gpu-worker-0,0,NVIDIA L4,suse-ai,0.591
1788082920,fb_used_mib,downstream-gpu-worker-0,0,NVIDIA L4,suse-ai,14615
1788082920,power_usage_w,downstream-gpu-worker-0,0,NVIDIA L4,suse-ai,72.0
1788082920,gpu_temp_c,downstream-gpu-worker-0,0,NVIDIA L4,suse-ai,55.1
1788082980,gpu_util_pct,downstream-gpu-worker-0,0,NVIDIA L4,suse-ai,60
1788082980,tensor_active_fraction,downstream-gpu-worker-0,0,NVIDIA L4,suse-ai,0.448
1788082980,fb_used_mib,downstream-gpu-worker-0,0,NVIDIA L4,suse-ai,12504
1788082980,power_usage_w,downstream-gpu-worker-0,0,NVIDIA L4,suse-ai,64.5
1788082980,gpu_temp_c,downstream-gpu-worker-0,0,NVIDIA L4,suse-ai,51.2
1788083040,gpu_util_pct,downstream-gpu-worker-0,0,NVIDIA L4,suse-ai,0
1788083040,tensor_active_fraction,downstream-gpu-worker-0,0,NVIDIA L4,suse-ai,0.012
1788083040,fb_used_mib,downstream-gpu-worker-0,0,NVIDIA L4,suse-ai,2025
1788083040,power_usage_w,downstream-gpu-worker-0,0,NVIDIA L4,suse-ai,31.7
1788083040,gpu_temp_c,downstream-gpu-worker-0,0,NVIDIA L4,suse-ai,36.8
1788083100,gpu_util_pct,downstream-gpu-worker-0,0,NVIDIA L4,suse-ai,27
1788083100,tensor_active_fraction,downstream-gpu-worker-0,0,NVIDIA L4,suse-ai,0.266
1788083100,fb_used_mib,downstream-gpu-worker-0,0,NVIDIA L4,suse-ai,6996
1788083100,power_usage_w,downstream-gpu-worker-0,0,NVIDIA L4,suse-ai,48.9
1788083100,gpu_temp_c,downstream-gpu-worker-0,0,NVIDIA L4,suse-ai,42.3
1788083160,gpu_util_pct,downstream-gpu-worker-0,0,NVIDIA L4,suse-ai,75
1788083160,tensor_active_fraction,downstream-gpu-worker-0,0,NVIDIA L4,suse-ai,0.57
1788083160,fb_used_mib,downstream-gpu-worker-0,0,NVIDIA L4,suse-ai,15118
1788083160,power_usage_w,downstream-gpu-worker-0,0,NVIDIA L4,suse-ai,76.6
1788083160,gpu_temp_c,downstream-gpu-worker-0,0,NVIDIA L4,suse-ai,57.3
1788083220,gpu_util_pct,downstream-gpu-worker-0,0,NVIDIA L4,suse-ai,28
1788083220,tensor_active_fraction,downstream-gpu-worker-0,0,NVIDIA L4,suse-ai,0.231
1788083220,fb_used_mib,downstream-gpu-worker-0,0,NVIDIA L4,suse-ai,7557
1788083220,power_usage_w,downstream-gpu-worker-0,0,NVIDIA L4,suse-ai,50.4
1788083220,gpu_temp_c,downstream-gpu-worker-0,0,NVIDIA L4,suse-ai,43.3
1788083280,gpu_util_pct,downstream-gpu-worker-0,0,NVIDIA L4,suse-ai,0
1788083280,tensor_active_fraction,downstream-gpu-worker-0,0,NVIDIA L4,suse-ai,0.0
1788083280,fb_used_mib,downstream-gpu-worker-0,0,NVIDIA L4,suse-ai,2058
1788083280,power_usage_w,downstream-gpu-worker-0,0,NVIDIA L4,suse-ai,29.5
1788083280,gpu_temp_c,downstream-gpu-worker-0,0,NVIDIA L4,suse-ai,34.5
1788083340,gpu_util_pct,downstream-gpu-worker-0,0,NVIDIA L4,suse-ai,64
1788083340,tensor_active_fraction,downstream-gpu-worker-0,0,NVIDIA L4,suse-ai,0.465
1788083340,fb_used_mib,downstream-gpu-worker-0,0,NVIDIA L4,suse-ai,12528
1788083340,power_usage_w,downstream-gpu-worker-0,0,NVIDIA L4,suse-ai,63.2
1788083340,gpu_temp_c,downstream-gpu-worker-0,0,NVIDIA L4,suse-ai,52.4
1788083400,gpu_util_pct,downstream-gpu-worker-0,0,NVIDIA L4,suse-ai,15
1788083400,tensor_active_fraction,downstream-gpu-worker-0,0,NVIDIA L4,suse-ai,0.08
1788083400,fb_used_mib,downstream-gpu-worker-0,0,NVIDIA L4,suse-ai,3782
1788083400,power_usage_w,downstream-gpu-worker-0,0,NVIDIA L4,suse-ai,37.0
1788083400,gpu_temp_c,downstream-gpu-worker-0,0,NVIDIA L4,suse-ai,37.3
1788083460,gpu_util_pct,downstream-gpu-worker-0,0,NVIDIA L4,suse-ai,37
1788083460,tensor_active_fraction,downstream-gpu-worker-0,0,NVIDIA L4,suse-ai,0.264
1788083460,fb_used_mib,downstream-gpu-worker-0,0,NVIDIA L4,suse-ai,8852
1788083460,power_usage_w,downstream-gpu-worker-0,0,NVIDIA L4,suse-ai,52.4
1788083460,gpu_temp_c,downstream-gpu-worker-0,0,NVIDIA L4,suse-ai,46.6
1788083520,gpu_util_pct,downstream-gpu-worker-0,0,NVIDIA L4,suse-ai,3
1788083520,tensor_active_fraction,downstream-gpu-worker-0,0,NVIDIA L4,suse-ai,0.0
1788083520,fb_used_mib,downstream-gpu-worker-0,0,NVIDIA L4,suse-ai,1810
1788083520,power_usage_w,downstream-gpu-worker-0,0,NVIDIA L4,suse-ai,29.6
1788083520,gpu_temp_c,downstream-gpu-worker-0,0,NVIDIA L4,suse-ai,34.3
1788083580,gpu_util_pct,downstream-gpu-worker-0,0,NVIDIA L4,suse-ai,1
1788083580,tensor_active_fraction,downstream-gpu-worker-0,0,NVIDIA L4,suse-ai,0.026
1788083580,fb_used_mib,downstream-gpu-worker-0,0,NVIDIA L4,suse-ai,2057
1788083580,power_usage_w,downstream-gpu-worker-0,0,NVIDIA L4,suse-ai,28.9
1788083580,gpu_temp_c,downstream-gpu-worker-0,0,NVIDIA L4,suse-ai,36.0
1788083640,gpu_util_pct,downstream-gpu-worker-0,0,NVIDIA L4,suse-ai,0
1788083640,tensor_active_fraction,downstream-gpu-worker-0,0,NVIDIA L4,suse-ai,0.022
1788083640,fb_used_mib,downstream-gpu-worker-0,0,NVIDIA L4,suse-ai,2085
1788083640,power_usage_w,downstream-gpu-worker-0,0,NVIDIA L4,suse-ai,30.0
1788083640,gpu_temp_c,downstream-gpu-worker-0,0,NVIDIA L4,suse-ai,36.7
1788083700,gpu_util_pct,downstream-gpu-worker-0,0,NVIDIA L4,suse-ai,0
1788083700,tensor_active_fraction,downstream-gpu-worker-0,0,NVIDIA L4,suse-ai,0.0
1788083700,fb_used_mib,downstream-gpu-worker-0,0,NVIDIA L4,suse-ai,2086
1788083700,power_usage_w,downstream-gpu-worker-0,0,NVIDIA L4,suse-ai,27.6
1788083700,gpu_temp_c,downstream-gpu-worker-0,0,NVIDIA L4,suse-ai,34.4
1788083760,gpu_util_pct,downstream-gpu-worker-0,0,NVIDIA L4,suse-ai,11
1788083760,tensor_active_fraction,downstream-gpu-worker-0,0,NVIDIA L4,suse-ai,0.103
1788083760,fb_used_mib,downstream-gpu-worker-0,0,NVIDIA L4,suse-ai,4501
1788083760,power_usage_w,downstream-gpu-worker-0,0,NVIDIA L4,suse-ai,38.3
1788083760,gpu_temp_c,downstream-gpu-worker-0,0,NVIDIA L4,suse-ai,37.7
1788083820,gpu_util_pct,downstream-gpu-worker-0,0,NVIDIA L4,suse-ai,24
1788083820,tensor_active_fraction,downstream-gpu-worker-0,0,NVIDIA L4,suse-ai,0.188
1788083820,fb_used_mib,downstream-gpu-worker-0,0,NVIDIA L4,suse-ai,5819
1788083820,power_usage_w,downstream-gpu-worker-0,0,NVIDIA L4,suse-ai,40.2
1788083820,gpu_temp_c,downstream-gpu-worker-0,0,NVIDIA L4,suse-ai,40.2
1788083880,gpu_util_pct,downstream-gpu-worker-0,0,NVIDIA L4,suse-ai,3
1788083880,tensor_active_fraction,downstream-gpu-worker-0,0,NVIDIA L4,suse-ai,0.037
1788083880,fb_used_mib,downstream-gpu-worker-0,0,NVIDIA L4,suse-ai,1891
1788083880,power_usage_w,downstream-gpu-worker-0,0,NVIDIA L4,suse-ai,27.3
1788083880,gpu_temp_c,downstream-gpu-worker-0,0,NVIDIA L4,suse-ai,35.7
1788083940,gpu_util_pct,downstream-gpu-worker-0,0,NVIDIA L4,suse-ai,1
1788083940,tensor_active_fraction,downstream-gpu-worker-0,0,NVIDIA L4,suse-ai,0.02
1788083940,fb_used_mib,downstream-gpu-worker-0,0,NVIDIA L4,suse-ai,1991
1788083940,power_usage_w,downstream-gpu-worker-0,0,NVIDIA L4,suse-ai,27.3
1788083940,gpu_temp_c,downstream-gpu-worker-0,0,NVIDIA L4,suse-ai,36.0
1788084000,gpu_util_pct,downstream-gpu-worker-0,0,NVIDIA L4,suse-ai,83
1788084000,tensor_active_fraction,downstream-gpu-worker-0,0,NVIDIA L4,suse-ai,0.589
1788084000,fb_used_mib,downstream-gpu-worker-0,0,NVIDIA L4,suse-ai,15994
1788084000,power_usage_w,downstream-gpu-worker-0,0,NVIDIA L4,suse-ai,76.2
1788084000,gpu_temp_c,downstream-gpu-worker-0,0,NVIDIA L4,suse-ai,59.0
1788084060,gpu_util_pct,downstream-gpu-worker-0,0,NVIDIA L4,suse-ai,19
1788084060,tensor_active_fraction,downstream-gpu-worker-0,0,NVIDIA L4,suse-ai,0.13
1788084060,fb_used_mib,downstream-gpu-worker-0,0,NVIDIA L4,suse-ai,5198
1788084060,power_usage_w,downstream-gpu-worker-0,0,NVIDIA L4,suse-ai,42.6
1788084060,gpu_temp_c,downstream-gpu-worker-0,0,NVIDIA L4,suse-ai,40.3
1788084120,gpu_util_pct,downstream-gpu-worker-0,0,NVIDIA L4,suse-ai,0
1788084120,tensor_active_fraction,downstream-gpu-worker-0,0,NVIDIA L4,suse-ai,0.0
1788084120,fb_used_mib,downstream-gpu-worker-0,0,NVIDIA L4,suse-ai,1892
1788084120,power_usage_w,downstream-gpu-worker-0,0,NVIDIA L4,suse-ai,29.9
1788084120,gpu_temp_c,downstream-gpu-worker-0,0,NVIDIA L4,suse-ai,34.4
1788084180,gpu_util_pct,downstream-gpu-worker-0,0,NVIDIA L4,suse-ai,4
1788084180,tensor_active_fraction,downstream-gpu-worker-0,0,NVIDIA L4,suse-ai,0.001
1788084180,fb_used_mib,downstream-gpu-worker-0,0,NVIDIA L4,suse-ai,2132
1788084180,power_usage_w,downstream-gpu-worker-0,0,NVIDIA L4,suse-ai,29.4
1788084180,gpu_temp_c,downstream-gpu-worker-0,0,NVIDIA L4,suse-ai,33.6
1788084240,gpu_util_pct,downstream-gpu-worker-0,0,NVIDIA L4,suse-ai,1
1788084240,tensor_active_fraction,downstream-gpu-worker-0,0,NVIDIA L4,suse-ai,0.012
1788084240,fb_used_mib,downstream-gpu-worker-0,0,NVIDIA L4,suse-ai,1906
1788084240,power_usage_w,downstream-gpu-worker-0,0,NVIDIA L4,suse-ai,29.2
1788084240,gpu_temp_c,downstream-gpu-worker-0,0,NVIDIA L4,suse-ai,34.6
1788084300,gpu_util_pct,downstream-gpu-worker-0,0,NVIDIA L4,suse-ai,69
1788084300,tensor_active_fraction,downstream-gpu-worker-0,0,NVIDIA L4,suse-ai,0.506
1788084300,fb_used_mib,downstream-gpu-worker-0,0,NVIDIA L4,suse-ai,13802
1788084300,power_usage_w,downstream-gpu-worker-0,0,NVIDIA L4,suse-ai,72.1
1788084300,gpu_temp_c,downstream-gpu-worker-0,0,NVIDIA L4,suse-ai,54.4
1788084360,gpu_util_pct,downstream-gpu-worker-0,0,NVIDIA L4,suse-ai,46
1788084360,tensor_active_fraction,downstream-gpu-worker-0,0,NVIDIA L4,suse-ai,0.365
1788084360,fb_used_mib,downstream-gpu-worker-0,0,NVIDIA L4,suse-ai,10526
1788084360,power_usage_w,downstream-gpu-worker-0,0,NVIDIA L4,suse-ai,58.8
1788084360,gpu_temp_c,downstream-gpu-worker-0,0,NVIDIA L4,suse-ai,50.0
1788084420,gpu_util_pct,downstream-gpu-worker-0,0,NVIDIA L4,suse-ai,0
1788084420,tensor_active_fraction,downstream-gpu-worker-0,0,NVIDIA L4,suse-ai,0.0
1788084420,fb_used_mib,downstream-gpu-worker-0,0,NVIDIA L4,suse-ai,1843
1788084420,power_usage_w,downstream-gpu-worker-0,0,NVIDIA L4,suse-ai,32.6
1788084420,gpu_temp_c,downstream-gpu-worker-0,0,NVIDIA L4,suse-ai,33.8
1788084480,gpu_util_pct,downstream-gpu-worker-0,0,NVIDIA L4,suse-ai,61
1788084480,tensor_active_fraction,downstream-gpu-worker-0,0,NVIDIA L4,suse-ai,0.446
1788084480,fb_used_mib,downstream-gpu-worker-0,0,NVIDIA L4,suse-ai,12572
1788084480,power_usage_w,downstream-gpu-worker-0,0,NVIDIA L4,suse-ai,63.3
1788084480,gpu_temp_c,downstream-gpu-worker-0,0,NVIDIA L4,suse-ai,52.9
1788084540,gpu_util_pct,downstream-gpu-worker-0,0,NVIDIA L4,suse-ai,8
1788084540,tensor_active_fraction,downstream-gpu-worker-0,0,NVIDIA L4,suse-ai,0.083
1788084540,fb_used_mib,downstream-gpu-worker-0,0,NVIDIA L4,suse-ai,3425
1788084540,power_usage_w,downstream-gpu-worker-0,0,NVIDIA L4,suse-ai,37.5
1788084540,gpu_temp_c,downstream-gpu-worker-0,0,NVIDIA L4,suse-ai,38.9
1788084600,gpu_util_pct,downstream-gpu-worker-0,0,NVIDIA L4,suse-ai,0
1788084600,tensor_active_fraction,downstream-gpu-worker-0,0,NVIDIA L4,suse-ai,0.0
1788084600,fb_used_mib,downstream-gpu-worker-0,0,NVIDIA L4,suse-ai,2132
1788084600,power_usage_w,downstream-gpu-worker-0,0,NVIDIA L4,suse-ai,32.2
1788084600,gpu_temp_c,downstream-gpu-worker-0,0,NVIDIA L4,suse-ai,33.8
1788084660,gpu_util_pct,downstream-gpu-worker-0,0,NVIDIA L4,suse-ai,78
1788084660,tensor_active_fraction,downstream-gpu-worker-0,0,NVIDIA L4,suse-ai,0.615
1788084660,fb_used_mib,downstream-gpu-worker-0,0,NVIDIA L4,suse-ai,16420
1788084660,power_usage_w,downstream-gpu-worker-0,0,NVIDIA L4,suse-ai,78.0
1788084660,gpu_temp_c,downstream-gpu-worker-0,0,NVIDIA L4,suse-ai,57.4
1788084720,gpu_util_pct,downstream-gpu-worker-0,0,NVIDIA L4,suse-ai,30
1788084720,tensor_active_fraction,downstream-gpu-worker-0,0,NVIDIA L4,suse-ai,0.211
1788084720,fb_used_mib,downstream-gpu-worker-0,0,NVIDIA L4,suse-ai,7430
1788084720,power_usage_w,downstream-gpu-worker-0,0,NVIDIA L4,suse-ai,49.6
1788084720,gpu_temp_c,downstream-gpu-worker-0,0,NVIDIA L4,suse-ai,42.7
1788084780,gpu_util_pct,downstream-gpu-worker-0,0,NVIDIA L4,suse-ai,47
1788084780,tensor_active_fraction,downstream-gpu-worker-0,0,NVIDIA L4,suse-ai,0.378
1788084780,fb_used_mib,downstream-gpu-worker-0,0,NVIDIA L4,suse-ai,9757
1788084780,power_usage_w,downstream-gpu-worker-0,0,NVIDIA L4,suse-ai,57.8
1788084780,gpu_temp_c,downstream-gpu-worker-0,0,NVIDIA L4,suse-ai,49.6
1788084840,gpu_util_pct,downstream-gpu-worker-0,0,NVIDIA L4,suse-ai,76
1788084840,tensor_active_fraction,downstream-gpu-worker-0,0,NVIDIA L4,suse-ai,0.608
1788084840,fb_used_mib,downstream-gpu-worker-0,0,NVIDIA L4,suse-ai,15983
1788084840,power_usage_w,downstream-gpu-worker-0,0,NVIDIA L4,suse-ai,74.5
1788084840,gpu_temp_c,downstream-gpu-worker-0,0,NVIDIA L4,suse-ai,56.5
1788084900,gpu_util_pct,downstream-gpu-worker-0,0,NVIDIA L4,suse-ai,0
1788084900,tensor_active_fraction,downstream-gpu-worker-0,0,NVIDIA L4,suse-ai,0.0
1788084900,fb_used_mib,downstream-gpu-worker-0,0,NVIDIA L4,suse-ai,2151
1788084900,power_usage_w,downstream-gpu-worker-0,0,NVIDIA L4,suse-ai,27.5
1788084900,gpu_temp_c,downstream-gpu-worker-0,0,NVIDIA L4,suse-ai,34.7
1788084960,gpu_util_pct,downstream-gpu-worker-0,0,NVIDIA L4,suse-ai,3
1788084960,tensor_active_fraction,downstream-gpu-worker-0,0,NVIDIA L4,suse-ai,0.04
1788084960,fb_used_mib,downstream-gpu-worker-0,0,NVIDIA L4,suse-ai,1921
1788084960,power_usage_w,downstream-gpu-worker-0,0,NVIDIA L4,suse-ai,28.6
1788084960,gpu_temp_c,downstream-gpu-worker-0,0,NVIDIA L4,suse-ai,36.7
1788085020,gpu_util_pct,downstream-gpu-worker-0,0,NVIDIA L4,suse-ai,76
1788085020,tensor_active_fraction,downstream-gpu-worker-0,0,NVIDIA L4,suse-ai,0.555
1788085020,fb_used_mib,downstream-gpu-worker-0,0,NVIDIA L4,suse-ai,15325
1788085020,power_usage_w,downstream-gpu-worker-0,0,NVIDIA L4,suse-ai,75.3
1788085020,gpu_temp_c,downstream-gpu-worker-0,0,NVIDIA L4,suse-ai,57.7
1788085080,gpu_util_pct,downstream-gpu-worker-0,0,NVIDIA L4,suse-ai,4
1788085080,tensor_active_fraction,downstream-gpu-worker-0,0,NVIDIA L4,suse-ai,0.0
1788085080,fb_used_mib,downstream-gpu-worker-0,0,NVIDIA L4,suse-ai,1806
1788085080,power_usage_w,downstream-gpu-worker-0,0,NVIDIA L4,suse-ai,27.5
1788085080,gpu_temp_c,downstream-gpu-worker-0,0,NVIDIA L4,suse-ai,33.9
1788085140,gpu_util_pct,downstream-gpu-worker-0,0,NVIDIA L4,suse-ai,72
1788085140,tensor_active_fraction,downstream-gpu-worker-0,0,NVIDIA L4,suse-ai,0.576
1788085140,fb_used_mib,downstream-gpu-worker-0,0,NVIDIA L4,suse-ai,14746
1788085140,power_usage_w,downstream-gpu-worker-0,0,NVIDIA L4,suse-ai,74.0
1788085140,gpu_temp_c,downstream-gpu-worker-0,0,NVIDIA L4,suse-ai,56.3
1788085200,gpu_util_pct,downstream-gpu-worker-0,0,NVIDIA L4,suse-ai,52
1788085200,tensor_active_fraction,downstream-gpu-worker-0,0,NVIDIA L4,suse-ai,0.404
1788085200,fb_used_mib,downstream-gpu-worker-0,0,NVIDIA L4,suse-ai,12137
1788085200,power_usage_w,downstream-gpu-worker-0,0,NVIDIA L4,suse-ai,60.7
1788085200,gpu_temp_c,downstream-gpu-worker-0,0,NVIDIA L4,suse-ai,51.8
1788085260,gpu_util_pct,downstream-gpu-worker-0,0,NVIDIA L4,suse-ai,66
1788085260,tensor_active_fraction,downstream-gpu-worker-0,0,NVIDIA L4,suse-ai,0.584
1788085260,fb_used_mib,downstream-gpu-worker-0,0,NVIDIA L4,suse-ai,14107
1788085260,power_usage_w,downstream-gpu-worker-0,0,NVIDIA L4,suse-ai,67.5
1788085260,gpu_temp_c,downstream-gpu-worker-0,0,NVIDIA L4,suse-ai,53.4
1788085320,gpu_util_pct,downstream-gpu-worker-0,0,NVIDIA L4,suse-ai,58
1788085320,tensor_active_fraction,downstream-gpu-worker-0,0,NVIDIA L4,suse-ai,0.461
1788085320,fb_used_mib,downstream-gpu-worker-0,0,NVIDIA L4,suse-ai,12850
1788085320,power_usage_w,downstream-gpu-worker-0,0,NVIDIA L4,suse-ai,68.0
1788085320,gpu_temp_c,downstream-gpu-worker-0,0,NVIDIA L4,suse-ai,51.2
1788085380,gpu_util_pct,downstream-gpu-worker-0,0,NVIDIA L4,suse-ai,8
1788085380,tensor_active_fraction,downstream-gpu-worker-0,0,NVIDIA L4,suse-ai,0.008
1788085380,fb_used_mib,downstream-gpu-worker-0,0,NVIDIA L4,suse-ai,2751
1788085380,power_usage_w,downstream-gpu-worker-0,0,NVIDIA L4,suse-ai,29.6
1788085380,gpu_temp_c,downstream-gpu-worker-0,0,NVIDIA L4,suse-ai,36.9
1788085440,gpu_util_pct,downstream-gpu-worker-0,0,NVIDIA L4,suse-ai,76
1788085440,tensor_active_fraction,downstream-gpu-worker-0,0,NVIDIA L4,suse-ai,0.571
1788085440,fb_used_mib,downstream-gpu-worker-0,0,NVIDIA L4,suse-ai,15178
1788085440,power_usage_w,downstream-gpu-worker-0,0,NVIDIA L4,suse-ai,73.3
1788085440,gpu_temp_c,downstream-gpu-worker-0,0,NVIDIA L4,suse-ai,55.6
1788085500,gpu_util_pct,downstream-gpu-worker-0,0,NVIDIA L4,suse-ai,65
1788085500,tensor_active_fraction,downstream-gpu-worker-0,0,NVIDIA L4,suse-ai,0.542
1788085500,fb_used_mib,downstream-gpu-worker-0,0,NVIDIA L4,suse-ai,14543
1788085500,power_usage_w,downstream-gpu-worker-0,0,NVIDIA L4,suse-ai,71.4
1788085500,gpu_temp_c,downstream-gpu-worker-0,0,NVIDIA L4,suse-ai,55.7
1788085560,gpu_util_pct,downstream-gpu-worker-0,0,NVIDIA L4,suse-ai,2
1788085560,tensor_active_fraction,downstream-gpu-worker-0,0,NVIDIA L4,suse-ai,0.0
1788085560,fb_used_mib,downstream-gpu-worker-0,0,NVIDIA L4,suse-ai,2020
1788085560,power_usage_w,downstream-gpu-worker-0,0,NVIDIA L4,suse-ai,27.9
1788085560,gpu_temp_c,downstream-gpu-worker-0,0,NVIDIA L4,suse-ai,35.9
1788085620,gpu_util_pct,downstream-gpu-worker-0,0,NVIDIA L4,suse-ai,9
1788085620,tensor_active_fraction,downstream-gpu-worker-0,0,NVIDIA L4,suse-ai,0.091
1788085620,fb_used_mib,downstream-gpu-worker-0,0,NVIDIA L4,suse-ai,4250
1788085620,power_usage_w,downstream-gpu-worker-0,0,NVIDIA L4,suse-ai,36.6
1788085620,gpu_temp_c,downstream-gpu-worker-0,0,NVIDIA L4,suse-ai,37.9
1788085680,gpu_util_pct,downstream-gpu-worker-0,0,NVIDIA L4,suse-ai,68
1788085680,tensor_active_fraction,downstream-gpu-worker-0,0,NVIDIA L4,suse-ai,0.526
1788085680,fb_used_mib,downstream-gpu-worker-0,0,NVIDIA L4,suse-ai,13865
1788085680,power_usage_w,downstream-gpu-worker-0,0,NVIDIA L4,suse-ai,68.7
1788085680,gpu_temp_c,downstream-gpu-worker-0,0,NVIDIA L4,suse-ai,54.5
1788085740,gpu_util_pct,downstream-gpu-worker-0,0,NVIDIA L4,suse-ai,46
1788085740,tensor_active_fraction,downstream-gpu-worker-0,0,NVIDIA L4,suse-ai,0.317
1788085740,fb_used_mib,downstream-gpu-worker-0,0,NVIDIA L4,suse-ai,9444
1788085740,power_usage_w,downstream-gpu-worker-0,0,NVIDIA L4,suse-ai,54.8
1788085740,gpu_temp_c,downstream-gpu-worker-0,0,NVIDIA L4,suse-ai,48.5
1788085800,gpu_util_pct,downstream-gpu-worker-0,0,NVIDIA L4,suse-ai,68
1788085800,tensor_active_fraction,downstream-gpu-worker-0,0,NVIDIA L4,suse-ai,0.526
1788085800,fb_used_mib,downstream-gpu-worker-0,0,NVIDIA L4,suse-ai,14859
1788085800,power_usage_w,downstream-gpu-worker-0,0,NVIDIA L4,suse-ai,75.0
1788085800,gpu_temp_c,downstream-gpu-worker-0,0,NVIDIA L4,suse-ai,56.9
1788085860,gpu_util_pct,downstream-gpu-worker-0,0,NVIDIA L4,suse-ai,42
1788085860,tensor_active_fraction,downstream-gpu-worker-0,0,NVIDIA L4,suse-ai,0.364
1788085860,fb_used_mib,downstream-gpu-worker-0,0,NVIDIA L4,suse-ai,9304
1788085860,power_usage_w,downstream-gpu-worker-0,0,NVIDIA L4,suse-ai,56.6
1788085860,gpu_temp_c,downstream-gpu-worker-0,0,NVIDIA L4,suse-ai,46.0
1788085920,gpu_util_pct,downstream-gpu-worker-0,0,NVIDIA L4,suse-ai,63
1788085920,tensor_active_fraction,downstream-gpu-worker-0,0,NVIDIA L4,suse-ai,0.55
1788085920,fb_used_mib,downstream-gpu-worker-0,0,NVIDIA L4,suse-ai,13779
1788085920,power_usage_w,downstream-gpu-worker-0,0,NVIDIA L4,suse-ai,69.3
1788085920,gpu_temp_c,downstream-gpu-worker-0,0,NVIDIA L4,suse-ai,53.4
1788085980,gpu_util_pct,downstream-gpu-worker-0,0,NVIDIA L4,suse-ai,26
1788085980,tensor_active_fraction,downstream-gpu-worker-0,0,NVIDIA L4,suse-ai,0.202
1788085980,fb_used_mib,downstream-gpu-worker-0,0,NVIDIA L4,suse-ai,7230
1788085980,power_usage_w,downstream-gpu-worker-0,0,NVIDIA L4,suse-ai,50.7
1788085980,gpu_temp_c,downstream-gpu-worker-0,0,NVIDIA L4,suse-ai,44.7
1788086040,gpu_util_pct,downstream-gpu-worker-0,0,NVIDIA L4,suse-ai,0
1788086040,tensor_active_fraction,downstream-gpu-worker-0,0,NVIDIA L4,suse-ai,0.021
1788086040,fb_used_mib,downstream-gpu-worker-0,0,NVIDIA L4,suse-ai,1934
1788086040,power_usage_w,downstream-gpu-worker-0,0,NVIDIA L4,suse-ai,27.7
1788086040,gpu_temp_c,downstream-gpu-worker-0,0,NVIDIA L4,suse-ai,35.9
1788086100,gpu_util_pct,downstream-gpu-worker-0,0,NVIDIA L4,suse-ai,65
1788086100,tensor_active_fraction,downstream-gpu-worker-0,0,NVIDIA L4,suse-ai,0.504
1788086100,fb_used_mib,downstream-gpu-worker-0,0,NVIDIA L4,suse-ai,13649
1788086100,power_usage_w,downstream-gpu-worker-0,0,NVIDIA L4,suse-ai,68.0
1788086100,gpu_temp_c,downstream-gpu-worker-0,0,NVIDIA L4,suse-ai,54.6
1788086160,gpu_util_pct,downstream-gpu-worker-0,0,NVIDIA L4,suse-ai,61
1788086160,tensor_active_fraction,downstream-gpu-worker-0,0,NVIDIA L4,suse-ai,0.521
1788086160,fb_used_mib,downstream-gpu-worker-0,0,NVIDIA L4,suse-ai,12507
1788086160,power_usage_w,downstream-gpu-worker-0,0,NVIDIA L4,suse-ai,66.3
1788086160,gpu_temp_c,downstream-gpu-worker-0,0,NVIDIA L4,suse-ai,51.3
1788086220,gpu_util_pct,downstream-gpu-worker-0,0,NVIDIA L4,suse-ai,55
1788086220,tensor_active_fraction,downstream-gpu-worker-0,0,NVIDIA L4,suse-ai,0.442
1788086220,fb_used_mib,downstream-gpu-worker-0,0,NVIDIA L4,suse-ai,11616
1788086220,power_usage_w,downstream-gpu-worker-0,0,NVIDIA L4,suse-ai,64.3
1788086220,gpu_temp_c,downstream-gpu-worker-0,0,NVIDIA L4,suse-ai,52.0
1788086280,gpu_util_pct,downstream-gpu-worker-0,0,NVIDIA L4,suse-ai,34
1788086280,tensor_active_fraction,downstream-gpu-worker-0,0,NVIDIA L4,suse-ai,0.255
1788086280,fb_used_mib,downstream-gpu-worker-0,0,NVIDIA L4,suse-ai,7222
1788086280,power_usage_w,downstream-gpu-worker-0,0,NVIDIA L4,suse-ai,49.2
1788086280,gpu_temp_c,downstream-gpu-worker-0,0,NVIDIA L4,suse-ai,43.0
1788086340,gpu_util_pct,downstream-gpu-worker-0,0,NVIDIA L4,suse-ai,1
1788086340,tensor_active_fraction,downstream-gpu-worker-0,0,NVIDIA L4,suse-ai,0.045
1788086340,fb_used_mib,downstream-gpu-worker-0,0,NVIDIA L4,suse-ai,1876
1788086340,power_usage_w,downstream-gpu-worker-0,0,NVIDIA L4,suse-ai,27.1
1788086340,gpu_temp_c,downstream-gpu-worker-0,0,NVIDIA L4,suse-ai,34.2
